PASS src/components/event/__tests__/issue3439CoverTiming.tester.adversarial.test.tsx (87.529 s)
  ● Console

    console.error
      react-test-renderer is deprecated. See https://react.dev/warnings/react-test-renderer

       99 |   const Wizard = kind === "event" ? EventWizard : RsvpWizard;
      100 |   let root!: MountedTree;
    > 101 |   await act(async () => { root = TestRenderer.create(<Wizard draft={initial} brand={null} isCreateMode={false} initialStep={3} fetchServerCover={fetchServerCover} onExit={() => undefined} onOpenPreview={() => undefined} />); });
          |                                               ^
      102 |   roots.push(root);
      103 |   await act(async () => { root.root.findByType("CreatorStep4Cover").props.onCoverVideoProcessingChange(true); });
      104 |   // Real store echo while the pending server read has not returned yet.

      at Object.<anonymous>.process.env.NODE_ENV.exports.create (node_modules/react-test-renderer/cjs/react-test-renderer.development.js:14598:17)
      at src/components/event/__tests__/issue3439CoverTiming.tester.adversarial.test.tsx:101:47
      at Object.<anonymous>.process.env.NODE_ENV.exports.act (node_modules/react/cjs/react.development.js:789:22)
      at src/components/event/__tests__/issue3439CoverTiming.tester.adversarial.test.tsx:101:9

    console.error
      react-test-renderer is deprecated. See https://react.dev/warnings/react-test-renderer

       99 |   const Wizard = kind === "event" ? EventWizard : RsvpWizard;
      100 |   let root!: MountedTree;
    > 101 |   await act(async () => { root = TestRenderer.create(<Wizard draft={initial} brand={null} isCreateMode={false} initialStep={3} fetchServerCover={fetchServerCover} onExit={() => undefined} onOpenPreview={() => undefined} />); });
          |                                               ^
      102 |   roots.push(root);
      103 |   await act(async () => { root.root.findByType("CreatorStep4Cover").props.onCoverVideoProcessingChange(true); });
      104 |   // Real store echo while the pending server read has not returned yet.

      at Object.<anonymous>.process.env.NODE_ENV.exports.create (node_modules/react-test-renderer/cjs/react-test-renderer.development.js:14598:17)
      at src/components/event/__tests__/issue3439CoverTiming.tester.adversarial.test.tsx:101:47
      at Object.<anonymous>.process.env.NODE_ENV.exports.act (node_modules/react/cjs/react.development.js:789:22)
      at src/components/event/__tests__/issue3439CoverTiming.tester.adversarial.test.tsx:101:9

    console.error
      react-test-renderer is deprecated. See https://react.dev/warnings/react-test-renderer

      122 |   const Wizard = kind === "event" ? EventWizard : RsvpWizard;
      123 |   let root!: MountedTree;
    > 124 |   await act(async () => { root = TestRenderer.create(<Wizard draft={initial} brand={null} isCreateMode={false} initialStep={3} fetchServerCover={fetchServerCover} onExit={() => undefined} onOpenPreview={() => undefined} />); });
          |                                               ^
      125 |   roots.push(root);
      126 |   await act(async () => { root.root.findByType("CreatorStep4Cover").props.onCoverVideoProcessingChange(true); });
      127 |   await act(async () => { read.resolve(cover); await read.promise; });

      at Object.<anonymous>.process.env.NODE_ENV.exports.create (node_modules/react-test-renderer/cjs/react-test-renderer.development.js:14598:17)
      at src/components/event/__tests__/issue3439CoverTiming.tester.adversarial.test.tsx:124:47
      at Object.<anonymous>.process.env.NODE_ENV.exports.act (node_modules/react/cjs/react.development.js:789:22)
      at src/components/event/__tests__/issue3439CoverTiming.tester.adversarial.test.tsx:124:9

    console.error
      react-test-renderer is deprecated. See https://react.dev/warnings/react-test-renderer

      122 |   const Wizard = kind === "event" ? EventWizard : RsvpWizard;
      123 |   let root!: MountedTree;
    > 124 |   await act(async () => { root = TestRenderer.create(<Wizard draft={initial} brand={null} isCreateMode={false} initialStep={3} fetchServerCover={fetchServerCover} onExit={() => undefined} onOpenPreview={() => undefined} />); });
          |                                               ^
      125 |   roots.push(root);
      126 |   await act(async () => { root.root.findByType("CreatorStep4Cover").props.onCoverVideoProcessingChange(true); });
      127 |   await act(async () => { read.resolve(cover); await read.promise; });

      at Object.<anonymous>.process.env.NODE_ENV.exports.create (node_modules/react-test-renderer/cjs/react-test-renderer.development.js:14598:17)
      at src/components/event/__tests__/issue3439CoverTiming.tester.adversarial.test.tsx:124:47
      at Object.<anonymous>.process.env.NODE_ENV.exports.act (node_modules/react/cjs/react.development.js:789:22)
      at src/components/event/__tests__/issue3439CoverTiming.tester.adversarial.test.tsx:124:9

    console.error
      react-test-renderer is deprecated. See https://react.dev/warnings/react-test-renderer

      139 |   const Wizard = kind === "event" ? EventWizard : RsvpWizard;
      140 |   let root!: MountedTree;
    > 141 |   await act(async () => { root = TestRenderer.create(<Wizard draft={initial} brand={null} isCreateMode={false} initialStep={3} fetchServerCover={() => read.promise} onExit={() => undefined} onOpenPreview={() => undefined} />); });
          |                                               ^
      142 |   roots.push(root);
      143 |   const photo = "https://example.invalid/newer-host-choice.jpg";
      144 |   await act(async () => { root.root.findByType("CreatorStep4Cover").props.updateDraft({ coverMediaUrl: photo, coverMediaType: "image" }); });

      at Object.<anonymous>.process.env.NODE_ENV.exports.create (node_modules/react-test-renderer/cjs/react-test-renderer.development.js:14598:17)
      at src/components/event/__tests__/issue3439CoverTiming.tester.adversarial.test.tsx:141:47
      at Object.<anonymous>.process.env.NODE_ENV.exports.act (node_modules/react/cjs/react.development.js:789:22)
      at src/components/event/__tests__/issue3439CoverTiming.tester.adversarial.test.tsx:141:9

    console.error
      react-test-renderer is deprecated. See https://react.dev/warnings/react-test-renderer

      139 |   const Wizard = kind === "event" ? EventWizard : RsvpWizard;
      140 |   let root!: MountedTree;
    > 141 |   await act(async () => { root = TestRenderer.create(<Wizard draft={initial} brand={null} isCreateMode={false} initialStep={3} fetchServerCover={() => read.promise} onExit={() => undefined} onOpenPreview={() => undefined} />); });
          |                                               ^
      142 |   roots.push(root);
      143 |   const photo = "https://example.invalid/newer-host-choice.jpg";
      144 |   await act(async () => { root.root.findByType("CreatorStep4Cover").props.updateDraft({ coverMediaUrl: photo, coverMediaType: "image" }); });

      at Object.<anonymous>.process.env.NODE_ENV.exports.create (node_modules/react-test-renderer/cjs/react-test-renderer.development.js:14598:17)
      at src/components/event/__tests__/issue3439CoverTiming.tester.adversarial.test.tsx:141:47
      at Object.<anonymous>.process.env.NODE_ENV.exports.act (node_modules/react/cjs/react.development.js:789:22)
      at src/components/event/__tests__/issue3439CoverTiming.tester.adversarial.test.tsx:141:9

    console.error
      react-test-renderer is deprecated. See https://react.dev/warnings/react-test-renderer

      157 |   const Wizard = kind === "event" ? EventWizard : RsvpWizard;
      158 |   let root!: MountedTree;
    > 159 |   await act(async () => { root = TestRenderer.create(<Wizard draft={initial} brand={null} isCreateMode={false} initialStep={3} fetchServerCover={fetchServerCover} onExit={() => undefined} onOpenPreview={() => undefined} />); });
          |                                               ^
      160 |   roots.push(root);
      161 |   expect(useDraftEventStore.getState().getDraft(ID)?.coverMediaUrl).toBeNull();
      162 |   await act(async () => { root.root.findByType("CreatorStep4Cover").props.onCoverVideoProcessingChange(true); });

      at Object.<anonymous>.process.env.NODE_ENV.exports.create (node_modules/react-test-renderer/cjs/react-test-renderer.development.js:14598:17)
      at src/components/event/__tests__/issue3439CoverTiming.tester.adversarial.test.tsx:159:47
      at Object.<anonymous>.process.env.NODE_ENV.exports.act (node_modules/react/cjs/react.development.js:789:22)
      at src/components/event/__tests__/issue3439CoverTiming.tester.adversarial.test.tsx:159:9

    console.error
      react-test-renderer is deprecated. See https://react.dev/warnings/react-test-renderer

      157 |   const Wizard = kind === "event" ? EventWizard : RsvpWizard;
      158 |   let root!: MountedTree;
    > 159 |   await act(async () => { root = TestRenderer.create(<Wizard draft={initial} brand={null} isCreateMode={false} initialStep={3} fetchServerCover={fetchServerCover} onExit={() => undefined} onOpenPreview={() => undefined} />); });
          |                                               ^
      160 |   roots.push(root);
      161 |   expect(useDraftEventStore.getState().getDraft(ID)?.coverMediaUrl).toBeNull();
      162 |   await act(async () => { root.root.findByType("CreatorStep4Cover").props.onCoverVideoProcessingChange(true); });

      at Object.<anonymous>.process.env.NODE_ENV.exports.create (node_modules/react-test-renderer/cjs/react-test-renderer.development.js:14598:17)
      at src/components/event/__tests__/issue3439CoverTiming.tester.adversarial.test.tsx:159:47
      at Object.<anonymous>.process.env.NODE_ENV.exports.act (node_modules/react/cjs/react.development.js:789:22)
      at src/components/event/__tests__/issue3439CoverTiming.tester.adversarial.test.tsx:159:9

    console.error
      react-test-renderer is deprecated. See https://react.dev/warnings/react-test-renderer

      170 |   const Wizard = kind === "event" ? EventWizard : RsvpWizard;
      171 |   let root!: MountedTree;
    > 172 |   await act(async () => { root = TestRenderer.create(<Wizard draft={initial} brand={null} isCreateMode={false} initialStep={kind === "event" ? 6 : 5} onExit={() => undefined} onOpenPreview={() => undefined} />); });
          |                                               ^
      173 |   roots.push(root);
      174 |   const publish = root.root.findAllByType("Button").find(node => String(node.props.label).startsWith("Publish"))!;
      175 |   expect(publish.props.disabled).toBe(false);

      at Object.<anonymous>.process.env.NODE_ENV.exports.create (node_modules/react-test-renderer/cjs/react-test-renderer.development.js:14598:17)
      at src/components/event/__tests__/issue3439CoverTiming.tester.adversarial.test.tsx:172:47
      at Object.<anonymous>.process.env.NODE_ENV.exports.act (node_modules/react/cjs/react.development.js:789:22)
      at src/components/event/__tests__/issue3439CoverTiming.tester.adversarial.test.tsx:172:9

    console.error
      react-test-renderer is deprecated. See https://react.dev/warnings/react-test-renderer

      170 |   const Wizard = kind === "event" ? EventWizard : RsvpWizard;
      171 |   let root!: MountedTree;
    > 172 |   await act(async () => { root = TestRenderer.create(<Wizard draft={initial} brand={null} isCreateMode={false} initialStep={kind === "event" ? 6 : 5} onExit={() => undefined} onOpenPreview={() => undefined} />); });
          |                                               ^
      173 |   roots.push(root);
      174 |   const publish = root.root.findAllByType("Button").find(node => String(node.props.label).startsWith("Publish"))!;
      175 |   expect(publish.props.disabled).toBe(false);

      at Object.<anonymous>.process.env.NODE_ENV.exports.create (node_modules/react-test-renderer/cjs/react-test-renderer.development.js:14598:17)
      at src/components/event/__tests__/issue3439CoverTiming.tester.adversarial.test.tsx:172:47
      at Object.<anonymous>.process.env.NODE_ENV.exports.act (node_modules/react/cjs/react.development.js:789:22)
      at src/components/event/__tests__/issue3439CoverTiming.tester.adversarial.test.tsx:172:9

    console.error
      react-test-renderer is deprecated. See https://react.dev/warnings/react-test-renderer

      181 |   const published: DraftEvent[] = [];
      182 |   let root!: MountedTree;
    > 183 |   await act(async () => { root = TestRenderer.create(<EventWizard draft={initial} brand={null} isCreateMode={false} initialStep={6} fetchServerCover={() => read.promise} onExit={() => undefined} onOpenPreview={() => undefined} onPublishDraft={async (draft: DraftEvent) => { published.push(draft); return { brandSlug: "brand", eventSlug: "event" }; }} />); });
          |                                               ^
      184 |   roots.push(root);
      185 |   const publish = root.root.findAllByType("Button").find(node => String(node.props.label).startsWith("Publish"))!;
      186 |   if (!publish.props.disabled) {

      at Object.<anonymous>.process.env.NODE_ENV.exports.create (node_modules/react-test-renderer/cjs/react-test-renderer.development.js:14598:17)
      at src/components/event/__tests__/issue3439CoverTiming.tester.adversarial.test.tsx:183:47
      at Object.<anonymous>.process.env.NODE_ENV.exports.act (node_modules/react/cjs/react.development.js:789:22)
      at Object.<anonymous> (src/components/event/__tests__/issue3439CoverTiming.tester.adversarial.test.tsx:183:9)

PASS src/components/event/__tests__/where_step_pin_survives_autosave_echo.test.ts (88.144 s)
PASS src/components/event/__tests__/cover_video_lands_after_sheet_close.test.ts (9.789 s)
PASS src/services/__tests__/unlisted_rsvp_invite_link.test.ts (10.126 s)
PASS src/components/event/__tests__/where_step_rsvp_copy.test.ts
PASS src/services/__tests__/issue1977RsvpLifecycle.test.ts
PASS src/services/__tests__/rsvpEvents.orch1150.test.ts
PASS src/components/event/__tests__/issue_3416_recovery_retest.tester.adversarial.test.tsx
  ● Console

    console.error
      react-test-renderer is deprecated. See https://react.dev/warnings/react-test-renderer

      124 | const mount = async (props: HarnessProps = {}) => {
      125 |   let tree!: Tree;
    > 126 |   await act(async () => { tree = create(<Harness {...props} />); });
          |                                  ^
      127 |   trees.push(tree);
      128 |   return tree;
      129 | };

      at Object.<anonymous>.process.env.NODE_ENV.exports.create (node_modules/react-test-renderer/cjs/react-test-renderer.development.js:14598:17)
      at src/components/event/__tests__/issue_3416_recovery_retest.tester.adversarial.test.tsx:126:34
      at Object.<anonymous>.process.env.NODE_ENV.exports.act (node_modules/react/cjs/react.development.js:789:22)
      at mount (src/components/event/__tests__/issue_3416_recovery_retest.tester.adversarial.test.tsx:126:9)
      at Object.<anonymous> (src/components/event/__tests__/issue_3416_recovery_retest.tester.adversarial.test.tsx:168:22)

    console.error
      react-test-renderer is deprecated. See https://react.dev/warnings/react-test-renderer

      124 | const mount = async (props: HarnessProps = {}) => {
      125 |   let tree!: Tree;
    > 126 |   await act(async () => { tree = create(<Harness {...props} />); });
          |                                  ^
      127 |   trees.push(tree);
      128 |   return tree;
      129 | };

      at Object.<anonymous>.process.env.NODE_ENV.exports.create (node_modules/react-test-renderer/cjs/react-test-renderer.development.js:14598:17)
      at src/components/event/__tests__/issue_3416_recovery_retest.tester.adversarial.test.tsx:126:34
      at Object.<anonymous>.process.env.NODE_ENV.exports.act (node_modules/react/cjs/react.development.js:789:22)
      at mount (src/components/event/__tests__/issue_3416_recovery_retest.tester.adversarial.test.tsx:126:9)
      at Object.<anonymous> (src/components/event/__tests__/issue_3416_recovery_retest.tester.adversarial.test.tsx:185:9)

    console.error
      react-test-renderer is deprecated. See https://react.dev/warnings/react-test-renderer

      124 | const mount = async (props: HarnessProps = {}) => {
      125 |   let tree!: Tree;
    > 126 |   await act(async () => { tree = create(<Harness {...props} />); });
          |                                  ^
      127 |   trees.push(tree);
      128 |   return tree;
      129 | };

      at Object.<anonymous>.process.env.NODE_ENV.exports.create (node_modules/react-test-renderer/cjs/react-test-renderer.development.js:14598:17)
      at src/components/event/__tests__/issue_3416_recovery_retest.tester.adversarial.test.tsx:126:34
      at Object.<anonymous>.process.env.NODE_ENV.exports.act (node_modules/react/cjs/react.development.js:789:22)
      at mount (src/components/event/__tests__/issue_3416_recovery_retest.tester.adversarial.test.tsx:126:9)
      at Object.<anonymous> (src/components/event/__tests__/issue_3416_recovery_retest.tester.adversarial.test.tsx:191:22)

    console.error
      react-test-renderer is deprecated. See https://react.dev/warnings/react-test-renderer

      124 | const mount = async (props: HarnessProps = {}) => {
      125 |   let tree!: Tree;
    > 126 |   await act(async () => { tree = create(<Harness {...props} />); });
          |                                  ^
      127 |   trees.push(tree);
      128 |   return tree;
      129 | };

      at Object.<anonymous>.process.env.NODE_ENV.exports.create (node_modules/react-test-renderer/cjs/react-test-renderer.development.js:14598:17)
      at src/components/event/__tests__/issue_3416_recovery_retest.tester.adversarial.test.tsx:126:34
      at Object.<anonymous>.process.env.NODE_ENV.exports.act (node_modules/react/cjs/react.development.js:789:22)
      at mount (src/components/event/__tests__/issue_3416_recovery_retest.tester.adversarial.test.tsx:126:9)
      at Object.<anonymous> (src/components/event/__tests__/issue_3416_recovery_retest.tester.adversarial.test.tsx:201:9)

    console.error
      react-test-renderer is deprecated. See https://react.dev/warnings/react-test-renderer

      124 | const mount = async (props: HarnessProps = {}) => {
      125 |   let tree!: Tree;
    > 126 |   await act(async () => { tree = create(<Harness {...props} />); });
          |                                  ^
      127 |   trees.push(tree);
      128 |   return tree;
      129 | };

      at Object.<anonymous>.process.env.NODE_ENV.exports.create (node_modules/react-test-renderer/cjs/react-test-renderer.development.js:14598:17)
      at src/components/event/__tests__/issue_3416_recovery_retest.tester.adversarial.test.tsx:126:34
      at Object.<anonymous>.process.env.NODE_ENV.exports.act (node_modules/react/cjs/react.development.js:789:22)
      at mount (src/components/event/__tests__/issue_3416_recovery_retest.tester.adversarial.test.tsx:126:9)
      at Object.<anonymous> (src/components/event/__tests__/issue_3416_recovery_retest.tester.adversarial.test.tsx:205:9)

    console.error
      react-test-renderer is deprecated. See https://react.dev/warnings/react-test-renderer

      124 | const mount = async (props: HarnessProps = {}) => {
      125 |   let tree!: Tree;
    > 126 |   await act(async () => { tree = create(<Harness {...props} />); });
          |                                  ^
      127 |   trees.push(tree);
      128 |   return tree;
      129 | };

      at Object.<anonymous>.process.env.NODE_ENV.exports.create (node_modules/react-test-renderer/cjs/react-test-renderer.development.js:14598:17)
      at src/components/event/__tests__/issue_3416_recovery_retest.tester.adversarial.test.tsx:126:34
      at Object.<anonymous>.process.env.NODE_ENV.exports.act (node_modules/react/cjs/react.development.js:789:22)
      at mount (src/components/event/__tests__/issue_3416_recovery_retest.tester.adversarial.test.tsx:126:9)
      at Object.<anonymous> (src/components/event/__tests__/issue_3416_recovery_retest.tester.adversarial.test.tsx:211:9)

    console.error
      react-test-renderer is deprecated. See https://react.dev/warnings/react-test-renderer

      124 | const mount = async (props: HarnessProps = {}) => {
      125 |   let tree!: Tree;
    > 126 |   await act(async () => { tree = create(<Harness {...props} />); });
          |                                  ^
      127 |   trees.push(tree);
      128 |   return tree;
      129 | };

      at Object.<anonymous>.process.env.NODE_ENV.exports.create (node_modules/react-test-renderer/cjs/react-test-renderer.development.js:14598:17)
      at src/components/event/__tests__/issue_3416_recovery_retest.tester.adversarial.test.tsx:126:34
      at Object.<anonymous>.process.env.NODE_ENV.exports.act (node_modules/react/cjs/react.development.js:789:22)
      at mount (src/components/event/__tests__/issue_3416_recovery_retest.tester.adversarial.test.tsx:126:9)
      at Object.<anonymous> (src/components/event/__tests__/issue_3416_recovery_retest.tester.adversarial.test.tsx:217:22)

    console.error
      react-test-renderer is deprecated. See https://react.dev/warnings/react-test-renderer

      124 | const mount = async (props: HarnessProps = {}) => {
      125 |   let tree!: Tree;
    > 126 |   await act(async () => { tree = create(<Harness {...props} />); });
          |                                  ^
      127 |   trees.push(tree);
      128 |   return tree;
      129 | };

      at Object.<anonymous>.process.env.NODE_ENV.exports.create (node_modules/react-test-renderer/cjs/react-test-renderer.development.js:14598:17)
      at src/components/event/__tests__/issue_3416_recovery_retest.tester.adversarial.test.tsx:126:34
      at Object.<anonymous>.process.env.NODE_ENV.exports.act (node_modules/react/cjs/react.development.js:789:22)
      at mount (src/components/event/__tests__/issue_3416_recovery_retest.tester.adversarial.test.tsx:126:9)
      at Object.<anonymous> (src/components/event/__tests__/issue_3416_recovery_retest.tester.adversarial.test.tsx:234:9)

    console.error
      react-test-renderer is deprecated. See https://react.dev/warnings/react-test-renderer

      124 | const mount = async (props: HarnessProps = {}) => {
      125 |   let tree!: Tree;
    > 126 |   await act(async () => { tree = create(<Harness {...props} />); });
          |                                  ^
      127 |   trees.push(tree);
      128 |   return tree;
      129 | };

      at Object.<anonymous>.process.env.NODE_ENV.exports.create (node_modules/react-test-renderer/cjs/react-test-renderer.development.js:14598:17)
      at src/components/event/__tests__/issue_3416_recovery_retest.tester.adversarial.test.tsx:126:34
      at Object.<anonymous>.process.env.NODE_ENV.exports.act (node_modules/react/cjs/react.development.js:789:22)
      at mount (src/components/event/__tests__/issue_3416_recovery_retest.tester.adversarial.test.tsx:126:9)
      at Object.<anonymous> (src/components/event/__tests__/issue_3416_recovery_retest.tester.adversarial.test.tsx:238:9)

    console.error
      react-test-renderer is deprecated. See https://react.dev/warnings/react-test-renderer

      124 | const mount = async (props: HarnessProps = {}) => {
      125 |   let tree!: Tree;
    > 126 |   await act(async () => { tree = create(<Harness {...props} />); });
          |                                  ^
      127 |   trees.push(tree);
      128 |   return tree;
      129 | };

      at Object.<anonymous>.process.env.NODE_ENV.exports.create (node_modules/react-test-renderer/cjs/react-test-renderer.development.js:14598:17)
      at src/components/event/__tests__/issue_3416_recovery_retest.tester.adversarial.test.tsx:126:34
      at Object.<anonymous>.process.env.NODE_ENV.exports.act (node_modules/react/cjs/react.development.js:789:22)
      at mount (src/components/event/__tests__/issue_3416_recovery_retest.tester.adversarial.test.tsx:126:9)
      at Object.<anonymous> (src/components/event/__tests__/issue_3416_recovery_retest.tester.adversarial.test.tsx:246:22)

    console.error
      react-test-renderer is deprecated. See https://react.dev/warnings/react-test-renderer

      124 | const mount = async (props: HarnessProps = {}) => {
      125 |   let tree!: Tree;
    > 126 |   await act(async () => { tree = create(<Harness {...props} />); });
          |                                  ^
      127 |   trees.push(tree);
      128 |   return tree;
      129 | };

      at Object.<anonymous>.process.env.NODE_ENV.exports.create (node_modules/react-test-renderer/cjs/react-test-renderer.development.js:14598:17)
      at src/components/event/__tests__/issue_3416_recovery_retest.tester.adversarial.test.tsx:126:34
      at Object.<anonymous>.process.env.NODE_ENV.exports.act (node_modules/react/cjs/react.development.js:789:22)
      at mount (src/components/event/__tests__/issue_3416_recovery_retest.tester.adversarial.test.tsx:126:9)
      at Object.<anonymous> (src/components/event/__tests__/issue_3416_recovery_retest.tester.adversarial.test.tsx:253:9)

    console.error
      react-test-renderer is deprecated. See https://react.dev/warnings/react-test-renderer

      124 | const mount = async (props: HarnessProps = {}) => {
      125 |   let tree!: Tree;
    > 126 |   await act(async () => { tree = create(<Harness {...props} />); });
          |                                  ^
      127 |   trees.push(tree);
      128 |   return tree;
      129 | };

      at Object.<anonymous>.process.env.NODE_ENV.exports.create (node_modules/react-test-renderer/cjs/react-test-renderer.development.js:14598:17)
      at src/components/event/__tests__/issue_3416_recovery_retest.tester.adversarial.test.tsx:126:34
      at Object.<anonymous>.process.env.NODE_ENV.exports.act (node_modules/react/cjs/react.development.js:789:22)
      at mount (src/components/event/__tests__/issue_3416_recovery_retest.tester.adversarial.test.tsx:126:9)
      at Object.<anonymous> (src/components/event/__tests__/issue_3416_recovery_retest.tester.adversarial.test.tsx:261:9)

    console.error
      react-test-renderer is deprecated. See https://react.dev/warnings/react-test-renderer

      124 | const mount = async (props: HarnessProps = {}) => {
      125 |   let tree!: Tree;
    > 126 |   await act(async () => { tree = create(<Harness {...props} />); });
          |                                  ^
      127 |   trees.push(tree);
      128 |   return tree;
      129 | };

      at Object.<anonymous>.process.env.NODE_ENV.exports.create (node_modules/react-test-renderer/cjs/react-test-renderer.development.js:14598:17)
      at src/components/event/__tests__/issue_3416_recovery_retest.tester.adversarial.test.tsx:126:34
      at Object.<anonymous>.process.env.NODE_ENV.exports.act (node_modules/react/cjs/react.development.js:789:22)
      at mount (src/components/event/__tests__/issue_3416_recovery_retest.tester.adversarial.test.tsx:126:9)
      at Object.<anonymous> (src/components/event/__tests__/issue_3416_recovery_retest.tester.adversarial.test.tsx:273:22)

    console.error
      react-test-renderer is deprecated. See https://react.dev/warnings/react-test-renderer

      124 | const mount = async (props: HarnessProps = {}) => {
      125 |   let tree!: Tree;
    > 126 |   await act(async () => { tree = create(<Harness {...props} />); });
          |                                  ^
      127 |   trees.push(tree);
      128 |   return tree;
      129 | };

      at Object.<anonymous>.process.env.NODE_ENV.exports.create (node_modules/react-test-renderer/cjs/react-test-renderer.development.js:14598:17)
      at src/components/event/__tests__/issue_3416_recovery_retest.tester.adversarial.test.tsx:126:34
      at Object.<anonymous>.process.env.NODE_ENV.exports.act (node_modules/react/cjs/react.development.js:789:22)
      at mount (src/components/event/__tests__/issue_3416_recovery_retest.tester.adversarial.test.tsx:126:9)
      at Object.<anonymous> (src/components/event/__tests__/issue_3416_recovery_retest.tester.adversarial.test.tsx:278:9)

    console.error
      react-test-renderer is deprecated. See https://react.dev/warnings/react-test-renderer

      124 | const mount = async (props: HarnessProps = {}) => {
      125 |   let tree!: Tree;
    > 126 |   await act(async () => { tree = create(<Harness {...props} />); });
          |                                  ^
      127 |   trees.push(tree);
      128 |   return tree;
      129 | };

      at Object.<anonymous>.process.env.NODE_ENV.exports.create (node_modules/react-test-renderer/cjs/react-test-renderer.development.js:14598:17)
      at src/components/event/__tests__/issue_3416_recovery_retest.tester.adversarial.test.tsx:126:34
      at Object.<anonymous>.process.env.NODE_ENV.exports.act (node_modules/react/cjs/react.development.js:789:22)
      at mount (src/components/event/__tests__/issue_3416_recovery_retest.tester.adversarial.test.tsx:126:9)
      at Object.<anonymous> (src/components/event/__tests__/issue_3416_recovery_retest.tester.adversarial.test.tsx:288:22)

    console.error
      react-test-renderer is deprecated. See https://react.dev/warnings/react-test-renderer

      124 | const mount = async (props: HarnessProps = {}) => {
      125 |   let tree!: Tree;
    > 126 |   await act(async () => { tree = create(<Harness {...props} />); });
          |                                  ^
      127 |   trees.push(tree);
      128 |   return tree;
      129 | };

      at Object.<anonymous>.process.env.NODE_ENV.exports.create (node_modules/react-test-renderer/cjs/react-test-renderer.development.js:14598:17)
      at src/components/event/__tests__/issue_3416_recovery_retest.tester.adversarial.test.tsx:126:34
      at Object.<anonymous>.process.env.NODE_ENV.exports.act (node_modules/react/cjs/react.development.js:789:22)
      at mount (src/components/event/__tests__/issue_3416_recovery_retest.tester.adversarial.test.tsx:126:9)
      at Object.<anonymous> (src/components/event/__tests__/issue_3416_recovery_retest.tester.adversarial.test.tsx:295:9)

    console.error
      react-test-renderer is deprecated. See https://react.dev/warnings/react-test-renderer

      124 | const mount = async (props: HarnessProps = {}) => {
      125 |   let tree!: Tree;
    > 126 |   await act(async () => { tree = create(<Harness {...props} />); });
          |                                  ^
      127 |   trees.push(tree);
      128 |   return tree;
      129 | };

      at Object.<anonymous>.process.env.NODE_ENV.exports.create (node_modules/react-test-renderer/cjs/react-test-renderer.development.js:14598:17)
      at src/components/event/__tests__/issue_3416_recovery_retest.tester.adversarial.test.tsx:126:34
      at Object.<anonymous>.process.env.NODE_ENV.exports.act (node_modules/react/cjs/react.development.js:789:22)
      at mount (src/components/event/__tests__/issue_3416_recovery_retest.tester.adversarial.test.tsx:126:9)
      at Object.<anonymous> (src/components/event/__tests__/issue_3416_recovery_retest.tester.adversarial.test.tsx:303:9)

    console.error
      react-test-renderer is deprecated. See https://react.dev/warnings/react-test-renderer

      124 | const mount = async (props: HarnessProps = {}) => {
      125 |   let tree!: Tree;
    > 126 |   await act(async () => { tree = create(<Harness {...props} />); });
          |                                  ^
      127 |   trees.push(tree);
      128 |   return tree;
      129 | };

      at Object.<anonymous>.process.env.NODE_ENV.exports.create (node_modules/react-test-renderer/cjs/react-test-renderer.development.js:14598:17)
      at src/components/event/__tests__/issue_3416_recovery_retest.tester.adversarial.test.tsx:126:34
      at Object.<anonymous>.process.env.NODE_ENV.exports.act (node_modules/react/cjs/react.development.js:789:22)
      at mount (src/components/event/__tests__/issue_3416_recovery_retest.tester.adversarial.test.tsx:126:9)
      at src/components/event/__tests__/issue_3416_recovery_retest.tester.adversarial.test.tsx:318:9

    console.error
      react-test-renderer is deprecated. See https://react.dev/warnings/react-test-renderer

      124 | const mount = async (props: HarnessProps = {}) => {
      125 |   let tree!: Tree;
    > 126 |   await act(async () => { tree = create(<Harness {...props} />); });
          |                                  ^
      127 |   trees.push(tree);
      128 |   return tree;
      129 | };

      at Object.<anonymous>.process.env.NODE_ENV.exports.create (node_modules/react-test-renderer/cjs/react-test-renderer.development.js:14598:17)
      at src/components/event/__tests__/issue_3416_recovery_retest.tester.adversarial.test.tsx:126:34
      at Object.<anonymous>.process.env.NODE_ENV.exports.act (node_modules/react/cjs/react.development.js:789:22)
      at mount (src/components/event/__tests__/issue_3416_recovery_retest.tester.adversarial.test.tsx:126:9)
      at src/components/event/__tests__/issue_3416_recovery_retest.tester.adversarial.test.tsx:318:9

    console.error
      react-test-renderer is deprecated. See https://react.dev/warnings/react-test-renderer

      124 | const mount = async (props: HarnessProps = {}) => {
      125 |   let tree!: Tree;
    > 126 |   await act(async () => { tree = create(<Harness {...props} />); });
          |                                  ^
      127 |   trees.push(tree);
      128 |   return tree;
      129 | };

      at Object.<anonymous>.process.env.NODE_ENV.exports.create (node_modules/react-test-renderer/cjs/react-test-renderer.development.js:14598:17)
      at src/components/event/__tests__/issue_3416_recovery_retest.tester.adversarial.test.tsx:126:34
      at Object.<anonymous>.process.env.NODE_ENV.exports.act (node_modules/react/cjs/react.development.js:789:22)
      at mount (src/components/event/__tests__/issue_3416_recovery_retest.tester.adversarial.test.tsx:126:9)
      at src/components/event/__tests__/issue_3416_recovery_retest.tester.adversarial.test.tsx:318:9

    console.error
      react-test-renderer is deprecated. See https://react.dev/warnings/react-test-renderer

      124 | const mount = async (props: HarnessProps = {}) => {
      125 |   let tree!: Tree;
    > 126 |   await act(async () => { tree = create(<Harness {...props} />); });
          |                                  ^
      127 |   trees.push(tree);
      128 |   return tree;
      129 | };

      at Object.<anonymous>.process.env.NODE_ENV.exports.create (node_modules/react-test-renderer/cjs/react-test-renderer.development.js:14598:17)
      at src/components/event/__tests__/issue_3416_recovery_retest.tester.adversarial.test.tsx:126:34
      at Object.<anonymous>.process.env.NODE_ENV.exports.act (node_modules/react/cjs/react.development.js:789:22)
      at mount (src/components/event/__tests__/issue_3416_recovery_retest.tester.adversarial.test.tsx:126:9)
      at src/components/event/__tests__/issue_3416_recovery_retest.tester.adversarial.test.tsx:318:9

    console.error
      react-test-renderer is deprecated. See https://react.dev/warnings/react-test-renderer

      124 | const mount = async (props: HarnessProps = {}) => {
      125 |   let tree!: Tree;
    > 126 |   await act(async () => { tree = create(<Harness {...props} />); });
          |                                  ^
      127 |   trees.push(tree);
      128 |   return tree;
      129 | };

      at Object.<anonymous>.process.env.NODE_ENV.exports.create (node_modules/react-test-renderer/cjs/react-test-renderer.development.js:14598:17)
      at src/components/event/__tests__/issue_3416_recovery_retest.tester.adversarial.test.tsx:126:34
      at Object.<anonymous>.process.env.NODE_ENV.exports.act (node_modules/react/cjs/react.development.js:789:22)
      at mount (src/components/event/__tests__/issue_3416_recovery_retest.tester.adversarial.test.tsx:126:9)
      at src/components/event/__tests__/issue_3416_recovery_retest.tester.adversarial.test.tsx:318:9

    console.error
      react-test-renderer is deprecated. See https://react.dev/warnings/react-test-renderer

      124 | const mount = async (props: HarnessProps = {}) => {
      125 |   let tree!: Tree;
    > 126 |   await act(async () => { tree = create(<Harness {...props} />); });
          |                                  ^
      127 |   trees.push(tree);
      128 |   return tree;
      129 | };

      at Object.<anonymous>.process.env.NODE_ENV.exports.create (node_modules/react-test-renderer/cjs/react-test-renderer.development.js:14598:17)
      at src/components/event/__tests__/issue_3416_recovery_retest.tester.adversarial.test.tsx:126:34
      at Object.<anonymous>.process.env.NODE_ENV.exports.act (node_modules/react/cjs/react.development.js:789:22)
      at mount (src/components/event/__tests__/issue_3416_recovery_retest.tester.adversarial.test.tsx:126:9)
      at src/components/event/__tests__/issue_3416_recovery_retest.tester.adversarial.test.tsx:318:9

    console.error
      react-test-renderer is deprecated. See https://react.dev/warnings/react-test-renderer

      124 | const mount = async (props: HarnessProps = {}) => {
      125 |   let tree!: Tree;
    > 126 |   await act(async () => { tree = create(<Harness {...props} />); });
          |                                  ^
      127 |   trees.push(tree);
      128 |   return tree;
      129 | };

      at Object.<anonymous>.process.env.NODE_ENV.exports.create (node_modules/react-test-renderer/cjs/react-test-renderer.development.js:14598:17)
      at src/components/event/__tests__/issue_3416_recovery_retest.tester.adversarial.test.tsx:126:34
      at Object.<anonymous>.process.env.NODE_ENV.exports.act (node_modules/react/cjs/react.development.js:789:22)
      at mount (src/components/event/__tests__/issue_3416_recovery_retest.tester.adversarial.test.tsx:126:9)
      at src/components/event/__tests__/issue_3416_recovery_retest.tester.adversarial.test.tsx:328:22

    console.error
      react-test-renderer is deprecated. See https://react.dev/warnings/react-test-renderer

      124 | const mount = async (props: HarnessProps = {}) => {
      125 |   let tree!: Tree;
    > 126 |   await act(async () => { tree = create(<Harness {...props} />); });
          |                                  ^
      127 |   trees.push(tree);
      128 |   return tree;
      129 | };

      at Object.<anonymous>.process.env.NODE_ENV.exports.create (node_modules/react-test-renderer/cjs/react-test-renderer.development.js:14598:17)
      at src/components/event/__tests__/issue_3416_recovery_retest.tester.adversarial.test.tsx:126:34
      at Object.<anonymous>.process.env.NODE_ENV.exports.act (node_modules/react/cjs/react.development.js:789:22)
      at mount (src/components/event/__tests__/issue_3416_recovery_retest.tester.adversarial.test.tsx:126:9)
      at src/components/event/__tests__/issue_3416_recovery_retest.tester.adversarial.test.tsx:333:9

    console.error
      react-test-renderer is deprecated. See https://react.dev/warnings/react-test-renderer

      124 | const mount = async (props: HarnessProps = {}) => {
      125 |   let tree!: Tree;
    > 126 |   await act(async () => { tree = create(<Harness {...props} />); });
          |                                  ^
      127 |   trees.push(tree);
      128 |   return tree;
      129 | };

      at Object.<anonymous>.process.env.NODE_ENV.exports.create (node_modules/react-test-renderer/cjs/react-test-renderer.development.js:14598:17)
      at src/components/event/__tests__/issue_3416_recovery_retest.tester.adversarial.test.tsx:126:34
      at Object.<anonymous>.process.env.NODE_ENV.exports.act (node_modules/react/cjs/react.development.js:789:22)
      at mount (src/components/event/__tests__/issue_3416_recovery_retest.tester.adversarial.test.tsx:126:9)
      at src/components/event/__tests__/issue_3416_recovery_retest.tester.adversarial.test.tsx:328:22

    console.error
      react-test-renderer is deprecated. See https://react.dev/warnings/react-test-renderer

      124 | const mount = async (props: HarnessProps = {}) => {
      125 |   let tree!: Tree;
    > 126 |   await act(async () => { tree = create(<Harness {...props} />); });
          |                                  ^
      127 |   trees.push(tree);
      128 |   return tree;
      129 | };

      at Object.<anonymous>.process.env.NODE_ENV.exports.create (node_modules/react-test-renderer/cjs/react-test-renderer.development.js:14598:17)
      at src/components/event/__tests__/issue_3416_recovery_retest.tester.adversarial.test.tsx:126:34
      at Object.<anonymous>.process.env.NODE_ENV.exports.act (node_modules/react/cjs/react.development.js:789:22)
      at mount (src/components/event/__tests__/issue_3416_recovery_retest.tester.adversarial.test.tsx:126:9)
      at src/components/event/__tests__/issue_3416_recovery_retest.tester.adversarial.test.tsx:333:9

    console.error
      react-test-renderer is deprecated. See https://react.dev/warnings/react-test-renderer

      124 | const mount = async (props: HarnessProps = {}) => {
      125 |   let tree!: Tree;
    > 126 |   await act(async () => { tree = create(<Harness {...props} />); });
          |                                  ^
      127 |   trees.push(tree);
      128 |   return tree;
      129 | };

      at Object.<anonymous>.process.env.NODE_ENV.exports.create (node_modules/react-test-renderer/cjs/react-test-renderer.development.js:14598:17)
      at src/components/event/__tests__/issue_3416_recovery_retest.tester.adversarial.test.tsx:126:34
      at Object.<anonymous>.process.env.NODE_ENV.exports.act (node_modules/react/cjs/react.development.js:789:22)
      at mount (src/components/event/__tests__/issue_3416_recovery_retest.tester.adversarial.test.tsx:126:9)
      at src/components/event/__tests__/issue_3416_recovery_retest.tester.adversarial.test.tsx:328:22

    console.error
      react-test-renderer is deprecated. See https://react.dev/warnings/react-test-renderer

      124 | const mount = async (props: HarnessProps = {}) => {
      125 |   let tree!: Tree;
    > 126 |   await act(async () => { tree = create(<Harness {...props} />); });
          |                                  ^
      127 |   trees.push(tree);
      128 |   return tree;
      129 | };

      at Object.<anonymous>.process.env.NODE_ENV.exports.create (node_modules/react-test-renderer/cjs/react-test-renderer.development.js:14598:17)
      at src/components/event/__tests__/issue_3416_recovery_retest.tester.adversarial.test.tsx:126:34
      at Object.<anonymous>.process.env.NODE_ENV.exports.act (node_modules/react/cjs/react.development.js:789:22)
      at mount (src/components/event/__tests__/issue_3416_recovery_retest.tester.adversarial.test.tsx:126:9)
      at src/components/event/__tests__/issue_3416_recovery_retest.tester.adversarial.test.tsx:333:9

    console.error
      react-test-renderer is deprecated. See https://react.dev/warnings/react-test-renderer

      124 | const mount = async (props: HarnessProps = {}) => {
      125 |   let tree!: Tree;
    > 126 |   await act(async () => { tree = create(<Harness {...props} />); });
          |                                  ^
      127 |   trees.push(tree);
      128 |   return tree;
      129 | };

      at Object.<anonymous>.process.env.NODE_ENV.exports.create (node_modules/react-test-renderer/cjs/react-test-renderer.development.js:14598:17)
      at src/components/event/__tests__/issue_3416_recovery_retest.tester.adversarial.test.tsx:126:34
      at Object.<anonymous>.process.env.NODE_ENV.exports.act (node_modules/react/cjs/react.development.js:789:22)
      at mount (src/components/event/__tests__/issue_3416_recovery_retest.tester.adversarial.test.tsx:126:9)
      at Object.<anonymous> (src/components/event/__tests__/issue_3416_recovery_retest.tester.adversarial.test.tsx:341:22)

    console.error
      react-test-renderer is deprecated. See https://react.dev/warnings/react-test-renderer

      124 | const mount = async (props: HarnessProps = {}) => {
      125 |   let tree!: Tree;
    > 126 |   await act(async () => { tree = create(<Harness {...props} />); });
          |                                  ^
      127 |   trees.push(tree);
      128 |   return tree;
      129 | };

      at Object.<anonymous>.process.env.NODE_ENV.exports.create (node_modules/react-test-renderer/cjs/react-test-renderer.development.js:14598:17)
      at src/components/event/__tests__/issue_3416_recovery_retest.tester.adversarial.test.tsx:126:34
      at Object.<anonymous>.process.env.NODE_ENV.exports.act (node_modules/react/cjs/react.development.js:789:22)
      at mount (src/components/event/__tests__/issue_3416_recovery_retest.tester.adversarial.test.tsx:126:9)
      at Object.<anonymous> (src/components/event/__tests__/issue_3416_recovery_retest.tester.adversarial.test.tsx:353:20)

    console.error
      react-test-renderer is deprecated. See https://react.dev/warnings/react-test-renderer

      124 | const mount = async (props: HarnessProps = {}) => {
      125 |   let tree!: Tree;
    > 126 |   await act(async () => { tree = create(<Harness {...props} />); });
          |                                  ^
      127 |   trees.push(tree);
      128 |   return tree;
      129 | };

      at Object.<anonymous>.process.env.NODE_ENV.exports.create (node_modules/react-test-renderer/cjs/react-test-renderer.development.js:14598:17)
      at src/components/event/__tests__/issue_3416_recovery_retest.tester.adversarial.test.tsx:126:34
      at Object.<anonymous>.process.env.NODE_ENV.exports.act (node_modules/react/cjs/react.development.js:789:22)
      at mount (src/components/event/__tests__/issue_3416_recovery_retest.tester.adversarial.test.tsx:126:9)
      at Object.<anonymous> (src/components/event/__tests__/issue_3416_recovery_retest.tester.adversarial.test.tsx:360:20)

    console.error
      react-test-renderer is deprecated. See https://react.dev/warnings/react-test-renderer

      124 | const mount = async (props: HarnessProps = {}) => {
      125 |   let tree!: Tree;
    > 126 |   await act(async () => { tree = create(<Harness {...props} />); });
          |                                  ^
      127 |   trees.push(tree);
      128 |   return tree;
      129 | };

      at Object.<anonymous>.process.env.NODE_ENV.exports.create (node_modules/react-test-renderer/cjs/react-test-renderer.development.js:14598:17)
      at src/components/event/__tests__/issue_3416_recovery_retest.tester.adversarial.test.tsx:126:34
      at Object.<anonymous>.process.env.NODE_ENV.exports.act (node_modules/react/cjs/react.development.js:789:22)
      at mount (src/components/event/__tests__/issue_3416_recovery_retest.tester.adversarial.test.tsx:126:9)
      at Object.<anonymous> (src/components/event/__tests__/issue_3416_recovery_retest.tester.adversarial.test.tsx:368:20)

    console.error
      react-test-renderer is deprecated. See https://react.dev/warnings/react-test-renderer

      124 | const mount = async (props: HarnessProps = {}) => {
      125 |   let tree!: Tree;
    > 126 |   await act(async () => { tree = create(<Harness {...props} />); });
          |                                  ^
      127 |   trees.push(tree);
      128 |   return tree;
      129 | };

      at Object.<anonymous>.process.env.NODE_ENV.exports.create (node_modules/react-test-renderer/cjs/react-test-renderer.development.js:14598:17)
      at src/components/event/__tests__/issue_3416_recovery_retest.tester.adversarial.test.tsx:126:34
      at Object.<anonymous>.process.env.NODE_ENV.exports.act (node_modules/react/cjs/react.development.js:789:22)
      at mount (src/components/event/__tests__/issue_3416_recovery_retest.tester.adversarial.test.tsx:126:9)
      at Object.<anonymous> (src/components/event/__tests__/issue_3416_recovery_retest.tester.adversarial.test.tsx:385:9)

    console.error
      react-test-renderer is deprecated. See https://react.dev/warnings/react-test-renderer

      124 | const mount = async (props: HarnessProps = {}) => {
      125 |   let tree!: Tree;
    > 126 |   await act(async () => { tree = create(<Harness {...props} />); });
          |                                  ^
      127 |   trees.push(tree);
      128 |   return tree;
      129 | };

      at Object.<anonymous>.process.env.NODE_ENV.exports.create (node_modules/react-test-renderer/cjs/react-test-renderer.development.js:14598:17)
      at src/components/event/__tests__/issue_3416_recovery_retest.tester.adversarial.test.tsx:126:34
      at Object.<anonymous>.process.env.NODE_ENV.exports.act (node_modules/react/cjs/react.development.js:789:22)
      at mount (src/components/event/__tests__/issue_3416_recovery_retest.tester.adversarial.test.tsx:126:9)
      at Object.<anonymous> (src/components/event/__tests__/issue_3416_recovery_retest.tester.adversarial.test.tsx:396:9)

    console.error
      react-test-renderer is deprecated. See https://react.dev/warnings/react-test-renderer

      124 | const mount = async (props: HarnessProps = {}) => {
      125 |   let tree!: Tree;
    > 126 |   await act(async () => { tree = create(<Harness {...props} />); });
          |                                  ^
      127 |   trees.push(tree);
      128 |   return tree;
      129 | };

      at Object.<anonymous>.process.env.NODE_ENV.exports.create (node_modules/react-test-renderer/cjs/react-test-renderer.development.js:14598:17)
      at src/components/event/__tests__/issue_3416_recovery_retest.tester.adversarial.test.tsx:126:34
      at Object.<anonymous>.process.env.NODE_ENV.exports.act (node_modules/react/cjs/react.development.js:789:22)
      at mount (src/components/event/__tests__/issue_3416_recovery_retest.tester.adversarial.test.tsx:126:9)
      at Object.<anonymous> (src/components/event/__tests__/issue_3416_recovery_retest.tester.adversarial.test.tsx:408:9)

    console.error
      react-test-renderer is deprecated. See https://react.dev/warnings/react-test-renderer

      124 | const mount = async (props: HarnessProps = {}) => {
      125 |   let tree!: Tree;
    > 126 |   await act(async () => { tree = create(<Harness {...props} />); });
          |                                  ^
      127 |   trees.push(tree);
      128 |   return tree;
      129 | };

      at Object.<anonymous>.process.env.NODE_ENV.exports.create (node_modules/react-test-renderer/cjs/react-test-renderer.development.js:14598:17)
      at src/components/event/__tests__/issue_3416_recovery_retest.tester.adversarial.test.tsx:126:34
      at Object.<anonymous>.process.env.NODE_ENV.exports.act (node_modules/react/cjs/react.development.js:789:22)
      at mount (src/components/event/__tests__/issue_3416_recovery_retest.tester.adversarial.test.tsx:126:9)
      at Object.<anonymous> (src/components/event/__tests__/issue_3416_recovery_retest.tester.adversarial.test.tsx:419:9)

    console.error
      react-test-renderer is deprecated. See https://react.dev/warnings/react-test-renderer

      124 | const mount = async (props: HarnessProps = {}) => {
      125 |   let tree!: Tree;
    > 126 |   await act(async () => { tree = create(<Harness {...props} />); });
          |                                  ^
      127 |   trees.push(tree);
      128 |   return tree;
      129 | };

      at Object.<anonymous>.process.env.NODE_ENV.exports.create (node_modules/react-test-renderer/cjs/react-test-renderer.development.js:14598:17)
      at src/components/event/__tests__/issue_3416_recovery_retest.tester.adversarial.test.tsx:126:34
      at Object.<anonymous>.process.env.NODE_ENV.exports.act (node_modules/react/cjs/react.development.js:789:22)
      at mount (src/components/event/__tests__/issue_3416_recovery_retest.tester.adversarial.test.tsx:126:9)
      at Object.<anonymous> (src/components/event/__tests__/issue_3416_recovery_retest.tester.adversarial.test.tsx:427:22)

    console.error
      react-test-renderer is deprecated. See https://react.dev/warnings/react-test-renderer

      124 | const mount = async (props: HarnessProps = {}) => {
      125 |   let tree!: Tree;
    > 126 |   await act(async () => { tree = create(<Harness {...props} />); });
          |                                  ^
      127 |   trees.push(tree);
      128 |   return tree;
      129 | };

      at Object.<anonymous>.process.env.NODE_ENV.exports.create (node_modules/react-test-renderer/cjs/react-test-renderer.development.js:14598:17)
      at src/components/event/__tests__/issue_3416_recovery_retest.tester.adversarial.test.tsx:126:34
      at Object.<anonymous>.process.env.NODE_ENV.exports.act (node_modules/react/cjs/react.development.js:789:22)
      at mount (src/components/event/__tests__/issue_3416_recovery_retest.tester.adversarial.test.tsx:126:9)
      at Object.<anonymous> (src/components/event/__tests__/issue_3416_recovery_retest.tester.adversarial.test.tsx:432:9)

    console.error
      react-test-renderer is deprecated. See https://react.dev/warnings/react-test-renderer

      124 | const mount = async (props: HarnessProps = {}) => {
      125 |   let tree!: Tree;
    > 126 |   await act(async () => { tree = create(<Harness {...props} />); });
          |                                  ^
      127 |   trees.push(tree);
      128 |   return tree;
      129 | };

      at Object.<anonymous>.process.env.NODE_ENV.exports.create (node_modules/react-test-renderer/cjs/react-test-renderer.development.js:14598:17)
      at src/components/event/__tests__/issue_3416_recovery_retest.tester.adversarial.test.tsx:126:34
      at Object.<anonymous>.process.env.NODE_ENV.exports.act (node_modules/react/cjs/react.development.js:789:22)
      at mount (src/components/event/__tests__/issue_3416_recovery_retest.tester.adversarial.test.tsx:126:9)
      at Object.<anonymous> (src/components/event/__tests__/issue_3416_recovery_retest.tester.adversarial.test.tsx:442:22)

    console.error
      react-test-renderer is deprecated. See https://react.dev/warnings/react-test-renderer

      124 | const mount = async (props: HarnessProps = {}) => {
      125 |   let tree!: Tree;
    > 126 |   await act(async () => { tree = create(<Harness {...props} />); });
          |                                  ^
      127 |   trees.push(tree);
      128 |   return tree;
      129 | };

      at Object.<anonymous>.process.env.NODE_ENV.exports.create (node_modules/react-test-renderer/cjs/react-test-renderer.development.js:14598:17)
      at src/components/event/__tests__/issue_3416_recovery_retest.tester.adversarial.test.tsx:126:34
      at Object.<anonymous>.process.env.NODE_ENV.exports.act (node_modules/react/cjs/react.development.js:789:22)
      at mount (src/components/event/__tests__/issue_3416_recovery_retest.tester.adversarial.test.tsx:126:9)
      at Object.<anonymous> (src/components/event/__tests__/issue_3416_recovery_retest.tester.adversarial.test.tsx:446:9)

    console.error
      react-test-renderer is deprecated. See https://react.dev/warnings/react-test-renderer

      124 | const mount = async (props: HarnessProps = {}) => {
      125 |   let tree!: Tree;
    > 126 |   await act(async () => { tree = create(<Harness {...props} />); });
          |                                  ^
      127 |   trees.push(tree);
      128 |   return tree;
      129 | };

      at Object.<anonymous>.process.env.NODE_ENV.exports.create (node_modules/react-test-renderer/cjs/react-test-renderer.development.js:14598:17)
      at src/components/event/__tests__/issue_3416_recovery_retest.tester.adversarial.test.tsx:126:34
      at Object.<anonymous>.process.env.NODE_ENV.exports.act (node_modules/react/cjs/react.development.js:789:22)
      at mount (src/components/event/__tests__/issue_3416_recovery_retest.tester.adversarial.test.tsx:126:9)
      at Object.<anonymous> (src/components/event/__tests__/issue_3416_recovery_retest.tester.adversarial.test.tsx:454:9)

    console.error
      react-test-renderer is deprecated. See https://react.dev/warnings/react-test-renderer

      124 | const mount = async (props: HarnessProps = {}) => {
      125 |   let tree!: Tree;
    > 126 |   await act(async () => { tree = create(<Harness {...props} />); });
          |                                  ^
      127 |   trees.push(tree);
      128 |   return tree;
      129 | };

      at Object.<anonymous>.process.env.NODE_ENV.exports.create (node_modules/react-test-renderer/cjs/react-test-renderer.development.js:14598:17)
      at src/components/event/__tests__/issue_3416_recovery_retest.tester.adversarial.test.tsx:126:34
      at Object.<anonymous>.process.env.NODE_ENV.exports.act (node_modules/react/cjs/react.development.js:789:22)
      at mount (src/components/event/__tests__/issue_3416_recovery_retest.tester.adversarial.test.tsx:126:9)
      at Object.<anonymous> (src/components/event/__tests__/issue_3416_recovery_retest.tester.adversarial.test.tsx:462:9)

    console.error
      react-test-renderer is deprecated. See https://react.dev/warnings/react-test-renderer

      124 | const mount = async (props: HarnessProps = {}) => {
      125 |   let tree!: Tree;
    > 126 |   await act(async () => { tree = create(<Harness {...props} />); });
          |                                  ^
      127 |   trees.push(tree);
      128 |   return tree;
      129 | };

      at Object.<anonymous>.process.env.NODE_ENV.exports.create (node_modules/react-test-renderer/cjs/react-test-renderer.development.js:14598:17)
      at src/components/event/__tests__/issue_3416_recovery_retest.tester.adversarial.test.tsx:126:34
      at Object.<anonymous>.process.env.NODE_ENV.exports.act (node_modules/react/cjs/react.development.js:789:22)
      at mount (src/components/event/__tests__/issue_3416_recovery_retest.tester.adversarial.test.tsx:126:9)
      at Object.<anonymous> (src/components/event/__tests__/issue_3416_recovery_retest.tester.adversarial.test.tsx:471:9)

PASS src/components/event/__tests__/issue_3440_rsvp_identity.tester.adversarial.test.tsx
  ● Console

    console.error
      react-test-renderer is deprecated. See https://react.dev/warnings/react-test-renderer

      226 |   let tree!: Renderer;
      227 |   await act(async () => {
    > 228 |     tree = TestRenderer.create(
          |                         ^
      229 |       <PublicEventPage event={{ ...rsvpEvent, ...eventOverrides } as never} brand={brand as never} />,
      230 |     );
      231 |   });

      at Object.<anonymous>.process.env.NODE_ENV.exports.create (node_modules/react-test-renderer/cjs/react-test-renderer.development.js:14598:17)
      at src/components/event/__tests__/issue_3440_rsvp_identity.tester.adversarial.test.tsx:228:25
      at Object.<anonymous>.process.env.NODE_ENV.exports.act (node_modules/react/cjs/react.development.js:789:22)
      at renderPage (src/components/event/__tests__/issue_3440_rsvp_identity.tester.adversarial.test.tsx:227:9)
      at mount (src/components/event/__tests__/issue_3440_rsvp_identity.tester.adversarial.test.tsx:265:22)
      at Object.<anonymous> (src/components/event/__tests__/issue_3440_rsvp_identity.tester.adversarial.test.tsx:273:22)

    console.error
      react-test-renderer is deprecated. See https://react.dev/warnings/react-test-renderer

      226 |   let tree!: Renderer;
      227 |   await act(async () => {
    > 228 |     tree = TestRenderer.create(
          |                         ^
      229 |       <PublicEventPage event={{ ...rsvpEvent, ...eventOverrides } as never} brand={brand as never} />,
      230 |     );
      231 |   });

      at Object.<anonymous>.process.env.NODE_ENV.exports.create (node_modules/react-test-renderer/cjs/react-test-renderer.development.js:14598:17)
      at src/components/event/__tests__/issue_3440_rsvp_identity.tester.adversarial.test.tsx:228:25
      at Object.<anonymous>.process.env.NODE_ENV.exports.act (node_modules/react/cjs/react.development.js:789:22)
      at renderPage (src/components/event/__tests__/issue_3440_rsvp_identity.tester.adversarial.test.tsx:227:9)
      at mount (src/components/event/__tests__/issue_3440_rsvp_identity.tester.adversarial.test.tsx:265:22)
      at Object.<anonymous> (src/components/event/__tests__/issue_3440_rsvp_identity.tester.adversarial.test.tsx:287:22)

    console.error
      react-test-renderer is deprecated. See https://react.dev/warnings/react-test-renderer

      226 |   let tree!: Renderer;
      227 |   await act(async () => {
    > 228 |     tree = TestRenderer.create(
          |                         ^
      229 |       <PublicEventPage event={{ ...rsvpEvent, ...eventOverrides } as never} brand={brand as never} />,
      230 |     );
      231 |   });

      at Object.<anonymous>.process.env.NODE_ENV.exports.create (node_modules/react-test-renderer/cjs/react-test-renderer.development.js:14598:17)
      at src/components/event/__tests__/issue_3440_rsvp_identity.tester.adversarial.test.tsx:228:25
      at Object.<anonymous>.process.env.NODE_ENV.exports.act (node_modules/react/cjs/react.development.js:789:22)
      at renderPage (src/components/event/__tests__/issue_3440_rsvp_identity.tester.adversarial.test.tsx:227:9)
      at mount (src/components/event/__tests__/issue_3440_rsvp_identity.tester.adversarial.test.tsx:265:22)
      at Object.<anonymous> (src/components/event/__tests__/issue_3440_rsvp_identity.tester.adversarial.test.tsx:296:22)

    console.error
      react-test-renderer is deprecated. See https://react.dev/warnings/react-test-renderer

      226 |   let tree!: Renderer;
      227 |   await act(async () => {
    > 228 |     tree = TestRenderer.create(
          |                         ^
      229 |       <PublicEventPage event={{ ...rsvpEvent, ...eventOverrides } as never} brand={brand as never} />,
      230 |     );
      231 |   });

      at Object.<anonymous>.process.env.NODE_ENV.exports.create (node_modules/react-test-renderer/cjs/react-test-renderer.development.js:14598:17)
      at src/components/event/__tests__/issue_3440_rsvp_identity.tester.adversarial.test.tsx:228:25
      at Object.<anonymous>.process.env.NODE_ENV.exports.act (node_modules/react/cjs/react.development.js:789:22)
      at renderPage (src/components/event/__tests__/issue_3440_rsvp_identity.tester.adversarial.test.tsx:227:9)
      at mount (src/components/event/__tests__/issue_3440_rsvp_identity.tester.adversarial.test.tsx:265:22)
      at Object.<anonymous> (src/components/event/__tests__/issue_3440_rsvp_identity.tester.adversarial.test.tsx:307:22)

    console.error
      react-test-renderer is deprecated. See https://react.dev/warnings/react-test-renderer

      226 |   let tree!: Renderer;
      227 |   await act(async () => {
    > 228 |     tree = TestRenderer.create(
          |                         ^
      229 |       <PublicEventPage event={{ ...rsvpEvent, ...eventOverrides } as never} brand={brand as never} />,
      230 |     );
      231 |   });

      at Object.<anonymous>.process.env.NODE_ENV.exports.create (node_modules/react-test-renderer/cjs/react-test-renderer.development.js:14598:17)
      at src/components/event/__tests__/issue_3440_rsvp_identity.tester.adversarial.test.tsx:228:25
      at Object.<anonymous>.process.env.NODE_ENV.exports.act (node_modules/react/cjs/react.development.js:789:22)
      at renderPage (src/components/event/__tests__/issue_3440_rsvp_identity.tester.adversarial.test.tsx:227:9)
      at mount (src/components/event/__tests__/issue_3440_rsvp_identity.tester.adversarial.test.tsx:265:22)
      at Object.<anonymous> (src/components/event/__tests__/issue_3440_rsvp_identity.tester.adversarial.test.tsx:317:22)

    console.error
      react-test-renderer is deprecated. See https://react.dev/warnings/react-test-renderer

      226 |   let tree!: Renderer;
      227 |   await act(async () => {
    > 228 |     tree = TestRenderer.create(
          |                         ^
      229 |       <PublicEventPage event={{ ...rsvpEvent, ...eventOverrides } as never} brand={brand as never} />,
      230 |     );
      231 |   });

      at Object.<anonymous>.process.env.NODE_ENV.exports.create (node_modules/react-test-renderer/cjs/react-test-renderer.development.js:14598:17)
      at src/components/event/__tests__/issue_3440_rsvp_identity.tester.adversarial.test.tsx:228:25
      at Object.<anonymous>.process.env.NODE_ENV.exports.act (node_modules/react/cjs/react.development.js:789:22)
      at renderPage (src/components/event/__tests__/issue_3440_rsvp_identity.tester.adversarial.test.tsx:227:9)
      at mount (src/components/event/__tests__/issue_3440_rsvp_identity.tester.adversarial.test.tsx:265:22)
      at Object.<anonymous> (src/components/event/__tests__/issue_3440_rsvp_identity.tester.adversarial.test.tsx:326:26)

    console.error
      react-test-renderer is deprecated. See https://react.dev/warnings/react-test-renderer

      226 |   let tree!: Renderer;
      227 |   await act(async () => {
    > 228 |     tree = TestRenderer.create(
          |                         ^
      229 |       <PublicEventPage event={{ ...rsvpEvent, ...eventOverrides } as never} brand={brand as never} />,
      230 |     );
      231 |   });

      at Object.<anonymous>.process.env.NODE_ENV.exports.create (node_modules/react-test-renderer/cjs/react-test-renderer.development.js:14598:17)
      at src/components/event/__tests__/issue_3440_rsvp_identity.tester.adversarial.test.tsx:228:25
      at Object.<anonymous>.process.env.NODE_ENV.exports.act (node_modules/react/cjs/react.development.js:789:22)
      at renderPage (src/components/event/__tests__/issue_3440_rsvp_identity.tester.adversarial.test.tsx:227:9)
      at mount (src/components/event/__tests__/issue_3440_rsvp_identity.tester.adversarial.test.tsx:265:22)
      at src/components/event/__tests__/issue_3440_rsvp_identity.tester.adversarial.test.tsx:335:22

    console.error
      react-test-renderer is deprecated. See https://react.dev/warnings/react-test-renderer

      226 |   let tree!: Renderer;
      227 |   await act(async () => {
    > 228 |     tree = TestRenderer.create(
          |                         ^
      229 |       <PublicEventPage event={{ ...rsvpEvent, ...eventOverrides } as never} brand={brand as never} />,
      230 |     );
      231 |   });

      at Object.<anonymous>.process.env.NODE_ENV.exports.create (node_modules/react-test-renderer/cjs/react-test-renderer.development.js:14598:17)
      at src/components/event/__tests__/issue_3440_rsvp_identity.tester.adversarial.test.tsx:228:25
      at Object.<anonymous>.process.env.NODE_ENV.exports.act (node_modules/react/cjs/react.development.js:789:22)
      at renderPage (src/components/event/__tests__/issue_3440_rsvp_identity.tester.adversarial.test.tsx:227:9)
      at mount (src/components/event/__tests__/issue_3440_rsvp_identity.tester.adversarial.test.tsx:265:22)
      at src/components/event/__tests__/issue_3440_rsvp_identity.tester.adversarial.test.tsx:335:22

    console.error
      react-test-renderer is deprecated. See https://react.dev/warnings/react-test-renderer

      226 |   let tree!: Renderer;
      227 |   await act(async () => {
    > 228 |     tree = TestRenderer.create(
          |                         ^
      229 |       <PublicEventPage event={{ ...rsvpEvent, ...eventOverrides } as never} brand={brand as never} />,
      230 |     );
      231 |   });

      at Object.<anonymous>.process.env.NODE_ENV.exports.create (node_modules/react-test-renderer/cjs/react-test-renderer.development.js:14598:17)
      at src/components/event/__tests__/issue_3440_rsvp_identity.tester.adversarial.test.tsx:228:25
      at Object.<anonymous>.process.env.NODE_ENV.exports.act (node_modules/react/cjs/react.development.js:789:22)
      at renderPage (src/components/event/__tests__/issue_3440_rsvp_identity.tester.adversarial.test.tsx:227:9)
      at mount (src/components/event/__tests__/issue_3440_rsvp_identity.tester.adversarial.test.tsx:265:22)
      at src/components/event/__tests__/issue_3440_rsvp_identity.tester.adversarial.test.tsx:335:22

    console.error
      react-test-renderer is deprecated. See https://react.dev/warnings/react-test-renderer

      226 |   let tree!: Renderer;
      227 |   await act(async () => {
    > 228 |     tree = TestRenderer.create(
          |                         ^
      229 |       <PublicEventPage event={{ ...rsvpEvent, ...eventOverrides } as never} brand={brand as never} />,
      230 |     );
      231 |   });

      at Object.<anonymous>.process.env.NODE_ENV.exports.create (node_modules/react-test-renderer/cjs/react-test-renderer.development.js:14598:17)
      at src/components/event/__tests__/issue_3440_rsvp_identity.tester.adversarial.test.tsx:228:25
      at Object.<anonymous>.process.env.NODE_ENV.exports.act (node_modules/react/cjs/react.development.js:789:22)
      at renderPage (src/components/event/__tests__/issue_3440_rsvp_identity.tester.adversarial.test.tsx:227:9)
      at mount (src/components/event/__tests__/issue_3440_rsvp_identity.tester.adversarial.test.tsx:265:22)
      at src/components/event/__tests__/issue_3440_rsvp_identity.tester.adversarial.test.tsx:351:22

    console.error
      react-test-renderer is deprecated. See https://react.dev/warnings/react-test-renderer

      226 |   let tree!: Renderer;
      227 |   await act(async () => {
    > 228 |     tree = TestRenderer.create(
          |                         ^
      229 |       <PublicEventPage event={{ ...rsvpEvent, ...eventOverrides } as never} brand={brand as never} />,
      230 |     );
      231 |   });

      at Object.<anonymous>.process.env.NODE_ENV.exports.create (node_modules/react-test-renderer/cjs/react-test-renderer.development.js:14598:17)
      at src/components/event/__tests__/issue_3440_rsvp_identity.tester.adversarial.test.tsx:228:25
      at Object.<anonymous>.process.env.NODE_ENV.exports.act (node_modules/react/cjs/react.development.js:789:22)
      at renderPage (src/components/event/__tests__/issue_3440_rsvp_identity.tester.adversarial.test.tsx:227:9)
      at mount (src/components/event/__tests__/issue_3440_rsvp_identity.tester.adversarial.test.tsx:265:22)
      at src/components/event/__tests__/issue_3440_rsvp_identity.tester.adversarial.test.tsx:351:22

    console.error
      react-test-renderer is deprecated. See https://react.dev/warnings/react-test-renderer

      226 |   let tree!: Renderer;
      227 |   await act(async () => {
    > 228 |     tree = TestRenderer.create(
          |                         ^
      229 |       <PublicEventPage event={{ ...rsvpEvent, ...eventOverrides } as never} brand={brand as never} />,
      230 |     );
      231 |   });

      at Object.<anonymous>.process.env.NODE_ENV.exports.create (node_modules/react-test-renderer/cjs/react-test-renderer.development.js:14598:17)
      at src/components/event/__tests__/issue_3440_rsvp_identity.tester.adversarial.test.tsx:228:25
      at Object.<anonymous>.process.env.NODE_ENV.exports.act (node_modules/react/cjs/react.development.js:789:22)
      at renderPage (src/components/event/__tests__/issue_3440_rsvp_identity.tester.adversarial.test.tsx:227:9)
      at mount (src/components/event/__tests__/issue_3440_rsvp_identity.tester.adversarial.test.tsx:265:22)
      at src/components/event/__tests__/issue_3440_rsvp_identity.tester.adversarial.test.tsx:351:22

    console.error
      react-test-renderer is deprecated. See https://react.dev/warnings/react-test-renderer

      226 |   let tree!: Renderer;
      227 |   await act(async () => {
    > 228 |     tree = TestRenderer.create(
          |                         ^
      229 |       <PublicEventPage event={{ ...rsvpEvent, ...eventOverrides } as never} brand={brand as never} />,
      230 |     );
      231 |   });

      at Object.<anonymous>.process.env.NODE_ENV.exports.create (node_modules/react-test-renderer/cjs/react-test-renderer.development.js:14598:17)
      at src/components/event/__tests__/issue_3440_rsvp_identity.tester.adversarial.test.tsx:228:25
      at Object.<anonymous>.process.env.NODE_ENV.exports.act (node_modules/react/cjs/react.development.js:789:22)
      at renderPage (src/components/event/__tests__/issue_3440_rsvp_identity.tester.adversarial.test.tsx:227:9)
      at mount (src/components/event/__tests__/issue_3440_rsvp_identity.tester.adversarial.test.tsx:265:22)
      at Object.<anonymous> (src/components/event/__tests__/issue_3440_rsvp_identity.tester.adversarial.test.tsx:362:22)

    console.error
      react-test-renderer is deprecated. See https://react.dev/warnings/react-test-renderer

      226 |   let tree!: Renderer;
      227 |   await act(async () => {
    > 228 |     tree = TestRenderer.create(
          |                         ^
      229 |       <PublicEventPage event={{ ...rsvpEvent, ...eventOverrides } as never} brand={brand as never} />,
      230 |     );
      231 |   });

      at Object.<anonymous>.process.env.NODE_ENV.exports.create (node_modules/react-test-renderer/cjs/react-test-renderer.development.js:14598:17)
      at src/components/event/__tests__/issue_3440_rsvp_identity.tester.adversarial.test.tsx:228:25
      at Object.<anonymous>.process.env.NODE_ENV.exports.act (node_modules/react/cjs/react.development.js:789:22)
      at renderPage (src/components/event/__tests__/issue_3440_rsvp_identity.tester.adversarial.test.tsx:227:9)
      at mount (src/components/event/__tests__/issue_3440_rsvp_identity.tester.adversarial.test.tsx:265:22)
      at src/components/event/__tests__/issue_3440_rsvp_identity.tester.adversarial.test.tsx:376:22

    console.error
      react-test-renderer is deprecated. See https://react.dev/warnings/react-test-renderer

      226 |   let tree!: Renderer;
      227 |   await act(async () => {
    > 228 |     tree = TestRenderer.create(
          |                         ^
      229 |       <PublicEventPage event={{ ...rsvpEvent, ...eventOverrides } as never} brand={brand as never} />,
      230 |     );
      231 |   });

      at Object.<anonymous>.process.env.NODE_ENV.exports.create (node_modules/react-test-renderer/cjs/react-test-renderer.development.js:14598:17)
      at src/components/event/__tests__/issue_3440_rsvp_identity.tester.adversarial.test.tsx:228:25
      at Object.<anonymous>.process.env.NODE_ENV.exports.act (node_modules/react/cjs/react.development.js:789:22)
      at renderPage (src/components/event/__tests__/issue_3440_rsvp_identity.tester.adversarial.test.tsx:227:9)
      at mount (src/components/event/__tests__/issue_3440_rsvp_identity.tester.adversarial.test.tsx:265:22)
      at src/components/event/__tests__/issue_3440_rsvp_identity.tester.adversarial.test.tsx:376:22

    console.error
      react-test-renderer is deprecated. See https://react.dev/warnings/react-test-renderer

      226 |   let tree!: Renderer;
      227 |   await act(async () => {
    > 228 |     tree = TestRenderer.create(
          |                         ^
      229 |       <PublicEventPage event={{ ...rsvpEvent, ...eventOverrides } as never} brand={brand as never} />,
      230 |     );
      231 |   });

      at Object.<anonymous>.process.env.NODE_ENV.exports.create (node_modules/react-test-renderer/cjs/react-test-renderer.development.js:14598:17)
      at src/components/event/__tests__/issue_3440_rsvp_identity.tester.adversarial.test.tsx:228:25
      at Object.<anonymous>.process.env.NODE_ENV.exports.act (node_modules/react/cjs/react.development.js:789:22)
      at renderPage (src/components/event/__tests__/issue_3440_rsvp_identity.tester.adversarial.test.tsx:227:9)
      at mount (src/components/event/__tests__/issue_3440_rsvp_identity.tester.adversarial.test.tsx:265:22)
      at src/components/event/__tests__/issue_3440_rsvp_identity.tester.adversarial.test.tsx:387:22

    console.error
      react-test-renderer is deprecated. See https://react.dev/warnings/react-test-renderer

      226 |   let tree!: Renderer;
      227 |   await act(async () => {
    > 228 |     tree = TestRenderer.create(
          |                         ^
      229 |       <PublicEventPage event={{ ...rsvpEvent, ...eventOverrides } as never} brand={brand as never} />,
      230 |     );
      231 |   });

      at Object.<anonymous>.process.env.NODE_ENV.exports.create (node_modules/react-test-renderer/cjs/react-test-renderer.development.js:14598:17)
      at src/components/event/__tests__/issue_3440_rsvp_identity.tester.adversarial.test.tsx:228:25
      at Object.<anonymous>.process.env.NODE_ENV.exports.act (node_modules/react/cjs/react.development.js:789:22)
      at renderPage (src/components/event/__tests__/issue_3440_rsvp_identity.tester.adversarial.test.tsx:227:9)
      at mount (src/components/event/__tests__/issue_3440_rsvp_identity.tester.adversarial.test.tsx:265:22)
      at src/components/event/__tests__/issue_3440_rsvp_identity.tester.adversarial.test.tsx:387:22

    console.error
      react-test-renderer is deprecated. See https://react.dev/warnings/react-test-renderer

      226 |   let tree!: Renderer;
      227 |   await act(async () => {
    > 228 |     tree = TestRenderer.create(
          |                         ^
      229 |       <PublicEventPage event={{ ...rsvpEvent, ...eventOverrides } as never} brand={brand as never} />,
      230 |     );
      231 |   });

      at Object.<anonymous>.process.env.NODE_ENV.exports.create (node_modules/react-test-renderer/cjs/react-test-renderer.development.js:14598:17)
      at src/components/event/__tests__/issue_3440_rsvp_identity.tester.adversarial.test.tsx:228:25
      at Object.<anonymous>.process.env.NODE_ENV.exports.act (node_modules/react/cjs/react.development.js:789:22)
      at renderPage (src/components/event/__tests__/issue_3440_rsvp_identity.tester.adversarial.test.tsx:227:9)
      at mount (src/components/event/__tests__/issue_3440_rsvp_identity.tester.adversarial.test.tsx:265:22)
      at src/components/event/__tests__/issue_3440_rsvp_identity.tester.adversarial.test.tsx:387:22

    console.error
      react-test-renderer is deprecated. See https://react.dev/warnings/react-test-renderer

      226 |   let tree!: Renderer;
      227 |   await act(async () => {
    > 228 |     tree = TestRenderer.create(
          |                         ^
      229 |       <PublicEventPage event={{ ...rsvpEvent, ...eventOverrides } as never} brand={brand as never} />,
      230 |     );
      231 |   });

      at Object.<anonymous>.process.env.NODE_ENV.exports.create (node_modules/react-test-renderer/cjs/react-test-renderer.development.js:14598:17)
      at src/components/event/__tests__/issue_3440_rsvp_identity.tester.adversarial.test.tsx:228:25
      at Object.<anonymous>.process.env.NODE_ENV.exports.act (node_modules/react/cjs/react.development.js:789:22)
      at renderPage (src/components/event/__tests__/issue_3440_rsvp_identity.tester.adversarial.test.tsx:227:9)
      at mount (src/components/event/__tests__/issue_3440_rsvp_identity.tester.adversarial.test.tsx:265:22)
      at Object.<anonymous> (src/components/event/__tests__/issue_3440_rsvp_identity.tester.adversarial.test.tsx:406:22)

    console.error
      react-test-renderer is deprecated. See https://react.dev/warnings/react-test-renderer

      226 |   let tree!: Renderer;
      227 |   await act(async () => {
    > 228 |     tree = TestRenderer.create(
          |                         ^
      229 |       <PublicEventPage event={{ ...rsvpEvent, ...eventOverrides } as never} brand={brand as never} />,
      230 |     );
      231 |   });

      at Object.<anonymous>.process.env.NODE_ENV.exports.create (node_modules/react-test-renderer/cjs/react-test-renderer.development.js:14598:17)
      at src/components/event/__tests__/issue_3440_rsvp_identity.tester.adversarial.test.tsx:228:25
      at Object.<anonymous>.process.env.NODE_ENV.exports.act (node_modules/react/cjs/react.development.js:789:22)
      at renderPage (src/components/event/__tests__/issue_3440_rsvp_identity.tester.adversarial.test.tsx:227:9)
      at mount (src/components/event/__tests__/issue_3440_rsvp_identity.tester.adversarial.test.tsx:265:22)
      at Object.<anonymous> (src/components/event/__tests__/issue_3440_rsvp_identity.tester.adversarial.test.tsx:414:9)

    console.error
      react-test-renderer is deprecated. See https://react.dev/warnings/react-test-renderer

      226 |   let tree!: Renderer;
      227 |   await act(async () => {
    > 228 |     tree = TestRenderer.create(
          |                         ^
      229 |       <PublicEventPage event={{ ...rsvpEvent, ...eventOverrides } as never} brand={brand as never} />,
      230 |     );
      231 |   });

      at Object.<anonymous>.process.env.NODE_ENV.exports.create (node_modules/react-test-renderer/cjs/react-test-renderer.development.js:14598:17)
      at src/components/event/__tests__/issue_3440_rsvp_identity.tester.adversarial.test.tsx:228:25
      at Object.<anonymous>.process.env.NODE_ENV.exports.act (node_modules/react/cjs/react.development.js:789:22)
      at renderPage (src/components/event/__tests__/issue_3440_rsvp_identity.tester.adversarial.test.tsx:227:9)
      at mount (src/components/event/__tests__/issue_3440_rsvp_identity.tester.adversarial.test.tsx:265:22)
      at Object.<anonymous> (src/components/event/__tests__/issue_3440_rsvp_identity.tester.adversarial.test.tsx:424:22)

    console.error
      react-test-renderer is deprecated. See https://react.dev/warnings/react-test-renderer

      226 |   let tree!: Renderer;
      227 |   await act(async () => {
    > 228 |     tree = TestRenderer.create(
          |                         ^
      229 |       <PublicEventPage event={{ ...rsvpEvent, ...eventOverrides } as never} brand={brand as never} />,
      230 |     );
      231 |   });

      at Object.<anonymous>.process.env.NODE_ENV.exports.create (node_modules/react-test-renderer/cjs/react-test-renderer.development.js:14598:17)
      at src/components/event/__tests__/issue_3440_rsvp_identity.tester.adversarial.test.tsx:228:25
      at Object.<anonymous>.process.env.NODE_ENV.exports.act (node_modules/react/cjs/react.development.js:789:22)
      at renderPage (src/components/event/__tests__/issue_3440_rsvp_identity.tester.adversarial.test.tsx:227:9)
      at mount (src/components/event/__tests__/issue_3440_rsvp_identity.tester.adversarial.test.tsx:265:22)
      at Object.<anonymous> (src/components/event/__tests__/issue_3440_rsvp_identity.tester.adversarial.test.tsx:432:9)

    console.error
      react-test-renderer is deprecated. See https://react.dev/warnings/react-test-renderer

      226 |   let tree!: Renderer;
      227 |   await act(async () => {
    > 228 |     tree = TestRenderer.create(
          |                         ^
      229 |       <PublicEventPage event={{ ...rsvpEvent, ...eventOverrides } as never} brand={brand as never} />,
      230 |     );
      231 |   });

      at Object.<anonymous>.process.env.NODE_ENV.exports.create (node_modules/react-test-renderer/cjs/react-test-renderer.development.js:14598:17)
      at src/components/event/__tests__/issue_3440_rsvp_identity.tester.adversarial.test.tsx:228:25
      at Object.<anonymous>.process.env.NODE_ENV.exports.act (node_modules/react/cjs/react.development.js:789:22)
      at renderPage (src/components/event/__tests__/issue_3440_rsvp_identity.tester.adversarial.test.tsx:227:9)
      at mount (src/components/event/__tests__/issue_3440_rsvp_identity.tester.adversarial.test.tsx:265:22)
      at Object.<anonymous> (src/components/event/__tests__/issue_3440_rsvp_identity.tester.adversarial.test.tsx:443:22)

    console.error
      react-test-renderer is deprecated. See https://react.dev/warnings/react-test-renderer

      226 |   let tree!: Renderer;
      227 |   await act(async () => {
    > 228 |     tree = TestRenderer.create(
          |                         ^
      229 |       <PublicEventPage event={{ ...rsvpEvent, ...eventOverrides } as never} brand={brand as never} />,
      230 |     );
      231 |   });

      at Object.<anonymous>.process.env.NODE_ENV.exports.create (node_modules/react-test-renderer/cjs/react-test-renderer.development.js:14598:17)
      at src/components/event/__tests__/issue_3440_rsvp_identity.tester.adversarial.test.tsx:228:25
      at Object.<anonymous>.process.env.NODE_ENV.exports.act (node_modules/react/cjs/react.development.js:789:22)
      at renderPage (src/components/event/__tests__/issue_3440_rsvp_identity.tester.adversarial.test.tsx:227:9)
      at mount (src/components/event/__tests__/issue_3440_rsvp_identity.tester.adversarial.test.tsx:265:22)
      at Object.<anonymous> (src/components/event/__tests__/issue_3440_rsvp_identity.tester.adversarial.test.tsx:459:22)

    console.error
      react-test-renderer is deprecated. See https://react.dev/warnings/react-test-renderer

      226 |   let tree!: Renderer;
      227 |   await act(async () => {
    > 228 |     tree = TestRenderer.create(
          |                         ^
      229 |       <PublicEventPage event={{ ...rsvpEvent, ...eventOverrides } as never} brand={brand as never} />,
      230 |     );
      231 |   });

      at Object.<anonymous>.process.env.NODE_ENV.exports.create (node_modules/react-test-renderer/cjs/react-test-renderer.development.js:14598:17)
      at src/components/event/__tests__/issue_3440_rsvp_identity.tester.adversarial.test.tsx:228:25
      at Object.<anonymous>.process.env.NODE_ENV.exports.act (node_modules/react/cjs/react.development.js:789:22)
      at renderPage (src/components/event/__tests__/issue_3440_rsvp_identity.tester.adversarial.test.tsx:227:9)
      at mount (src/components/event/__tests__/issue_3440_rsvp_identity.tester.adversarial.test.tsx:265:22)
      at Object.<anonymous> (src/components/event/__tests__/issue_3440_rsvp_identity.tester.adversarial.test.tsx:473:9)

PASS src/components/event/__tests__/issue_3440_storage_failure.tester.adversarial.test.tsx
  ● Console

    console.error
      react-test-renderer is deprecated. See https://react.dev/warnings/react-test-renderer

      63 | const mount = async (identity: string | null = null) => {
      64 |   let tree!: Tree;
    > 65 |   await act(async () => { tree = create(<Harness identity={identity} />); });
         |                                  ^
      66 |   trees.push(tree);
      67 |   return tree;
      68 | };

      at Object.<anonymous>.process.env.NODE_ENV.exports.create (node_modules/react-test-renderer/cjs/react-test-renderer.development.js:14598:17)
      at src/components/event/__tests__/issue_3440_storage_failure.tester.adversarial.test.tsx:65:34
      at Object.<anonymous>.process.env.NODE_ENV.exports.act (node_modules/react/cjs/react.development.js:789:22)
      at mount (src/components/event/__tests__/issue_3440_storage_failure.tester.adversarial.test.tsx:65:9)
      at src/components/event/__tests__/issue_3440_storage_failure.tester.adversarial.test.tsx:92:9

    console.error
      react-test-renderer is deprecated. See https://react.dev/warnings/react-test-renderer

      63 | const mount = async (identity: string | null = null) => {
      64 |   let tree!: Tree;
    > 65 |   await act(async () => { tree = create(<Harness identity={identity} />); });
         |                                  ^
      66 |   trees.push(tree);
      67 |   return tree;
      68 | };

      at Object.<anonymous>.process.env.NODE_ENV.exports.create (node_modules/react-test-renderer/cjs/react-test-renderer.development.js:14598:17)
      at src/components/event/__tests__/issue_3440_storage_failure.tester.adversarial.test.tsx:65:34
      at Object.<anonymous>.process.env.NODE_ENV.exports.act (node_modules/react/cjs/react.development.js:789:22)
      at mount (src/components/event/__tests__/issue_3440_storage_failure.tester.adversarial.test.tsx:65:9)
      at src/components/event/__tests__/issue_3440_storage_failure.tester.adversarial.test.tsx:92:9

    console.error
      react-test-renderer is deprecated. See https://react.dev/warnings/react-test-renderer

      63 | const mount = async (identity: string | null = null) => {
      64 |   let tree!: Tree;
    > 65 |   await act(async () => { tree = create(<Harness identity={identity} />); });
         |                                  ^
      66 |   trees.push(tree);
      67 |   return tree;
      68 | };

      at Object.<anonymous>.process.env.NODE_ENV.exports.create (node_modules/react-test-renderer/cjs/react-test-renderer.development.js:14598:17)
      at src/components/event/__tests__/issue_3440_storage_failure.tester.adversarial.test.tsx:65:34
      at Object.<anonymous>.process.env.NODE_ENV.exports.act (node_modules/react/cjs/react.development.js:789:22)
      at mount (src/components/event/__tests__/issue_3440_storage_failure.tester.adversarial.test.tsx:65:9)
      at src/components/event/__tests__/issue_3440_storage_failure.tester.adversarial.test.tsx:92:9

    console.error
      react-test-renderer is deprecated. See https://react.dev/warnings/react-test-renderer

      63 | const mount = async (identity: string | null = null) => {
      64 |   let tree!: Tree;
    > 65 |   await act(async () => { tree = create(<Harness identity={identity} />); });
         |                                  ^
      66 |   trees.push(tree);
      67 |   return tree;
      68 | };

      at Object.<anonymous>.process.env.NODE_ENV.exports.create (node_modules/react-test-renderer/cjs/react-test-renderer.development.js:14598:17)
      at src/components/event/__tests__/issue_3440_storage_failure.tester.adversarial.test.tsx:65:34
      at Object.<anonymous>.process.env.NODE_ENV.exports.act (node_modules/react/cjs/react.development.js:789:22)
      at mount (src/components/event/__tests__/issue_3440_storage_failure.tester.adversarial.test.tsx:65:9)
      at src/components/event/__tests__/issue_3440_storage_failure.tester.adversarial.test.tsx:110:22

    console.error
      react-test-renderer is deprecated. See https://react.dev/warnings/react-test-renderer

      63 | const mount = async (identity: string | null = null) => {
      64 |   let tree!: Tree;
    > 65 |   await act(async () => { tree = create(<Harness identity={identity} />); });
         |                                  ^
      66 |   trees.push(tree);
      67 |   return tree;
      68 | };

      at Object.<anonymous>.process.env.NODE_ENV.exports.create (node_modules/react-test-renderer/cjs/react-test-renderer.development.js:14598:17)
      at src/components/event/__tests__/issue_3440_storage_failure.tester.adversarial.test.tsx:65:34
      at Object.<anonymous>.process.env.NODE_ENV.exports.act (node_modules/react/cjs/react.development.js:789:22)
      at mount (src/components/event/__tests__/issue_3440_storage_failure.tester.adversarial.test.tsx:65:9)
      at src/components/event/__tests__/issue_3440_storage_failure.tester.adversarial.test.tsx:120:9

    console.error
      react-test-renderer is deprecated. See https://react.dev/warnings/react-test-renderer

      63 | const mount = async (identity: string | null = null) => {
      64 |   let tree!: Tree;
    > 65 |   await act(async () => { tree = create(<Harness identity={identity} />); });
         |                                  ^
      66 |   trees.push(tree);
      67 |   return tree;
      68 | };

      at Object.<anonymous>.process.env.NODE_ENV.exports.create (node_modules/react-test-renderer/cjs/react-test-renderer.development.js:14598:17)
      at src/components/event/__tests__/issue_3440_storage_failure.tester.adversarial.test.tsx:65:34
      at Object.<anonymous>.process.env.NODE_ENV.exports.act (node_modules/react/cjs/react.development.js:789:22)
      at mount (src/components/event/__tests__/issue_3440_storage_failure.tester.adversarial.test.tsx:65:9)
      at src/components/event/__tests__/issue_3440_storage_failure.tester.adversarial.test.tsx:110:22

    console.error
      react-test-renderer is deprecated. See https://react.dev/warnings/react-test-renderer

      63 | const mount = async (identity: string | null = null) => {
      64 |   let tree!: Tree;
    > 65 |   await act(async () => { tree = create(<Harness identity={identity} />); });
         |                                  ^
      66 |   trees.push(tree);
      67 |   return tree;
      68 | };

      at Object.<anonymous>.process.env.NODE_ENV.exports.create (node_modules/react-test-renderer/cjs/react-test-renderer.development.js:14598:17)
      at src/components/event/__tests__/issue_3440_storage_failure.tester.adversarial.test.tsx:65:34
      at Object.<anonymous>.process.env.NODE_ENV.exports.act (node_modules/react/cjs/react.development.js:789:22)
      at mount (src/components/event/__tests__/issue_3440_storage_failure.tester.adversarial.test.tsx:65:9)
      at src/components/event/__tests__/issue_3440_storage_failure.tester.adversarial.test.tsx:120:9

    console.error
      react-test-renderer is deprecated. See https://react.dev/warnings/react-test-renderer

      63 | const mount = async (identity: string | null = null) => {
      64 |   let tree!: Tree;
    > 65 |   await act(async () => { tree = create(<Harness identity={identity} />); });
         |                                  ^
      66 |   trees.push(tree);
      67 |   return tree;
      68 | };

      at Object.<anonymous>.process.env.NODE_ENV.exports.create (node_modules/react-test-renderer/cjs/react-test-renderer.development.js:14598:17)
      at src/components/event/__tests__/issue_3440_storage_failure.tester.adversarial.test.tsx:65:34
      at Object.<anonymous>.process.env.NODE_ENV.exports.act (node_modules/react/cjs/react.development.js:789:22)
      at mount (src/components/event/__tests__/issue_3440_storage_failure.tester.adversarial.test.tsx:65:9)
      at src/components/event/__tests__/issue_3440_storage_failure.tester.adversarial.test.tsx:110:22

    console.error
      react-test-renderer is deprecated. See https://react.dev/warnings/react-test-renderer

      63 | const mount = async (identity: string | null = null) => {
      64 |   let tree!: Tree;
    > 65 |   await act(async () => { tree = create(<Harness identity={identity} />); });
         |                                  ^
      66 |   trees.push(tree);
      67 |   return tree;
      68 | };

      at Object.<anonymous>.process.env.NODE_ENV.exports.create (node_modules/react-test-renderer/cjs/react-test-renderer.development.js:14598:17)
      at src/components/event/__tests__/issue_3440_storage_failure.tester.adversarial.test.tsx:65:34
      at Object.<anonymous>.process.env.NODE_ENV.exports.act (node_modules/react/cjs/react.development.js:789:22)
      at mount (src/components/event/__tests__/issue_3440_storage_failure.tester.adversarial.test.tsx:65:9)
      at src/components/event/__tests__/issue_3440_storage_failure.tester.adversarial.test.tsx:120:9

    console.error
      react-test-renderer is deprecated. See https://react.dev/warnings/react-test-renderer

      63 | const mount = async (identity: string | null = null) => {
      64 |   let tree!: Tree;
    > 65 |   await act(async () => { tree = create(<Harness identity={identity} />); });
         |                                  ^
      66 |   trees.push(tree);
      67 |   return tree;
      68 | };

      at Object.<anonymous>.process.env.NODE_ENV.exports.create (node_modules/react-test-renderer/cjs/react-test-renderer.development.js:14598:17)
      at src/components/event/__tests__/issue_3440_storage_failure.tester.adversarial.test.tsx:65:34
      at Object.<anonymous>.process.env.NODE_ENV.exports.act (node_modules/react/cjs/react.development.js:789:22)
      at mount (src/components/event/__tests__/issue_3440_storage_failure.tester.adversarial.test.tsx:65:9)
      at Object.<anonymous> (src/components/event/__tests__/issue_3440_storage_failure.tester.adversarial.test.tsx:128:22)

    console.error
      react-test-renderer is deprecated. See https://react.dev/warnings/react-test-renderer

      63 | const mount = async (identity: string | null = null) => {
      64 |   let tree!: Tree;
    > 65 |   await act(async () => { tree = create(<Harness identity={identity} />); });
         |                                  ^
      66 |   trees.push(tree);
      67 |   return tree;
      68 | };

      at Object.<anonymous>.process.env.NODE_ENV.exports.create (node_modules/react-test-renderer/cjs/react-test-renderer.development.js:14598:17)
      at src/components/event/__tests__/issue_3440_storage_failure.tester.adversarial.test.tsx:65:34
      at Object.<anonymous>.process.env.NODE_ENV.exports.act (node_modules/react/cjs/react.development.js:789:22)
      at mount (src/components/event/__tests__/issue_3440_storage_failure.tester.adversarial.test.tsx:65:9)
      at Object.<anonymous> (src/components/event/__tests__/issue_3440_storage_failure.tester.adversarial.test.tsx:140:9)

    console.error
      react-test-renderer is deprecated. See https://react.dev/warnings/react-test-renderer

      63 | const mount = async (identity: string | null = null) => {
      64 |   let tree!: Tree;
    > 65 |   await act(async () => { tree = create(<Harness identity={identity} />); });
         |                                  ^
      66 |   trees.push(tree);
      67 |   return tree;
      68 | };

      at Object.<anonymous>.process.env.NODE_ENV.exports.create (node_modules/react-test-renderer/cjs/react-test-renderer.development.js:14598:17)
      at src/components/event/__tests__/issue_3440_storage_failure.tester.adversarial.test.tsx:65:34
      at Object.<anonymous>.process.env.NODE_ENV.exports.act (node_modules/react/cjs/react.development.js:789:22)
      at mount (src/components/event/__tests__/issue_3440_storage_failure.tester.adversarial.test.tsx:65:9)
      at Object.<anonymous> (src/components/event/__tests__/issue_3440_storage_failure.tester.adversarial.test.tsx:148:22)

    console.error
      react-test-renderer is deprecated. See https://react.dev/warnings/react-test-renderer

      63 | const mount = async (identity: string | null = null) => {
      64 |   let tree!: Tree;
    > 65 |   await act(async () => { tree = create(<Harness identity={identity} />); });
         |                                  ^
      66 |   trees.push(tree);
      67 |   return tree;
      68 | };

      at Object.<anonymous>.process.env.NODE_ENV.exports.create (node_modules/react-test-renderer/cjs/react-test-renderer.development.js:14598:17)
      at src/components/event/__tests__/issue_3440_storage_failure.tester.adversarial.test.tsx:65:34
      at Object.<anonymous>.process.env.NODE_ENV.exports.act (node_modules/react/cjs/react.development.js:789:22)
      at mount (src/components/event/__tests__/issue_3440_storage_failure.tester.adversarial.test.tsx:65:9)
      at Object.<anonymous> (src/components/event/__tests__/issue_3440_storage_failure.tester.adversarial.test.tsx:155:9)

    console.error
      react-test-renderer is deprecated. See https://react.dev/warnings/react-test-renderer

      63 | const mount = async (identity: string | null = null) => {
      64 |   let tree!: Tree;
    > 65 |   await act(async () => { tree = create(<Harness identity={identity} />); });
         |                                  ^
      66 |   trees.push(tree);
      67 |   return tree;
      68 | };

      at Object.<anonymous>.process.env.NODE_ENV.exports.create (node_modules/react-test-renderer/cjs/react-test-renderer.development.js:14598:17)
      at src/components/event/__tests__/issue_3440_storage_failure.tester.adversarial.test.tsx:65:34
      at Object.<anonymous>.process.env.NODE_ENV.exports.act (node_modules/react/cjs/react.development.js:789:22)
      at mount (src/components/event/__tests__/issue_3440_storage_failure.tester.adversarial.test.tsx:65:9)
      at Object.<anonymous> (src/components/event/__tests__/issue_3440_storage_failure.tester.adversarial.test.tsx:163:9)

    console.error
      react-test-renderer is deprecated. See https://react.dev/warnings/react-test-renderer

      63 | const mount = async (identity: string | null = null) => {
      64 |   let tree!: Tree;
    > 65 |   await act(async () => { tree = create(<Harness identity={identity} />); });
         |                                  ^
      66 |   trees.push(tree);
      67 |   return tree;
      68 | };

      at Object.<anonymous>.process.env.NODE_ENV.exports.create (node_modules/react-test-renderer/cjs/react-test-renderer.development.js:14598:17)
      at src/components/event/__tests__/issue_3440_storage_failure.tester.adversarial.test.tsx:65:34
      at Object.<anonymous>.process.env.NODE_ENV.exports.act (node_modules/react/cjs/react.development.js:789:22)
      at mount (src/components/event/__tests__/issue_3440_storage_failure.tester.adversarial.test.tsx:65:9)
      at Object.<anonymous> (src/components/event/__tests__/issue_3440_storage_failure.tester.adversarial.test.tsx:171:22)

PASS src/components/event/__tests__/issue_3440_recovery_fail_closed.implementor.test.tsx
  ● Console

    console.error
      react-test-renderer is deprecated. See https://react.dev/warnings/react-test-renderer

      81 | const mount = async (identity: string | null = null) => {
      82 |   let tree!: Tree;
    > 83 |   await act(async () => { tree = create(<Harness identity={identity} />); });
         |                                  ^
      84 |   trees.push(tree);
      85 |   return tree;
      86 | };

      at Object.<anonymous>.process.env.NODE_ENV.exports.create (node_modules/react-test-renderer/cjs/react-test-renderer.development.js:14598:17)
      at src/components/event/__tests__/issue_3440_recovery_fail_closed.implementor.test.tsx:83:34
      at Object.<anonymous>.process.env.NODE_ENV.exports.act (node_modules/react/cjs/react.development.js:789:22)
      at mount (src/components/event/__tests__/issue_3440_recovery_fail_closed.implementor.test.tsx:83:9)
      at Object.<anonymous> (src/components/event/__tests__/issue_3440_recovery_fail_closed.implementor.test.tsx:113:26)

    console.error
      react-test-renderer is deprecated. See https://react.dev/warnings/react-test-renderer

      81 | const mount = async (identity: string | null = null) => {
      82 |   let tree!: Tree;
    > 83 |   await act(async () => { tree = create(<Harness identity={identity} />); });
         |                                  ^
      84 |   trees.push(tree);
      85 |   return tree;
      86 | };

      at Object.<anonymous>.process.env.NODE_ENV.exports.create (node_modules/react-test-renderer/cjs/react-test-renderer.development.js:14598:17)
      at src/components/event/__tests__/issue_3440_recovery_fail_closed.implementor.test.tsx:83:34
      at Object.<anonymous>.process.env.NODE_ENV.exports.act (node_modules/react/cjs/react.development.js:789:22)
      at mount (src/components/event/__tests__/issue_3440_recovery_fail_closed.implementor.test.tsx:83:9)
      at Object.<anonymous> (src/components/event/__tests__/issue_3440_recovery_fail_closed.implementor.test.tsx:122:27)

    console.error
      react-test-renderer is deprecated. See https://react.dev/warnings/react-test-renderer

      81 | const mount = async (identity: string | null = null) => {
      82 |   let tree!: Tree;
    > 83 |   await act(async () => { tree = create(<Harness identity={identity} />); });
         |                                  ^
      84 |   trees.push(tree);
      85 |   return tree;
      86 | };

      at Object.<anonymous>.process.env.NODE_ENV.exports.create (node_modules/react-test-renderer/cjs/react-test-renderer.development.js:14598:17)
      at src/components/event/__tests__/issue_3440_recovery_fail_closed.implementor.test.tsx:83:34
      at Object.<anonymous>.process.env.NODE_ENV.exports.act (node_modules/react/cjs/react.development.js:789:22)
      at mount (src/components/event/__tests__/issue_3440_recovery_fail_closed.implementor.test.tsx:83:9)
      at Object.<anonymous> (src/components/event/__tests__/issue_3440_recovery_fail_closed.implementor.test.tsx:132:9)

    console.error
      react-test-renderer is deprecated. See https://react.dev/warnings/react-test-renderer

      81 | const mount = async (identity: string | null = null) => {
      82 |   let tree!: Tree;
    > 83 |   await act(async () => { tree = create(<Harness identity={identity} />); });
         |                                  ^
      84 |   trees.push(tree);
      85 |   return tree;
      86 | };

      at Object.<anonymous>.process.env.NODE_ENV.exports.create (node_modules/react-test-renderer/cjs/react-test-renderer.development.js:14598:17)
      at src/components/event/__tests__/issue_3440_recovery_fail_closed.implementor.test.tsx:83:34
      at Object.<anonymous>.process.env.NODE_ENV.exports.act (node_modules/react/cjs/react.development.js:789:22)
      at mount (src/components/event/__tests__/issue_3440_recovery_fail_closed.implementor.test.tsx:83:9)
      at Object.<anonymous> (src/components/event/__tests__/issue_3440_recovery_fail_closed.implementor.test.tsx:141:22)

    console.error
      react-test-renderer is deprecated. See https://react.dev/warnings/react-test-renderer

      81 | const mount = async (identity: string | null = null) => {
      82 |   let tree!: Tree;
    > 83 |   await act(async () => { tree = create(<Harness identity={identity} />); });
         |                                  ^
      84 |   trees.push(tree);
      85 |   return tree;
      86 | };

      at Object.<anonymous>.process.env.NODE_ENV.exports.create (node_modules/react-test-renderer/cjs/react-test-renderer.development.js:14598:17)
      at src/components/event/__tests__/issue_3440_recovery_fail_closed.implementor.test.tsx:83:34
      at Object.<anonymous>.process.env.NODE_ENV.exports.act (node_modules/react/cjs/react.development.js:789:22)
      at mount (src/components/event/__tests__/issue_3440_recovery_fail_closed.implementor.test.tsx:83:9)
      at Object.<anonymous> (src/components/event/__tests__/issue_3440_recovery_fail_closed.implementor.test.tsx:154:9)

    console.error
      react-test-renderer is deprecated. See https://react.dev/warnings/react-test-renderer

      81 | const mount = async (identity: string | null = null) => {
      82 |   let tree!: Tree;
    > 83 |   await act(async () => { tree = create(<Harness identity={identity} />); });
         |                                  ^
      84 |   trees.push(tree);
      85 |   return tree;
      86 | };

      at Object.<anonymous>.process.env.NODE_ENV.exports.create (node_modules/react-test-renderer/cjs/react-test-renderer.development.js:14598:17)
      at src/components/event/__tests__/issue_3440_recovery_fail_closed.implementor.test.tsx:83:34
      at Object.<anonymous>.process.env.NODE_ENV.exports.act (node_modules/react/cjs/react.development.js:789:22)
      at mount (src/components/event/__tests__/issue_3440_recovery_fail_closed.implementor.test.tsx:83:9)
      at Object.<anonymous> (src/components/event/__tests__/issue_3440_recovery_fail_closed.implementor.test.tsx:165:9)

    console.error
      react-test-renderer is deprecated. See https://react.dev/warnings/react-test-renderer

      81 | const mount = async (identity: string | null = null) => {
      82 |   let tree!: Tree;
    > 83 |   await act(async () => { tree = create(<Harness identity={identity} />); });
         |                                  ^
      84 |   trees.push(tree);
      85 |   return tree;
      86 | };

      at Object.<anonymous>.process.env.NODE_ENV.exports.create (node_modules/react-test-renderer/cjs/react-test-renderer.development.js:14598:17)
      at src/components/event/__tests__/issue_3440_recovery_fail_closed.implementor.test.tsx:83:34
      at Object.<anonymous>.process.env.NODE_ENV.exports.act (node_modules/react/cjs/react.development.js:789:22)
      at mount (src/components/event/__tests__/issue_3440_recovery_fail_closed.implementor.test.tsx:83:9)
      at Object.<anonymous> (src/components/event/__tests__/issue_3440_recovery_fail_closed.implementor.test.tsx:180:22)

    console.error
      react-test-renderer is deprecated. See https://react.dev/warnings/react-test-renderer

      81 | const mount = async (identity: string | null = null) => {
      82 |   let tree!: Tree;
    > 83 |   await act(async () => { tree = create(<Harness identity={identity} />); });
         |                                  ^
      84 |   trees.push(tree);
      85 |   return tree;
      86 | };

      at Object.<anonymous>.process.env.NODE_ENV.exports.create (node_modules/react-test-renderer/cjs/react-test-renderer.development.js:14598:17)
      at src/components/event/__tests__/issue_3440_recovery_fail_closed.implementor.test.tsx:83:34
      at Object.<anonymous>.process.env.NODE_ENV.exports.act (node_modules/react/cjs/react.development.js:789:22)
      at mount (src/components/event/__tests__/issue_3440_recovery_fail_closed.implementor.test.tsx:83:9)
      at Object.<anonymous> (src/components/event/__tests__/issue_3440_recovery_fail_closed.implementor.test.tsx:186:9)

    console.error
      react-test-renderer is deprecated. See https://react.dev/warnings/react-test-renderer

      81 | const mount = async (identity: string | null = null) => {
      82 |   let tree!: Tree;
    > 83 |   await act(async () => { tree = create(<Harness identity={identity} />); });
         |                                  ^
      84 |   trees.push(tree);
      85 |   return tree;
      86 | };

      at Object.<anonymous>.process.env.NODE_ENV.exports.create (node_modules/react-test-renderer/cjs/react-test-renderer.development.js:14598:17)
      at src/components/event/__tests__/issue_3440_recovery_fail_closed.implementor.test.tsx:83:34
      at Object.<anonymous>.process.env.NODE_ENV.exports.act (node_modules/react/cjs/react.development.js:789:22)
      at mount (src/components/event/__tests__/issue_3440_recovery_fail_closed.implementor.test.tsx:83:9)
      at src/components/event/__tests__/issue_3440_recovery_fail_closed.implementor.test.tsx:197:9

    console.error
      react-test-renderer is deprecated. See https://react.dev/warnings/react-test-renderer

      81 | const mount = async (identity: string | null = null) => {
      82 |   let tree!: Tree;
    > 83 |   await act(async () => { tree = create(<Harness identity={identity} />); });
         |                                  ^
      84 |   trees.push(tree);
      85 |   return tree;
      86 | };

      at Object.<anonymous>.process.env.NODE_ENV.exports.create (node_modules/react-test-renderer/cjs/react-test-renderer.development.js:14598:17)
      at src/components/event/__tests__/issue_3440_recovery_fail_closed.implementor.test.tsx:83:34
      at Object.<anonymous>.process.env.NODE_ENV.exports.act (node_modules/react/cjs/react.development.js:789:22)
      at mount (src/components/event/__tests__/issue_3440_recovery_fail_closed.implementor.test.tsx:83:9)
      at src/components/event/__tests__/issue_3440_recovery_fail_closed.implementor.test.tsx:197:9

    console.error
      react-test-renderer is deprecated. See https://react.dev/warnings/react-test-renderer

      81 | const mount = async (identity: string | null = null) => {
      82 |   let tree!: Tree;
    > 83 |   await act(async () => { tree = create(<Harness identity={identity} />); });
         |                                  ^
      84 |   trees.push(tree);
      85 |   return tree;
      86 | };

      at Object.<anonymous>.process.env.NODE_ENV.exports.create (node_modules/react-test-renderer/cjs/react-test-renderer.development.js:14598:17)
      at src/components/event/__tests__/issue_3440_recovery_fail_closed.implementor.test.tsx:83:34
      at Object.<anonymous>.process.env.NODE_ENV.exports.act (node_modules/react/cjs/react.development.js:789:22)
      at mount (src/components/event/__tests__/issue_3440_recovery_fail_closed.implementor.test.tsx:83:9)
      at Object.<anonymous> (src/components/event/__tests__/issue_3440_recovery_fail_closed.implementor.test.tsx:208:9)

PASS src/components/event/__tests__/PublicEventPage.issue2101.test.tsx (10.635 s)
  ● Console

    console.error
      react-test-renderer is deprecated. See https://react.dev/warnings/react-test-renderer

      455 |   let renderer!: RendererInstance;
      456 |   act(() => {
    > 457 |     renderer = TestRenderer.create(
          |                             ^
      458 |       <PublicEventPage event={event} brand={BRAND} bookable={bookable} />,
      459 |     );
      460 |   });

      at Object.<anonymous>.process.env.NODE_ENV.exports.create (node_modules/react-test-renderer/cjs/react-test-renderer.development.js:14598:17)
      at src/components/event/__tests__/PublicEventPage.issue2101.test.tsx:457:29
      at Object.<anonymous>.process.env.NODE_ENV.exports.act (node_modules/react/cjs/react.development.js:789:22)
      at renderPage (src/components/event/__tests__/PublicEventPage.issue2101.test.tsx:456:3)
      at Object.<anonymous> (src/components/event/__tests__/PublicEventPage.issue2101.test.tsx:550:22)

    console.error
      The current testing environment is not configured to support act(...)

      455 |   let renderer!: RendererInstance;
      456 |   act(() => {
    > 457 |     renderer = TestRenderer.create(
          |                             ^
      458 |       <PublicEventPage event={event} brand={BRAND} bookable={bookable} />,
      459 |     );
      460 |   });

      at isConcurrentActEnvironment (node_modules/react-test-renderer/cjs/react-test-renderer.development.js:10243:17)
      at warnIfUpdatesNotWrappedWithActDEV (node_modules/react-test-renderer/cjs/react-test-renderer.development.js:11798:7)
      at scheduleUpdateOnFiber (node_modules/react-test-renderer/cjs/react-test-renderer.development.js:10326:9)
      at updateContainerImpl (node_modules/react-test-renderer/cjs/react-test-renderer.development.js:12382:10)
      at updateContainer (node_modules/react-test-renderer/cjs/react-test-renderer.development.js:12326:7)
      at Object.<anonymous>.process.env.NODE_ENV.exports.create (node_modules/react-test-renderer/cjs/react-test-renderer.development.js:14630:7)
      at src/components/event/__tests__/PublicEventPage.issue2101.test.tsx:457:29
      at Object.<anonymous>.process.env.NODE_ENV.exports.act (node_modules/react/cjs/react.development.js:789:22)
      at renderPage (src/components/event/__tests__/PublicEventPage.issue2101.test.tsx:456:3)
      at Object.<anonymous> (src/components/event/__tests__/PublicEventPage.issue2101.test.tsx:550:22)

    console.error
      The current testing environment is not configured to support act(...)

      469 |   while (mounted.length > 0) {
      470 |     const renderer = mounted.pop();
    > 471 |     if (renderer !== undefined) act(() => renderer.unmount());
          |                                                    ^
      472 |   }
      473 | });
      474 |

      at isConcurrentActEnvironment (node_modules/react-test-renderer/cjs/react-test-renderer.development.js:10243:17)
      at warnIfUpdatesNotWrappedWithActDEV (node_modules/react-test-renderer/cjs/react-test-renderer.development.js:11798:7)
      at scheduleUpdateOnFiber (node_modules/react-test-renderer/cjs/react-test-renderer.development.js:10326:9)
      at updateContainerImpl (node_modules/react-test-renderer/cjs/react-test-renderer.development.js:12382:10)
      at updateContainer (node_modules/react-test-renderer/cjs/react-test-renderer.development.js:12326:7)
      at Object.unmount (node_modules/react-test-renderer/cjs/react-test-renderer.development.js:14674:14)
      at src/components/event/__tests__/PublicEventPage.issue2101.test.tsx:471:52
      at Object.<anonymous>.process.env.NODE_ENV.exports.act (node_modules/react/cjs/react.development.js:789:22)
      at Object.<anonymous> (src/components/event/__tests__/PublicEventPage.issue2101.test.tsx:471:33)

    console.error
      react-test-renderer is deprecated. See https://react.dev/warnings/react-test-renderer

      455 |   let renderer!: RendererInstance;
      456 |   act(() => {
    > 457 |     renderer = TestRenderer.create(
          |                             ^
      458 |       <PublicEventPage event={event} brand={BRAND} bookable={bookable} />,
      459 |     );
      460 |   });

      at Object.<anonymous>.process.env.NODE_ENV.exports.create (node_modules/react-test-renderer/cjs/react-test-renderer.development.js:14598:17)
      at src/components/event/__tests__/PublicEventPage.issue2101.test.tsx:457:29
      at Object.<anonymous>.process.env.NODE_ENV.exports.act (node_modules/react/cjs/react.development.js:789:22)
      at renderPage (src/components/event/__tests__/PublicEventPage.issue2101.test.tsx:456:3)
      at Object.<anonymous> (src/components/event/__tests__/PublicEventPage.issue2101.test.tsx:557:22)

    console.error
      The current testing environment is not configured to support act(...)

      455 |   let renderer!: RendererInstance;
      456 |   act(() => {
    > 457 |     renderer = TestRenderer.create(
          |                             ^
      458 |       <PublicEventPage event={event} brand={BRAND} bookable={bookable} />,
      459 |     );
      460 |   });

      at isConcurrentActEnvironment (node_modules/react-test-renderer/cjs/react-test-renderer.development.js:10243:17)
      at warnIfUpdatesNotWrappedWithActDEV (node_modules/react-test-renderer/cjs/react-test-renderer.development.js:11798:7)
      at scheduleUpdateOnFiber (node_modules/react-test-renderer/cjs/react-test-renderer.development.js:10326:9)
      at updateContainerImpl (node_modules/react-test-renderer/cjs/react-test-renderer.development.js:12382:10)
      at updateContainer (node_modules/react-test-renderer/cjs/react-test-renderer.development.js:12326:7)
      at Object.<anonymous>.process.env.NODE_ENV.exports.create (node_modules/react-test-renderer/cjs/react-test-renderer.development.js:14630:7)
      at src/components/event/__tests__/PublicEventPage.issue2101.test.tsx:457:29
      at Object.<anonymous>.process.env.NODE_ENV.exports.act (node_modules/react/cjs/react.development.js:789:22)
      at renderPage (src/components/event/__tests__/PublicEventPage.issue2101.test.tsx:456:3)
      at Object.<anonymous> (src/components/event/__tests__/PublicEventPage.issue2101.test.tsx:557:22)

    console.error
      The current testing environment is not configured to support act(...)

      469 |   while (mounted.length > 0) {
      470 |     const renderer = mounted.pop();
    > 471 |     if (renderer !== undefined) act(() => renderer.unmount());
          |                                                    ^
      472 |   }
      473 | });
      474 |

      at isConcurrentActEnvironment (node_modules/react-test-renderer/cjs/react-test-renderer.development.js:10243:17)
      at warnIfUpdatesNotWrappedWithActDEV (node_modules/react-test-renderer/cjs/react-test-renderer.development.js:11798:7)
      at scheduleUpdateOnFiber (node_modules/react-test-renderer/cjs/react-test-renderer.development.js:10326:9)
      at updateContainerImpl (node_modules/react-test-renderer/cjs/react-test-renderer.development.js:12382:10)
      at updateContainer (node_modules/react-test-renderer/cjs/react-test-renderer.development.js:12326:7)
      at Object.unmount (node_modules/react-test-renderer/cjs/react-test-renderer.development.js:14674:14)
      at src/components/event/__tests__/PublicEventPage.issue2101.test.tsx:471:52
      at Object.<anonymous>.process.env.NODE_ENV.exports.act (node_modules/react/cjs/react.development.js:789:22)
      at Object.<anonymous> (src/components/event/__tests__/PublicEventPage.issue2101.test.tsx:471:33)

    console.error
      react-test-renderer is deprecated. See https://react.dev/warnings/react-test-renderer

      455 |   let renderer!: RendererInstance;
      456 |   act(() => {
    > 457 |     renderer = TestRenderer.create(
          |                             ^
      458 |       <PublicEventPage event={event} brand={BRAND} bookable={bookable} />,
      459 |     );
      460 |   });

      at Object.<anonymous>.process.env.NODE_ENV.exports.create (node_modules/react-test-renderer/cjs/react-test-renderer.development.js:14598:17)
      at src/components/event/__tests__/PublicEventPage.issue2101.test.tsx:457:29
      at Object.<anonymous>.process.env.NODE_ENV.exports.act (node_modules/react/cjs/react.development.js:789:22)
      at renderPage (src/components/event/__tests__/PublicEventPage.issue2101.test.tsx:456:3)
      at Object.<anonymous> (src/components/event/__tests__/PublicEventPage.issue2101.test.tsx:579:24)

    console.error
      The current testing environment is not configured to support act(...)

      455 |   let renderer!: RendererInstance;
      456 |   act(() => {
    > 457 |     renderer = TestRenderer.create(
          |                             ^
      458 |       <PublicEventPage event={event} brand={BRAND} bookable={bookable} />,
      459 |     );
      460 |   });

      at isConcurrentActEnvironment (node_modules/react-test-renderer/cjs/react-test-renderer.development.js:10243:17)
      at warnIfUpdatesNotWrappedWithActDEV (node_modules/react-test-renderer/cjs/react-test-renderer.development.js:11798:7)
      at scheduleUpdateOnFiber (node_modules/react-test-renderer/cjs/react-test-renderer.development.js:10326:9)
      at updateContainerImpl (node_modules/react-test-renderer/cjs/react-test-renderer.development.js:12382:10)
      at updateContainer (node_modules/react-test-renderer/cjs/react-test-renderer.development.js:12326:7)
      at Object.<anonymous>.process.env.NODE_ENV.exports.create (node_modules/react-test-renderer/cjs/react-test-renderer.development.js:14630:7)
      at src/components/event/__tests__/PublicEventPage.issue2101.test.tsx:457:29
      at Object.<anonymous>.process.env.NODE_ENV.exports.act (node_modules/react/cjs/react.development.js:789:22)
      at renderPage (src/components/event/__tests__/PublicEventPage.issue2101.test.tsx:456:3)
      at Object.<anonymous> (src/components/event/__tests__/PublicEventPage.issue2101.test.tsx:579:24)

    console.error
      The current testing environment is not configured to support act(...)

      469 |   while (mounted.length > 0) {
      470 |     const renderer = mounted.pop();
    > 471 |     if (renderer !== undefined) act(() => renderer.unmount());
          |                                                    ^
      472 |   }
      473 | });
      474 |

      at isConcurrentActEnvironment (node_modules/react-test-renderer/cjs/react-test-renderer.development.js:10243:17)
      at warnIfUpdatesNotWrappedWithActDEV (node_modules/react-test-renderer/cjs/react-test-renderer.development.js:11798:7)
      at scheduleUpdateOnFiber (node_modules/react-test-renderer/cjs/react-test-renderer.development.js:10326:9)
      at updateContainerImpl (node_modules/react-test-renderer/cjs/react-test-renderer.development.js:12382:10)
      at updateContainer (node_modules/react-test-renderer/cjs/react-test-renderer.development.js:12326:7)
      at Object.unmount (node_modules/react-test-renderer/cjs/react-test-renderer.development.js:14674:14)
      at src/components/event/__tests__/PublicEventPage.issue2101.test.tsx:471:52
      at Object.<anonymous>.process.env.NODE_ENV.exports.act (node_modules/react/cjs/react.development.js:789:22)
      at Object.<anonymous> (src/components/event/__tests__/PublicEventPage.issue2101.test.tsx:471:33)

    console.error
      react-test-renderer is deprecated. See https://react.dev/warnings/react-test-renderer

      455 |   let renderer!: RendererInstance;
      456 |   act(() => {
    > 457 |     renderer = TestRenderer.create(
          |                             ^
      458 |       <PublicEventPage event={event} brand={BRAND} bookable={bookable} />,
      459 |     );
      460 |   });

      at Object.<anonymous>.process.env.NODE_ENV.exports.create (node_modules/react-test-renderer/cjs/react-test-renderer.development.js:14598:17)
      at src/components/event/__tests__/PublicEventPage.issue2101.test.tsx:457:29
      at Object.<anonymous>.process.env.NODE_ENV.exports.act (node_modules/react/cjs/react.development.js:789:22)
      at renderPage (src/components/event/__tests__/PublicEventPage.issue2101.test.tsx:456:3)
      at Object.<anonymous> (src/components/event/__tests__/PublicEventPage.issue2101.test.tsx:593:24)

    console.error
      The current testing environment is not configured to support act(...)

      455 |   let renderer!: RendererInstance;
      456 |   act(() => {
    > 457 |     renderer = TestRenderer.create(
          |                             ^
      458 |       <PublicEventPage event={event} brand={BRAND} bookable={bookable} />,
      459 |     );
      460 |   });

      at isConcurrentActEnvironment (node_modules/react-test-renderer/cjs/react-test-renderer.development.js:10243:17)
      at warnIfUpdatesNotWrappedWithActDEV (node_modules/react-test-renderer/cjs/react-test-renderer.development.js:11798:7)
      at scheduleUpdateOnFiber (node_modules/react-test-renderer/cjs/react-test-renderer.development.js:10326:9)
      at updateContainerImpl (node_modules/react-test-renderer/cjs/react-test-renderer.development.js:12382:10)
      at updateContainer (node_modules/react-test-renderer/cjs/react-test-renderer.development.js:12326:7)
      at Object.<anonymous>.process.env.NODE_ENV.exports.create (node_modules/react-test-renderer/cjs/react-test-renderer.development.js:14630:7)
      at src/components/event/__tests__/PublicEventPage.issue2101.test.tsx:457:29
      at Object.<anonymous>.process.env.NODE_ENV.exports.act (node_modules/react/cjs/react.development.js:789:22)
      at renderPage (src/components/event/__tests__/PublicEventPage.issue2101.test.tsx:456:3)
      at Object.<anonymous> (src/components/event/__tests__/PublicEventPage.issue2101.test.tsx:593:24)

    console.error
      The current testing environment is not configured to support act(...)

      469 |   while (mounted.length > 0) {
      470 |     const renderer = mounted.pop();
    > 471 |     if (renderer !== undefined) act(() => renderer.unmount());
          |                                                    ^
      472 |   }
      473 | });
      474 |

      at isConcurrentActEnvironment (node_modules/react-test-renderer/cjs/react-test-renderer.development.js:10243:17)
      at warnIfUpdatesNotWrappedWithActDEV (node_modules/react-test-renderer/cjs/react-test-renderer.development.js:11798:7)
      at scheduleUpdateOnFiber (node_modules/react-test-renderer/cjs/react-test-renderer.development.js:10326:9)
      at updateContainerImpl (node_modules/react-test-renderer/cjs/react-test-renderer.development.js:12382:10)
      at updateContainer (node_modules/react-test-renderer/cjs/react-test-renderer.development.js:12326:7)
      at Object.unmount (node_modules/react-test-renderer/cjs/react-test-renderer.development.js:14674:14)
      at src/components/event/__tests__/PublicEventPage.issue2101.test.tsx:471:52
      at Object.<anonymous>.process.env.NODE_ENV.exports.act (node_modules/react/cjs/react.development.js:789:22)
      at Object.<anonymous> (src/components/event/__tests__/PublicEventPage.issue2101.test.tsx:471:33)

    console.error
      react-test-renderer is deprecated. See https://react.dev/warnings/react-test-renderer

      455 |   let renderer!: RendererInstance;
      456 |   act(() => {
    > 457 |     renderer = TestRenderer.create(
          |                             ^
      458 |       <PublicEventPage event={event} brand={BRAND} bookable={bookable} />,
      459 |     );
      460 |   });

      at Object.<anonymous>.process.env.NODE_ENV.exports.create (node_modules/react-test-renderer/cjs/react-test-renderer.development.js:14598:17)
      at src/components/event/__tests__/PublicEventPage.issue2101.test.tsx:457:29
      at Object.<anonymous>.process.env.NODE_ENV.exports.act (node_modules/react/cjs/react.development.js:789:22)
      at renderPage (src/components/event/__tests__/PublicEventPage.issue2101.test.tsx:456:3)
      at Object.<anonymous> (src/components/event/__tests__/PublicEventPage.issue2101.test.tsx:605:24)

    console.error
      The current testing environment is not configured to support act(...)

      455 |   let renderer!: RendererInstance;
      456 |   act(() => {
    > 457 |     renderer = TestRenderer.create(
          |                             ^
      458 |       <PublicEventPage event={event} brand={BRAND} bookable={bookable} />,
      459 |     );
      460 |   });

      at isConcurrentActEnvironment (node_modules/react-test-renderer/cjs/react-test-renderer.development.js:10243:17)
      at warnIfUpdatesNotWrappedWithActDEV (node_modules/react-test-renderer/cjs/react-test-renderer.development.js:11798:7)
      at scheduleUpdateOnFiber (node_modules/react-test-renderer/cjs/react-test-renderer.development.js:10326:9)
      at updateContainerImpl (node_modules/react-test-renderer/cjs/react-test-renderer.development.js:12382:10)
      at updateContainer (node_modules/react-test-renderer/cjs/react-test-renderer.development.js:12326:7)
      at Object.<anonymous>.process.env.NODE_ENV.exports.create (node_modules/react-test-renderer/cjs/react-test-renderer.development.js:14630:7)
      at src/components/event/__tests__/PublicEventPage.issue2101.test.tsx:457:29
      at Object.<anonymous>.process.env.NODE_ENV.exports.act (node_modules/react/cjs/react.development.js:789:22)
      at renderPage (src/components/event/__tests__/PublicEventPage.issue2101.test.tsx:456:3)
      at Object.<anonymous> (src/components/event/__tests__/PublicEventPage.issue2101.test.tsx:605:24)

    console.error
      The current testing environment is not configured to support act(...)

      469 |   while (mounted.length > 0) {
      470 |     const renderer = mounted.pop();
    > 471 |     if (renderer !== undefined) act(() => renderer.unmount());
          |                                                    ^
      472 |   }
      473 | });
      474 |

      at isConcurrentActEnvironment (node_modules/react-test-renderer/cjs/react-test-renderer.development.js:10243:17)
      at warnIfUpdatesNotWrappedWithActDEV (node_modules/react-test-renderer/cjs/react-test-renderer.development.js:11798:7)
      at scheduleUpdateOnFiber (node_modules/react-test-renderer/cjs/react-test-renderer.development.js:10326:9)
      at updateContainerImpl (node_modules/react-test-renderer/cjs/react-test-renderer.development.js:12382:10)
      at updateContainer (node_modules/react-test-renderer/cjs/react-test-renderer.development.js:12326:7)
      at Object.unmount (node_modules/react-test-renderer/cjs/react-test-renderer.development.js:14674:14)
      at src/components/event/__tests__/PublicEventPage.issue2101.test.tsx:471:52
      at Object.<anonymous>.process.env.NODE_ENV.exports.act (node_modules/react/cjs/react.development.js:789:22)
      at Object.<anonymous> (src/components/event/__tests__/PublicEventPage.issue2101.test.tsx:471:33)

    console.error
      react-test-renderer is deprecated. See https://react.dev/warnings/react-test-renderer

      455 |   let renderer!: RendererInstance;
      456 |   act(() => {
    > 457 |     renderer = TestRenderer.create(
          |                             ^
      458 |       <PublicEventPage event={event} brand={BRAND} bookable={bookable} />,
      459 |     );
      460 |   });

      at Object.<anonymous>.process.env.NODE_ENV.exports.create (node_modules/react-test-renderer/cjs/react-test-renderer.development.js:14598:17)
      at src/components/event/__tests__/PublicEventPage.issue2101.test.tsx:457:29
      at Object.<anonymous>.process.env.NODE_ENV.exports.act (node_modules/react/cjs/react.development.js:789:22)
      at renderPage (src/components/event/__tests__/PublicEventPage.issue2101.test.tsx:456:3)
      at Object.<anonymous> (src/components/event/__tests__/PublicEventPage.issue2101.test.tsx:579:24)

    console.error
      The current testing environment is not configured to support act(...)

      455 |   let renderer!: RendererInstance;
      456 |   act(() => {
    > 457 |     renderer = TestRenderer.create(
          |                             ^
      458 |       <PublicEventPage event={event} brand={BRAND} bookable={bookable} />,
      459 |     );
      460 |   });

      at isConcurrentActEnvironment (node_modules/react-test-renderer/cjs/react-test-renderer.development.js:10243:17)
      at warnIfUpdatesNotWrappedWithActDEV (node_modules/react-test-renderer/cjs/react-test-renderer.development.js:11798:7)
      at scheduleUpdateOnFiber (node_modules/react-test-renderer/cjs/react-test-renderer.development.js:10326:9)
      at updateContainerImpl (node_modules/react-test-renderer/cjs/react-test-renderer.development.js:12382:10)
      at updateContainer (node_modules/react-test-renderer/cjs/react-test-renderer.development.js:12326:7)
      at Object.<anonymous>.process.env.NODE_ENV.exports.create (node_modules/react-test-renderer/cjs/react-test-renderer.development.js:14630:7)
      at src/components/event/__tests__/PublicEventPage.issue2101.test.tsx:457:29
      at Object.<anonymous>.process.env.NODE_ENV.exports.act (node_modules/react/cjs/react.development.js:789:22)
      at renderPage (src/components/event/__tests__/PublicEventPage.issue2101.test.tsx:456:3)
      at Object.<anonymous> (src/components/event/__tests__/PublicEventPage.issue2101.test.tsx:579:24)

    console.error
      The current testing environment is not configured to support act(...)

      469 |   while (mounted.length > 0) {
      470 |     const renderer = mounted.pop();
    > 471 |     if (renderer !== undefined) act(() => renderer.unmount());
          |                                                    ^
      472 |   }
      473 | });
      474 |

      at isConcurrentActEnvironment (node_modules/react-test-renderer/cjs/react-test-renderer.development.js:10243:17)
      at warnIfUpdatesNotWrappedWithActDEV (node_modules/react-test-renderer/cjs/react-test-renderer.development.js:11798:7)
      at scheduleUpdateOnFiber (node_modules/react-test-renderer/cjs/react-test-renderer.development.js:10326:9)
      at updateContainerImpl (node_modules/react-test-renderer/cjs/react-test-renderer.development.js:12382:10)
      at updateContainer (node_modules/react-test-renderer/cjs/react-test-renderer.development.js:12326:7)
      at Object.unmount (node_modules/react-test-renderer/cjs/react-test-renderer.development.js:14674:14)
      at src/components/event/__tests__/PublicEventPage.issue2101.test.tsx:471:52
      at Object.<anonymous>.process.env.NODE_ENV.exports.act (node_modules/react/cjs/react.development.js:789:22)
      at Object.<anonymous> (src/components/event/__tests__/PublicEventPage.issue2101.test.tsx:471:33)

    console.error
      react-test-renderer is deprecated. See https://react.dev/warnings/react-test-renderer

      455 |   let renderer!: RendererInstance;
      456 |   act(() => {
    > 457 |     renderer = TestRenderer.create(
          |                             ^
      458 |       <PublicEventPage event={event} brand={BRAND} bookable={bookable} />,
      459 |     );
      460 |   });

      at Object.<anonymous>.process.env.NODE_ENV.exports.create (node_modules/react-test-renderer/cjs/react-test-renderer.development.js:14598:17)
      at src/components/event/__tests__/PublicEventPage.issue2101.test.tsx:457:29
      at Object.<anonymous>.process.env.NODE_ENV.exports.act (node_modules/react/cjs/react.development.js:789:22)
      at renderPage (src/components/event/__tests__/PublicEventPage.issue2101.test.tsx:456:3)
      at Object.<anonymous> (src/components/event/__tests__/PublicEventPage.issue2101.test.tsx:593:24)

    console.error
      The current testing environment is not configured to support act(...)

      455 |   let renderer!: RendererInstance;
      456 |   act(() => {
    > 457 |     renderer = TestRenderer.create(
          |                             ^
      458 |       <PublicEventPage event={event} brand={BRAND} bookable={bookable} />,
      459 |     );
      460 |   });

      at isConcurrentActEnvironment (node_modules/react-test-renderer/cjs/react-test-renderer.development.js:10243:17)
      at warnIfUpdatesNotWrappedWithActDEV (node_modules/react-test-renderer/cjs/react-test-renderer.development.js:11798:7)
      at scheduleUpdateOnFiber (node_modules/react-test-renderer/cjs/react-test-renderer.development.js:10326:9)
      at updateContainerImpl (node_modules/react-test-renderer/cjs/react-test-renderer.development.js:12382:10)
      at updateContainer (node_modules/react-test-renderer/cjs/react-test-renderer.development.js:12326:7)
      at Object.<anonymous>.process.env.NODE_ENV.exports.create (node_modules/react-test-renderer/cjs/react-test-renderer.development.js:14630:7)
      at src/components/event/__tests__/PublicEventPage.issue2101.test.tsx:457:29
      at Object.<anonymous>.process.env.NODE_ENV.exports.act (node_modules/react/cjs/react.development.js:789:22)
      at renderPage (src/components/event/__tests__/PublicEventPage.issue2101.test.tsx:456:3)
      at Object.<anonymous> (src/components/event/__tests__/PublicEventPage.issue2101.test.tsx:593:24)

    console.error
      The current testing environment is not configured to support act(...)

      469 |   while (mounted.length > 0) {
      470 |     const renderer = mounted.pop();
    > 471 |     if (renderer !== undefined) act(() => renderer.unmount());
          |                                                    ^
      472 |   }
      473 | });
      474 |

      at isConcurrentActEnvironment (node_modules/react-test-renderer/cjs/react-test-renderer.development.js:10243:17)
      at warnIfUpdatesNotWrappedWithActDEV (node_modules/react-test-renderer/cjs/react-test-renderer.development.js:11798:7)
      at scheduleUpdateOnFiber (node_modules/react-test-renderer/cjs/react-test-renderer.development.js:10326:9)
      at updateContainerImpl (node_modules/react-test-renderer/cjs/react-test-renderer.development.js:12382:10)
      at updateContainer (node_modules/react-test-renderer/cjs/react-test-renderer.development.js:12326:7)
      at Object.unmount (node_modules/react-test-renderer/cjs/react-test-renderer.development.js:14674:14)
      at src/components/event/__tests__/PublicEventPage.issue2101.test.tsx:471:52
      at Object.<anonymous>.process.env.NODE_ENV.exports.act (node_modules/react/cjs/react.development.js:789:22)
      at Object.<anonymous> (src/components/event/__tests__/PublicEventPage.issue2101.test.tsx:471:33)

    console.error
      react-test-renderer is deprecated. See https://react.dev/warnings/react-test-renderer

      455 |   let renderer!: RendererInstance;
      456 |   act(() => {
    > 457 |     renderer = TestRenderer.create(
          |                             ^
      458 |       <PublicEventPage event={event} brand={BRAND} bookable={bookable} />,
      459 |     );
      460 |   });

      at Object.<anonymous>.process.env.NODE_ENV.exports.create (node_modules/react-test-renderer/cjs/react-test-renderer.development.js:14598:17)
      at src/components/event/__tests__/PublicEventPage.issue2101.test.tsx:457:29
      at Object.<anonymous>.process.env.NODE_ENV.exports.act (node_modules/react/cjs/react.development.js:789:22)
      at renderPage (src/components/event/__tests__/PublicEventPage.issue2101.test.tsx:456:3)
      at Object.<anonymous> (src/components/event/__tests__/PublicEventPage.issue2101.test.tsx:605:24)

    console.error
      The current testing environment is not configured to support act(...)

      455 |   let renderer!: RendererInstance;
      456 |   act(() => {
    > 457 |     renderer = TestRenderer.create(
          |                             ^
      458 |       <PublicEventPage event={event} brand={BRAND} bookable={bookable} />,
      459 |     );
      460 |   });

      at isConcurrentActEnvironment (node_modules/react-test-renderer/cjs/react-test-renderer.development.js:10243:17)
      at warnIfUpdatesNotWrappedWithActDEV (node_modules/react-test-renderer/cjs/react-test-renderer.development.js:11798:7)
      at scheduleUpdateOnFiber (node_modules/react-test-renderer/cjs/react-test-renderer.development.js:10326:9)
      at updateContainerImpl (node_modules/react-test-renderer/cjs/react-test-renderer.development.js:12382:10)
      at updateContainer (node_modules/react-test-renderer/cjs/react-test-renderer.development.js:12326:7)
      at Object.<anonymous>.process.env.NODE_ENV.exports.create (node_modules/react-test-renderer/cjs/react-test-renderer.development.js:14630:7)
      at src/components/event/__tests__/PublicEventPage.issue2101.test.tsx:457:29
      at Object.<anonymous>.process.env.NODE_ENV.exports.act (node_modules/react/cjs/react.development.js:789:22)
      at renderPage (src/components/event/__tests__/PublicEventPage.issue2101.test.tsx:456:3)
      at Object.<anonymous> (src/components/event/__tests__/PublicEventPage.issue2101.test.tsx:605:24)

    console.error
      The current testing environment is not configured to support act(...)

      469 |   while (mounted.length > 0) {
      470 |     const renderer = mounted.pop();
    > 471 |     if (renderer !== undefined) act(() => renderer.unmount());
          |                                                    ^
      472 |   }
      473 | });
      474 |

      at isConcurrentActEnvironment (node_modules/react-test-renderer/cjs/react-test-renderer.development.js:10243:17)
      at warnIfUpdatesNotWrappedWithActDEV (node_modules/react-test-renderer/cjs/react-test-renderer.development.js:11798:7)
      at scheduleUpdateOnFiber (node_modules/react-test-renderer/cjs/react-test-renderer.development.js:10326:9)
      at updateContainerImpl (node_modules/react-test-renderer/cjs/react-test-renderer.development.js:12382:10)
      at updateContainer (node_modules/react-test-renderer/cjs/react-test-renderer.development.js:12326:7)
      at Object.unmount (node_modules/react-test-renderer/cjs/react-test-renderer.development.js:14674:14)
      at src/components/event/__tests__/PublicEventPage.issue2101.test.tsx:471:52
      at Object.<anonymous>.process.env.NODE_ENV.exports.act (node_modules/react/cjs/react.development.js:789:22)
      at Object.<anonymous> (src/components/event/__tests__/PublicEventPage.issue2101.test.tsx:471:33)

    console.error
      react-test-renderer is deprecated. See https://react.dev/warnings/react-test-renderer

      455 |   let renderer!: RendererInstance;
      456 |   act(() => {
    > 457 |     renderer = TestRenderer.create(
          |                             ^
      458 |       <PublicEventPage event={event} brand={BRAND} bookable={bookable} />,
      459 |     );
      460 |   });

      at Object.<anonymous>.process.env.NODE_ENV.exports.create (node_modules/react-test-renderer/cjs/react-test-renderer.development.js:14598:17)
      at src/components/event/__tests__/PublicEventPage.issue2101.test.tsx:457:29
      at Object.<anonymous>.process.env.NODE_ENV.exports.act (node_modules/react/cjs/react.development.js:789:22)
      at renderPage (src/components/event/__tests__/PublicEventPage.issue2101.test.tsx:456:3)
      at Object.<anonymous> (src/components/event/__tests__/PublicEventPage.issue2101.test.tsx:618:22)

    console.error
      The current testing environment is not configured to support act(...)

      455 |   let renderer!: RendererInstance;
      456 |   act(() => {
    > 457 |     renderer = TestRenderer.create(
          |                             ^
      458 |       <PublicEventPage event={event} brand={BRAND} bookable={bookable} />,
      459 |     );
      460 |   });

      at isConcurrentActEnvironment (node_modules/react-test-renderer/cjs/react-test-renderer.development.js:10243:17)
      at warnIfUpdatesNotWrappedWithActDEV (node_modules/react-test-renderer/cjs/react-test-renderer.development.js:11798:7)
      at scheduleUpdateOnFiber (node_modules/react-test-renderer/cjs/react-test-renderer.development.js:10326:9)
      at updateContainerImpl (node_modules/react-test-renderer/cjs/react-test-renderer.development.js:12382:10)
      at updateContainer (node_modules/react-test-renderer/cjs/react-test-renderer.development.js:12326:7)
      at Object.<anonymous>.process.env.NODE_ENV.exports.create (node_modules/react-test-renderer/cjs/react-test-renderer.development.js:14630:7)
      at src/components/event/__tests__/PublicEventPage.issue2101.test.tsx:457:29
      at Object.<anonymous>.process.env.NODE_ENV.exports.act (node_modules/react/cjs/react.development.js:789:22)
      at renderPage (src/components/event/__tests__/PublicEventPage.issue2101.test.tsx:456:3)
      at Object.<anonymous> (src/components/event/__tests__/PublicEventPage.issue2101.test.tsx:618:22)

    console.error
      The current testing environment is not configured to support act(...)

      469 |   while (mounted.length > 0) {
      470 |     const renderer = mounted.pop();
    > 471 |     if (renderer !== undefined) act(() => renderer.unmount());
          |                                                    ^
      472 |   }
      473 | });
      474 |

      at isConcurrentActEnvironment (node_modules/react-test-renderer/cjs/react-test-renderer.development.js:10243:17)
      at warnIfUpdatesNotWrappedWithActDEV (node_modules/react-test-renderer/cjs/react-test-renderer.development.js:11798:7)
      at scheduleUpdateOnFiber (node_modules/react-test-renderer/cjs/react-test-renderer.development.js:10326:9)
      at updateContainerImpl (node_modules/react-test-renderer/cjs/react-test-renderer.development.js:12382:10)
      at updateContainer (node_modules/react-test-renderer/cjs/react-test-renderer.development.js:12326:7)
      at Object.unmount (node_modules/react-test-renderer/cjs/react-test-renderer.development.js:14674:14)
      at src/components/event/__tests__/PublicEventPage.issue2101.test.tsx:471:52
      at Object.<anonymous>.process.env.NODE_ENV.exports.act (node_modules/react/cjs/react.development.js:789:22)
      at Object.<anonymous> (src/components/event/__tests__/PublicEventPage.issue2101.test.tsx:471:33)

    console.error
      react-test-renderer is deprecated. See https://react.dev/warnings/react-test-renderer

      455 |   let renderer!: RendererInstance;
      456 |   act(() => {
    > 457 |     renderer = TestRenderer.create(
          |                             ^
      458 |       <PublicEventPage event={event} brand={BRAND} bookable={bookable} />,
      459 |     );
      460 |   });

      at Object.<anonymous>.process.env.NODE_ENV.exports.create (node_modules/react-test-renderer/cjs/react-test-renderer.development.js:14598:17)
      at src/components/event/__tests__/PublicEventPage.issue2101.test.tsx:457:29
      at Object.<anonymous>.process.env.NODE_ENV.exports.act (node_modules/react/cjs/react.development.js:789:22)
      at renderPage (src/components/event/__tests__/PublicEventPage.issue2101.test.tsx:456:3)
      at Object.<anonymous> (src/components/event/__tests__/PublicEventPage.issue2101.test.tsx:632:28)

    console.error
      The current testing environment is not configured to support act(...)

      455 |   let renderer!: RendererInstance;
      456 |   act(() => {
    > 457 |     renderer = TestRenderer.create(
          |                             ^
      458 |       <PublicEventPage event={event} brand={BRAND} bookable={bookable} />,
      459 |     );
      460 |   });

      at isConcurrentActEnvironment (node_modules/react-test-renderer/cjs/react-test-renderer.development.js:10243:17)
      at warnIfUpdatesNotWrappedWithActDEV (node_modules/react-test-renderer/cjs/react-test-renderer.development.js:11798:7)
      at scheduleUpdateOnFiber (node_modules/react-test-renderer/cjs/react-test-renderer.development.js:10326:9)
      at updateContainerImpl (node_modules/react-test-renderer/cjs/react-test-renderer.development.js:12382:10)
      at updateContainer (node_modules/react-test-renderer/cjs/react-test-renderer.development.js:12326:7)
      at Object.<anonymous>.process.env.NODE_ENV.exports.create (node_modules/react-test-renderer/cjs/react-test-renderer.development.js:14630:7)
      at src/components/event/__tests__/PublicEventPage.issue2101.test.tsx:457:29
      at Object.<anonymous>.process.env.NODE_ENV.exports.act (node_modules/react/cjs/react.development.js:789:22)
      at renderPage (src/components/event/__tests__/PublicEventPage.issue2101.test.tsx:456:3)
      at Object.<anonymous> (src/components/event/__tests__/PublicEventPage.issue2101.test.tsx:632:28)

    console.error
      The current testing environment is not configured to support act(...)

      469 |   while (mounted.length > 0) {
      470 |     const renderer = mounted.pop();
    > 471 |     if (renderer !== undefined) act(() => renderer.unmount());
          |                                                    ^
      472 |   }
      473 | });
      474 |

      at isConcurrentActEnvironment (node_modules/react-test-renderer/cjs/react-test-renderer.development.js:10243:17)
      at warnIfUpdatesNotWrappedWithActDEV (node_modules/react-test-renderer/cjs/react-test-renderer.development.js:11798:7)
      at scheduleUpdateOnFiber (node_modules/react-test-renderer/cjs/react-test-renderer.development.js:10326:9)
      at updateContainerImpl (node_modules/react-test-renderer/cjs/react-test-renderer.development.js:12382:10)
      at updateContainer (node_modules/react-test-renderer/cjs/react-test-renderer.development.js:12326:7)
      at Object.unmount (node_modules/react-test-renderer/cjs/react-test-renderer.development.js:14674:14)
      at src/components/event/__tests__/PublicEventPage.issue2101.test.tsx:471:52
      at Object.<anonymous>.process.env.NODE_ENV.exports.act (node_modules/react/cjs/react.development.js:789:22)
      at Object.<anonymous> (src/components/event/__tests__/PublicEventPage.issue2101.test.tsx:471:33)

    console.error
      react-test-renderer is deprecated. See https://react.dev/warnings/react-test-renderer

      455 |   let renderer!: RendererInstance;
      456 |   act(() => {
    > 457 |     renderer = TestRenderer.create(
          |                             ^
      458 |       <PublicEventPage event={event} brand={BRAND} bookable={bookable} />,
      459 |     );
      460 |   });

      at Object.<anonymous>.process.env.NODE_ENV.exports.create (node_modules/react-test-renderer/cjs/react-test-renderer.development.js:14598:17)
      at src/components/event/__tests__/PublicEventPage.issue2101.test.tsx:457:29
      at Object.<anonymous>.process.env.NODE_ENV.exports.act (node_modules/react/cjs/react.development.js:789:22)
      at renderPage (src/components/event/__tests__/PublicEventPage.issue2101.test.tsx:456:3)
      at Object.<anonymous> (src/components/event/__tests__/PublicEventPage.issue2101.test.tsx:648:22)

    console.error
      The current testing environment is not configured to support act(...)

      455 |   let renderer!: RendererInstance;
      456 |   act(() => {
    > 457 |     renderer = TestRenderer.create(
          |                             ^
      458 |       <PublicEventPage event={event} brand={BRAND} bookable={bookable} />,
      459 |     );
      460 |   });

      at isConcurrentActEnvironment (node_modules/react-test-renderer/cjs/react-test-renderer.development.js:10243:17)
      at warnIfUpdatesNotWrappedWithActDEV (node_modules/react-test-renderer/cjs/react-test-renderer.development.js:11798:7)
      at scheduleUpdateOnFiber (node_modules/react-test-renderer/cjs/react-test-renderer.development.js:10326:9)
      at updateContainerImpl (node_modules/react-test-renderer/cjs/react-test-renderer.development.js:12382:10)
      at updateContainer (node_modules/react-test-renderer/cjs/react-test-renderer.development.js:12326:7)
      at Object.<anonymous>.process.env.NODE_ENV.exports.create (node_modules/react-test-renderer/cjs/react-test-renderer.development.js:14630:7)
      at src/components/event/__tests__/PublicEventPage.issue2101.test.tsx:457:29
      at Object.<anonymous>.process.env.NODE_ENV.exports.act (node_modules/react/cjs/react.development.js:789:22)
      at renderPage (src/components/event/__tests__/PublicEventPage.issue2101.test.tsx:456:3)
      at Object.<anonymous> (src/components/event/__tests__/PublicEventPage.issue2101.test.tsx:648:22)

    console.error
      The current testing environment is not configured to support act(...)

      469 |   while (mounted.length > 0) {
      470 |     const renderer = mounted.pop();
    > 471 |     if (renderer !== undefined) act(() => renderer.unmount());
          |                                                    ^
      472 |   }
      473 | });
      474 |

      at isConcurrentActEnvironment (node_modules/react-test-renderer/cjs/react-test-renderer.development.js:10243:17)
      at warnIfUpdatesNotWrappedWithActDEV (node_modules/react-test-renderer/cjs/react-test-renderer.development.js:11798:7)
      at scheduleUpdateOnFiber (node_modules/react-test-renderer/cjs/react-test-renderer.development.js:10326:9)
      at updateContainerImpl (node_modules/react-test-renderer/cjs/react-test-renderer.development.js:12382:10)
      at updateContainer (node_modules/react-test-renderer/cjs/react-test-renderer.development.js:12326:7)
      at Object.unmount (node_modules/react-test-renderer/cjs/react-test-renderer.development.js:14674:14)
      at src/components/event/__tests__/PublicEventPage.issue2101.test.tsx:471:52
      at Object.<anonymous>.process.env.NODE_ENV.exports.act (node_modules/react/cjs/react.development.js:789:22)
      at Object.<anonymous> (src/components/event/__tests__/PublicEventPage.issue2101.test.tsx:471:33)

    console.error
      react-test-renderer is deprecated. See https://react.dev/warnings/react-test-renderer

      455 |   let renderer!: RendererInstance;
      456 |   act(() => {
    > 457 |     renderer = TestRenderer.create(
          |                             ^
      458 |       <PublicEventPage event={event} brand={BRAND} bookable={bookable} />,
      459 |     );
      460 |   });

      at Object.<anonymous>.process.env.NODE_ENV.exports.create (node_modules/react-test-renderer/cjs/react-test-renderer.development.js:14598:17)
      at src/components/event/__tests__/PublicEventPage.issue2101.test.tsx:457:29
      at Object.<anonymous>.process.env.NODE_ENV.exports.act (node_modules/react/cjs/react.development.js:789:22)
      at renderPage (src/components/event/__tests__/PublicEventPage.issue2101.test.tsx:456:3)
      at Object.<anonymous> (src/components/event/__tests__/PublicEventPage.issue2101.test.tsx:579:24)

    console.error
      The current testing environment is not configured to support act(...)

      455 |   let renderer!: RendererInstance;
      456 |   act(() => {
    > 457 |     renderer = TestRenderer.create(
          |                             ^
      458 |       <PublicEventPage event={event} brand={BRAND} bookable={bookable} />,
      459 |     );
      460 |   });

      at isConcurrentActEnvironment (node_modules/react-test-renderer/cjs/react-test-renderer.development.js:10243:17)
      at warnIfUpdatesNotWrappedWithActDEV (node_modules/react-test-renderer/cjs/react-test-renderer.development.js:11798:7)
      at scheduleUpdateOnFiber (node_modules/react-test-renderer/cjs/react-test-renderer.development.js:10326:9)
      at updateContainerImpl (node_modules/react-test-renderer/cjs/react-test-renderer.development.js:12382:10)
      at updateContainer (node_modules/react-test-renderer/cjs/react-test-renderer.development.js:12326:7)
      at Object.<anonymous>.process.env.NODE_ENV.exports.create (node_modules/react-test-renderer/cjs/react-test-renderer.development.js:14630:7)
      at src/components/event/__tests__/PublicEventPage.issue2101.test.tsx:457:29
      at Object.<anonymous>.process.env.NODE_ENV.exports.act (node_modules/react/cjs/react.development.js:789:22)
      at renderPage (src/components/event/__tests__/PublicEventPage.issue2101.test.tsx:456:3)
      at Object.<anonymous> (src/components/event/__tests__/PublicEventPage.issue2101.test.tsx:579:24)

    console.error
      The current testing environment is not configured to support act(...)

      469 |   while (mounted.length > 0) {
      470 |     const renderer = mounted.pop();
    > 471 |     if (renderer !== undefined) act(() => renderer.unmount());
          |                                                    ^
      472 |   }
      473 | });
      474 |

      at isConcurrentActEnvironment (node_modules/react-test-renderer/cjs/react-test-renderer.development.js:10243:17)
      at warnIfUpdatesNotWrappedWithActDEV (node_modules/react-test-renderer/cjs/react-test-renderer.development.js:11798:7)
      at scheduleUpdateOnFiber (node_modules/react-test-renderer/cjs/react-test-renderer.development.js:10326:9)
      at updateContainerImpl (node_modules/react-test-renderer/cjs/react-test-renderer.development.js:12382:10)
      at updateContainer (node_modules/react-test-renderer/cjs/react-test-renderer.development.js:12326:7)
      at Object.unmount (node_modules/react-test-renderer/cjs/react-test-renderer.development.js:14674:14)
      at src/components/event/__tests__/PublicEventPage.issue2101.test.tsx:471:52
      at Object.<anonymous>.process.env.NODE_ENV.exports.act (node_modules/react/cjs/react.development.js:789:22)
      at Object.<anonymous> (src/components/event/__tests__/PublicEventPage.issue2101.test.tsx:471:33)

    console.error
      react-test-renderer is deprecated. See https://react.dev/warnings/react-test-renderer

      455 |   let renderer!: RendererInstance;
      456 |   act(() => {
    > 457 |     renderer = TestRenderer.create(
          |                             ^
      458 |       <PublicEventPage event={event} brand={BRAND} bookable={bookable} />,
      459 |     );
      460 |   });

      at Object.<anonymous>.process.env.NODE_ENV.exports.create (node_modules/react-test-renderer/cjs/react-test-renderer.development.js:14598:17)
      at src/components/event/__tests__/PublicEventPage.issue2101.test.tsx:457:29
      at Object.<anonymous>.process.env.NODE_ENV.exports.act (node_modules/react/cjs/react.development.js:789:22)
      at renderPage (src/components/event/__tests__/PublicEventPage.issue2101.test.tsx:456:3)
      at Object.<anonymous> (src/components/event/__tests__/PublicEventPage.issue2101.test.tsx:593:24)

    console.error
      The current testing environment is not configured to support act(...)

      455 |   let renderer!: RendererInstance;
      456 |   act(() => {
    > 457 |     renderer = TestRenderer.create(
          |                             ^
      458 |       <PublicEventPage event={event} brand={BRAND} bookable={bookable} />,
      459 |     );
      460 |   });

      at isConcurrentActEnvironment (node_modules/react-test-renderer/cjs/react-test-renderer.development.js:10243:17)
      at warnIfUpdatesNotWrappedWithActDEV (node_modules/react-test-renderer/cjs/react-test-renderer.development.js:11798:7)
      at scheduleUpdateOnFiber (node_modules/react-test-renderer/cjs/react-test-renderer.development.js:10326:9)
      at updateContainerImpl (node_modules/react-test-renderer/cjs/react-test-renderer.development.js:12382:10)
      at updateContainer (node_modules/react-test-renderer/cjs/react-test-renderer.development.js:12326:7)
      at Object.<anonymous>.process.env.NODE_ENV.exports.create (node_modules/react-test-renderer/cjs/react-test-renderer.development.js:14630:7)
      at src/components/event/__tests__/PublicEventPage.issue2101.test.tsx:457:29
      at Object.<anonymous>.process.env.NODE_ENV.exports.act (node_modules/react/cjs/react.development.js:789:22)
      at renderPage (src/components/event/__tests__/PublicEventPage.issue2101.test.tsx:456:3)
      at Object.<anonymous> (src/components/event/__tests__/PublicEventPage.issue2101.test.tsx:593:24)

    console.error
      The current testing environment is not configured to support act(...)

      469 |   while (mounted.length > 0) {
      470 |     const renderer = mounted.pop();
    > 471 |     if (renderer !== undefined) act(() => renderer.unmount());
          |                                                    ^
      472 |   }
      473 | });
      474 |

      at isConcurrentActEnvironment (node_modules/react-test-renderer/cjs/react-test-renderer.development.js:10243:17)
      at warnIfUpdatesNotWrappedWithActDEV (node_modules/react-test-renderer/cjs/react-test-renderer.development.js:11798:7)
      at scheduleUpdateOnFiber (node_modules/react-test-renderer/cjs/react-test-renderer.development.js:10326:9)
      at updateContainerImpl (node_modules/react-test-renderer/cjs/react-test-renderer.development.js:12382:10)
      at updateContainer (node_modules/react-test-renderer/cjs/react-test-renderer.development.js:12326:7)
      at Object.unmount (node_modules/react-test-renderer/cjs/react-test-renderer.development.js:14674:14)
      at src/components/event/__tests__/PublicEventPage.issue2101.test.tsx:471:52
      at Object.<anonymous>.process.env.NODE_ENV.exports.act (node_modules/react/cjs/react.development.js:789:22)
      at Object.<anonymous> (src/components/event/__tests__/PublicEventPage.issue2101.test.tsx:471:33)

    console.error
      react-test-renderer is deprecated. See https://react.dev/warnings/react-test-renderer

      455 |   let renderer!: RendererInstance;
      456 |   act(() => {
    > 457 |     renderer = TestRenderer.create(
          |                             ^
      458 |       <PublicEventPage event={event} brand={BRAND} bookable={bookable} />,
      459 |     );
      460 |   });

      at Object.<anonymous>.process.env.NODE_ENV.exports.create (node_modules/react-test-renderer/cjs/react-test-renderer.development.js:14598:17)
      at src/components/event/__tests__/PublicEventPage.issue2101.test.tsx:457:29
      at Object.<anonymous>.process.env.NODE_ENV.exports.act (node_modules/react/cjs/react.development.js:789:22)
      at renderPage (src/components/event/__tests__/PublicEventPage.issue2101.test.tsx:456:3)
      at Object.<anonymous> (src/components/event/__tests__/PublicEventPage.issue2101.test.tsx:605:24)

    console.error
      The current testing environment is not configured to support act(...)

      455 |   let renderer!: RendererInstance;
      456 |   act(() => {
    > 457 |     renderer = TestRenderer.create(
          |                             ^
      458 |       <PublicEventPage event={event} brand={BRAND} bookable={bookable} />,
      459 |     );
      460 |   });

      at isConcurrentActEnvironment (node_modules/react-test-renderer/cjs/react-test-renderer.development.js:10243:17)
      at warnIfUpdatesNotWrappedWithActDEV (node_modules/react-test-renderer/cjs/react-test-renderer.development.js:11798:7)
      at scheduleUpdateOnFiber (node_modules/react-test-renderer/cjs/react-test-renderer.development.js:10326:9)
      at updateContainerImpl (node_modules/react-test-renderer/cjs/react-test-renderer.development.js:12382:10)
      at updateContainer (node_modules/react-test-renderer/cjs/react-test-renderer.development.js:12326:7)
      at Object.<anonymous>.process.env.NODE_ENV.exports.create (node_modules/react-test-renderer/cjs/react-test-renderer.development.js:14630:7)
      at src/components/event/__tests__/PublicEventPage.issue2101.test.tsx:457:29
      at Object.<anonymous>.process.env.NODE_ENV.exports.act (node_modules/react/cjs/react.development.js:789:22)
      at renderPage (src/components/event/__tests__/PublicEventPage.issue2101.test.tsx:456:3)
      at Object.<anonymous> (src/components/event/__tests__/PublicEventPage.issue2101.test.tsx:605:24)

    console.error
      The current testing environment is not configured to support act(...)

      469 |   while (mounted.length > 0) {
      470 |     const renderer = mounted.pop();
    > 471 |     if (renderer !== undefined) act(() => renderer.unmount());
          |                                                    ^
      472 |   }
      473 | });
      474 |

      at isConcurrentActEnvironment (node_modules/react-test-renderer/cjs/react-test-renderer.development.js:10243:17)
      at warnIfUpdatesNotWrappedWithActDEV (node_modules/react-test-renderer/cjs/react-test-renderer.development.js:11798:7)
      at scheduleUpdateOnFiber (node_modules/react-test-renderer/cjs/react-test-renderer.development.js:10326:9)
      at updateContainerImpl (node_modules/react-test-renderer/cjs/react-test-renderer.development.js:12382:10)
      at updateContainer (node_modules/react-test-renderer/cjs/react-test-renderer.development.js:12326:7)
      at Object.unmount (node_modules/react-test-renderer/cjs/react-test-renderer.development.js:14674:14)
      at src/components/event/__tests__/PublicEventPage.issue2101.test.tsx:471:52
      at Object.<anonymous>.process.env.NODE_ENV.exports.act (node_modules/react/cjs/react.development.js:789:22)
      at Object.<anonymous> (src/components/event/__tests__/PublicEventPage.issue2101.test.tsx:471:33)

    console.error
      react-test-renderer is deprecated. See https://react.dev/warnings/react-test-renderer

      455 |   let renderer!: RendererInstance;
      456 |   act(() => {
    > 457 |     renderer = TestRenderer.create(
          |                             ^
      458 |       <PublicEventPage event={event} brand={BRAND} bookable={bookable} />,
      459 |     );
      460 |   });

      at Object.<anonymous>.process.env.NODE_ENV.exports.create (node_modules/react-test-renderer/cjs/react-test-renderer.development.js:14598:17)
      at src/components/event/__tests__/PublicEventPage.issue2101.test.tsx:457:29
      at Object.<anonymous>.process.env.NODE_ENV.exports.act (node_modules/react/cjs/react.development.js:789:22)
      at renderPage (src/components/event/__tests__/PublicEventPage.issue2101.test.tsx:456:3)
      at Object.<anonymous> (src/components/event/__tests__/PublicEventPage.issue2101.test.tsx:579:24)

    console.error
      The current testing environment is not configured to support act(...)

      455 |   let renderer!: RendererInstance;
      456 |   act(() => {
    > 457 |     renderer = TestRenderer.create(
          |                             ^
      458 |       <PublicEventPage event={event} brand={BRAND} bookable={bookable} />,
      459 |     );
      460 |   });

      at isConcurrentActEnvironment (node_modules/react-test-renderer/cjs/react-test-renderer.development.js:10243:17)
      at warnIfUpdatesNotWrappedWithActDEV (node_modules/react-test-renderer/cjs/react-test-renderer.development.js:11798:7)
      at scheduleUpdateOnFiber (node_modules/react-test-renderer/cjs/react-test-renderer.development.js:10326:9)
      at updateContainerImpl (node_modules/react-test-renderer/cjs/react-test-renderer.development.js:12382:10)
      at updateContainer (node_modules/react-test-renderer/cjs/react-test-renderer.development.js:12326:7)
      at Object.<anonymous>.process.env.NODE_ENV.exports.create (node_modules/react-test-renderer/cjs/react-test-renderer.development.js:14630:7)
      at src/components/event/__tests__/PublicEventPage.issue2101.test.tsx:457:29
      at Object.<anonymous>.process.env.NODE_ENV.exports.act (node_modules/react/cjs/react.development.js:789:22)
      at renderPage (src/components/event/__tests__/PublicEventPage.issue2101.test.tsx:456:3)
      at Object.<anonymous> (src/components/event/__tests__/PublicEventPage.issue2101.test.tsx:579:24)

    console.error
      The current testing environment is not configured to support act(...)

      469 |   while (mounted.length > 0) {
      470 |     const renderer = mounted.pop();
    > 471 |     if (renderer !== undefined) act(() => renderer.unmount());
          |                                                    ^
      472 |   }
      473 | });
      474 |

      at isConcurrentActEnvironment (node_modules/react-test-renderer/cjs/react-test-renderer.development.js:10243:17)
      at warnIfUpdatesNotWrappedWithActDEV (node_modules/react-test-renderer/cjs/react-test-renderer.development.js:11798:7)
      at scheduleUpdateOnFiber (node_modules/react-test-renderer/cjs/react-test-renderer.development.js:10326:9)
      at updateContainerImpl (node_modules/react-test-renderer/cjs/react-test-renderer.development.js:12382:10)
      at updateContainer (node_modules/react-test-renderer/cjs/react-test-renderer.development.js:12326:7)
      at Object.unmount (node_modules/react-test-renderer/cjs/react-test-renderer.development.js:14674:14)
      at src/components/event/__tests__/PublicEventPage.issue2101.test.tsx:471:52
      at Object.<anonymous>.process.env.NODE_ENV.exports.act (node_modules/react/cjs/react.development.js:789:22)
      at Object.<anonymous> (src/components/event/__tests__/PublicEventPage.issue2101.test.tsx:471:33)

    console.error
      react-test-renderer is deprecated. See https://react.dev/warnings/react-test-renderer

      455 |   let renderer!: RendererInstance;
      456 |   act(() => {
    > 457 |     renderer = TestRenderer.create(
          |                             ^
      458 |       <PublicEventPage event={event} brand={BRAND} bookable={bookable} />,
      459 |     );
      460 |   });

      at Object.<anonymous>.process.env.NODE_ENV.exports.create (node_modules/react-test-renderer/cjs/react-test-renderer.development.js:14598:17)
      at src/components/event/__tests__/PublicEventPage.issue2101.test.tsx:457:29
      at Object.<anonymous>.process.env.NODE_ENV.exports.act (node_modules/react/cjs/react.development.js:789:22)
      at renderPage (src/components/event/__tests__/PublicEventPage.issue2101.test.tsx:456:3)
      at Object.<anonymous> (src/components/event/__tests__/PublicEventPage.issue2101.test.tsx:593:24)

    console.error
      The current testing environment is not configured to support act(...)

      455 |   let renderer!: RendererInstance;
      456 |   act(() => {
    > 457 |     renderer = TestRenderer.create(
          |                             ^
      458 |       <PublicEventPage event={event} brand={BRAND} bookable={bookable} />,
      459 |     );
      460 |   });

      at isConcurrentActEnvironment (node_modules/react-test-renderer/cjs/react-test-renderer.development.js:10243:17)
      at warnIfUpdatesNotWrappedWithActDEV (node_modules/react-test-renderer/cjs/react-test-renderer.development.js:11798:7)
      at scheduleUpdateOnFiber (node_modules/react-test-renderer/cjs/react-test-renderer.development.js:10326:9)
      at updateContainerImpl (node_modules/react-test-renderer/cjs/react-test-renderer.development.js:12382:10)
      at updateContainer (node_modules/react-test-renderer/cjs/react-test-renderer.development.js:12326:7)
      at Object.<anonymous>.process.env.NODE_ENV.exports.create (node_modules/react-test-renderer/cjs/react-test-renderer.development.js:14630:7)
      at src/components/event/__tests__/PublicEventPage.issue2101.test.tsx:457:29
      at Object.<anonymous>.process.env.NODE_ENV.exports.act (node_modules/react/cjs/react.development.js:789:22)
      at renderPage (src/components/event/__tests__/PublicEventPage.issue2101.test.tsx:456:3)
      at Object.<anonymous> (src/components/event/__tests__/PublicEventPage.issue2101.test.tsx:593:24)

    console.error
      The current testing environment is not configured to support act(...)

      469 |   while (mounted.length > 0) {
      470 |     const renderer = mounted.pop();
    > 471 |     if (renderer !== undefined) act(() => renderer.unmount());
          |                                                    ^
      472 |   }
      473 | });
      474 |

      at isConcurrentActEnvironment (node_modules/react-test-renderer/cjs/react-test-renderer.development.js:10243:17)
      at warnIfUpdatesNotWrappedWithActDEV (node_modules/react-test-renderer/cjs/react-test-renderer.development.js:11798:7)
      at scheduleUpdateOnFiber (node_modules/react-test-renderer/cjs/react-test-renderer.development.js:10326:9)
      at updateContainerImpl (node_modules/react-test-renderer/cjs/react-test-renderer.development.js:12382:10)
      at updateContainer (node_modules/react-test-renderer/cjs/react-test-renderer.development.js:12326:7)
      at Object.unmount (node_modules/react-test-renderer/cjs/react-test-renderer.development.js:14674:14)
      at src/components/event/__tests__/PublicEventPage.issue2101.test.tsx:471:52
      at Object.<anonymous>.process.env.NODE_ENV.exports.act (node_modules/react/cjs/react.development.js:789:22)
      at Object.<anonymous> (src/components/event/__tests__/PublicEventPage.issue2101.test.tsx:471:33)

    console.error
      react-test-renderer is deprecated. See https://react.dev/warnings/react-test-renderer

      455 |   let renderer!: RendererInstance;
      456 |   act(() => {
    > 457 |     renderer = TestRenderer.create(
          |                             ^
      458 |       <PublicEventPage event={event} brand={BRAND} bookable={bookable} />,
      459 |     );
      460 |   });

      at Object.<anonymous>.process.env.NODE_ENV.exports.create (node_modules/react-test-renderer/cjs/react-test-renderer.development.js:14598:17)
      at src/components/event/__tests__/PublicEventPage.issue2101.test.tsx:457:29
      at Object.<anonymous>.process.env.NODE_ENV.exports.act (node_modules/react/cjs/react.development.js:789:22)
      at renderPage (src/components/event/__tests__/PublicEventPage.issue2101.test.tsx:456:3)
      at Object.<anonymous> (src/components/event/__tests__/PublicEventPage.issue2101.test.tsx:605:24)

    console.error
      The current testing environment is not configured to support act(...)

      455 |   let renderer!: RendererInstance;
      456 |   act(() => {
    > 457 |     renderer = TestRenderer.create(
          |                             ^
      458 |       <PublicEventPage event={event} brand={BRAND} bookable={bookable} />,
      459 |     );
      460 |   });

      at isConcurrentActEnvironment (node_modules/react-test-renderer/cjs/react-test-renderer.development.js:10243:17)
      at warnIfUpdatesNotWrappedWithActDEV (node_modules/react-test-renderer/cjs/react-test-renderer.development.js:11798:7)
      at scheduleUpdateOnFiber (node_modules/react-test-renderer/cjs/react-test-renderer.development.js:10326:9)
      at updateContainerImpl (node_modules/react-test-renderer/cjs/react-test-renderer.development.js:12382:10)
      at updateContainer (node_modules/react-test-renderer/cjs/react-test-renderer.development.js:12326:7)
      at Object.<anonymous>.process.env.NODE_ENV.exports.create (node_modules/react-test-renderer/cjs/react-test-renderer.development.js:14630:7)
      at src/components/event/__tests__/PublicEventPage.issue2101.test.tsx:457:29
      at Object.<anonymous>.process.env.NODE_ENV.exports.act (node_modules/react/cjs/react.development.js:789:22)
      at renderPage (src/components/event/__tests__/PublicEventPage.issue2101.test.tsx:456:3)
      at Object.<anonymous> (src/components/event/__tests__/PublicEventPage.issue2101.test.tsx:605:24)

    console.error
      The current testing environment is not configured to support act(...)

      469 |   while (mounted.length > 0) {
      470 |     const renderer = mounted.pop();
    > 471 |     if (renderer !== undefined) act(() => renderer.unmount());
          |                                                    ^
      472 |   }
      473 | });
      474 |

      at isConcurrentActEnvironment (node_modules/react-test-renderer/cjs/react-test-renderer.development.js:10243:17)
      at warnIfUpdatesNotWrappedWithActDEV (node_modules/react-test-renderer/cjs/react-test-renderer.development.js:11798:7)
      at scheduleUpdateOnFiber (node_modules/react-test-renderer/cjs/react-test-renderer.development.js:10326:9)
      at updateContainerImpl (node_modules/react-test-renderer/cjs/react-test-renderer.development.js:12382:10)
      at updateContainer (node_modules/react-test-renderer/cjs/react-test-renderer.development.js:12326:7)
      at Object.unmount (node_modules/react-test-renderer/cjs/react-test-renderer.development.js:14674:14)
      at src/components/event/__tests__/PublicEventPage.issue2101.test.tsx:471:52
      at Object.<anonymous>.process.env.NODE_ENV.exports.act (node_modules/react/cjs/react.development.js:789:22)
      at Object.<anonymous> (src/components/event/__tests__/PublicEventPage.issue2101.test.tsx:471:33)

    console.error
      react-test-renderer is deprecated. See https://react.dev/warnings/react-test-renderer

      455 |   let renderer!: RendererInstance;
      456 |   act(() => {
    > 457 |     renderer = TestRenderer.create(
          |                             ^
      458 |       <PublicEventPage event={event} brand={BRAND} bookable={bookable} />,
      459 |     );
      460 |   });

      at Object.<anonymous>.process.env.NODE_ENV.exports.create (node_modules/react-test-renderer/cjs/react-test-renderer.development.js:14598:17)
      at src/components/event/__tests__/PublicEventPage.issue2101.test.tsx:457:29
      at Object.<anonymous>.process.env.NODE_ENV.exports.act (node_modules/react/cjs/react.development.js:789:22)
      at renderPage (src/components/event/__tests__/PublicEventPage.issue2101.test.tsx:456:3)
      at Object.<anonymous> (src/components/event/__tests__/PublicEventPage.issue2101.test.tsx:618:22)

    console.error
      The current testing environment is not configured to support act(...)

      455 |   let renderer!: RendererInstance;
      456 |   act(() => {
    > 457 |     renderer = TestRenderer.create(
          |                             ^
      458 |       <PublicEventPage event={event} brand={BRAND} bookable={bookable} />,
      459 |     );
      460 |   });

      at isConcurrentActEnvironment (node_modules/react-test-renderer/cjs/react-test-renderer.development.js:10243:17)
      at warnIfUpdatesNotWrappedWithActDEV (node_modules/react-test-renderer/cjs/react-test-renderer.development.js:11798:7)
      at scheduleUpdateOnFiber (node_modules/react-test-renderer/cjs/react-test-renderer.development.js:10326:9)
      at updateContainerImpl (node_modules/react-test-renderer/cjs/react-test-renderer.development.js:12382:10)
      at updateContainer (node_modules/react-test-renderer/cjs/react-test-renderer.development.js:12326:7)
      at Object.<anonymous>.process.env.NODE_ENV.exports.create (node_modules/react-test-renderer/cjs/react-test-renderer.development.js:14630:7)
      at src/components/event/__tests__/PublicEventPage.issue2101.test.tsx:457:29
      at Object.<anonymous>.process.env.NODE_ENV.exports.act (node_modules/react/cjs/react.development.js:789:22)
      at renderPage (src/components/event/__tests__/PublicEventPage.issue2101.test.tsx:456:3)
      at Object.<anonymous> (src/components/event/__tests__/PublicEventPage.issue2101.test.tsx:618:22)

    console.error
      The current testing environment is not configured to support act(...)

      469 |   while (mounted.length > 0) {
      470 |     const renderer = mounted.pop();
    > 471 |     if (renderer !== undefined) act(() => renderer.unmount());
          |                                                    ^
      472 |   }
      473 | });
      474 |

      at isConcurrentActEnvironment (node_modules/react-test-renderer/cjs/react-test-renderer.development.js:10243:17)
      at warnIfUpdatesNotWrappedWithActDEV (node_modules/react-test-renderer/cjs/react-test-renderer.development.js:11798:7)
      at scheduleUpdateOnFiber (node_modules/react-test-renderer/cjs/react-test-renderer.development.js:10326:9)
      at updateContainerImpl (node_modules/react-test-renderer/cjs/react-test-renderer.development.js:12382:10)
      at updateContainer (node_modules/react-test-renderer/cjs/react-test-renderer.development.js:12326:7)
      at Object.unmount (node_modules/react-test-renderer/cjs/react-test-renderer.development.js:14674:14)
      at src/components/event/__tests__/PublicEventPage.issue2101.test.tsx:471:52
      at Object.<anonymous>.process.env.NODE_ENV.exports.act (node_modules/react/cjs/react.development.js:789:22)
      at Object.<anonymous> (src/components/event/__tests__/PublicEventPage.issue2101.test.tsx:471:33)

    console.error
      react-test-renderer is deprecated. See https://react.dev/warnings/react-test-renderer

      455 |   let renderer!: RendererInstance;
      456 |   act(() => {
    > 457 |     renderer = TestRenderer.create(
          |                             ^
      458 |       <PublicEventPage event={event} brand={BRAND} bookable={bookable} />,
      459 |     );
      460 |   });

      at Object.<anonymous>.process.env.NODE_ENV.exports.create (node_modules/react-test-renderer/cjs/react-test-renderer.development.js:14598:17)
      at src/components/event/__tests__/PublicEventPage.issue2101.test.tsx:457:29
      at Object.<anonymous>.process.env.NODE_ENV.exports.act (node_modules/react/cjs/react.development.js:789:22)
      at renderPage (src/components/event/__tests__/PublicEventPage.issue2101.test.tsx:456:3)
      at Object.<anonymous> (src/components/event/__tests__/PublicEventPage.issue2101.test.tsx:632:28)

    console.error
      The current testing environment is not configured to support act(...)

      455 |   let renderer!: RendererInstance;
      456 |   act(() => {
    > 457 |     renderer = TestRenderer.create(
          |                             ^
      458 |       <PublicEventPage event={event} brand={BRAND} bookable={bookable} />,
      459 |     );
      460 |   });

      at isConcurrentActEnvironment (node_modules/react-test-renderer/cjs/react-test-renderer.development.js:10243:17)
      at warnIfUpdatesNotWrappedWithActDEV (node_modules/react-test-renderer/cjs/react-test-renderer.development.js:11798:7)
      at scheduleUpdateOnFiber (node_modules/react-test-renderer/cjs/react-test-renderer.development.js:10326:9)
      at updateContainerImpl (node_modules/react-test-renderer/cjs/react-test-renderer.development.js:12382:10)
      at updateContainer (node_modules/react-test-renderer/cjs/react-test-renderer.development.js:12326:7)
      at Object.<anonymous>.process.env.NODE_ENV.exports.create (node_modules/react-test-renderer/cjs/react-test-renderer.development.js:14630:7)
      at src/components/event/__tests__/PublicEventPage.issue2101.test.tsx:457:29
      at Object.<anonymous>.process.env.NODE_ENV.exports.act (node_modules/react/cjs/react.development.js:789:22)
      at renderPage (src/components/event/__tests__/PublicEventPage.issue2101.test.tsx:456:3)
      at Object.<anonymous> (src/components/event/__tests__/PublicEventPage.issue2101.test.tsx:632:28)

    console.error
      The current testing environment is not configured to support act(...)

      469 |   while (mounted.length > 0) {
      470 |     const renderer = mounted.pop();
    > 471 |     if (renderer !== undefined) act(() => renderer.unmount());
          |                                                    ^
      472 |   }
      473 | });
      474 |

      at isConcurrentActEnvironment (node_modules/react-test-renderer/cjs/react-test-renderer.development.js:10243:17)
      at warnIfUpdatesNotWrappedWithActDEV (node_modules/react-test-renderer/cjs/react-test-renderer.development.js:11798:7)
      at scheduleUpdateOnFiber (node_modules/react-test-renderer/cjs/react-test-renderer.development.js:10326:9)
      at updateContainerImpl (node_modules/react-test-renderer/cjs/react-test-renderer.development.js:12382:10)
      at updateContainer (node_modules/react-test-renderer/cjs/react-test-renderer.development.js:12326:7)
      at Object.unmount (node_modules/react-test-renderer/cjs/react-test-renderer.development.js:14674:14)
      at src/components/event/__tests__/PublicEventPage.issue2101.test.tsx:471:52
      at Object.<anonymous>.process.env.NODE_ENV.exports.act (node_modules/react/cjs/react.development.js:789:22)
      at Object.<anonymous> (src/components/event/__tests__/PublicEventPage.issue2101.test.tsx:471:33)

    console.error
      react-test-renderer is deprecated. See https://react.dev/warnings/react-test-renderer

      455 |   let renderer!: RendererInstance;
      456 |   act(() => {
    > 457 |     renderer = TestRenderer.create(
          |                             ^
      458 |       <PublicEventPage event={event} brand={BRAND} bookable={bookable} />,
      459 |     );
      460 |   });

      at Object.<anonymous>.process.env.NODE_ENV.exports.create (node_modules/react-test-renderer/cjs/react-test-renderer.development.js:14598:17)
      at src/components/event/__tests__/PublicEventPage.issue2101.test.tsx:457:29
      at Object.<anonymous>.process.env.NODE_ENV.exports.act (node_modules/react/cjs/react.development.js:789:22)
      at renderPage (src/components/event/__tests__/PublicEventPage.issue2101.test.tsx:456:3)
      at Object.<anonymous> (src/components/event/__tests__/PublicEventPage.issue2101.test.tsx:648:22)

    console.error
      The current testing environment is not configured to support act(...)

      455 |   let renderer!: RendererInstance;
      456 |   act(() => {
    > 457 |     renderer = TestRenderer.create(
          |                             ^
      458 |       <PublicEventPage event={event} brand={BRAND} bookable={bookable} />,
      459 |     );
      460 |   });

      at isConcurrentActEnvironment (node_modules/react-test-renderer/cjs/react-test-renderer.development.js:10243:17)
      at warnIfUpdatesNotWrappedWithActDEV (node_modules/react-test-renderer/cjs/react-test-renderer.development.js:11798:7)
      at scheduleUpdateOnFiber (node_modules/react-test-renderer/cjs/react-test-renderer.development.js:10326:9)
      at updateContainerImpl (node_modules/react-test-renderer/cjs/react-test-renderer.development.js:12382:10)
      at updateContainer (node_modules/react-test-renderer/cjs/react-test-renderer.development.js:12326:7)
      at Object.<anonymous>.process.env.NODE_ENV.exports.create (node_modules/react-test-renderer/cjs/react-test-renderer.development.js:14630:7)
      at src/components/event/__tests__/PublicEventPage.issue2101.test.tsx:457:29
      at Object.<anonymous>.process.env.NODE_ENV.exports.act (node_modules/react/cjs/react.development.js:789:22)
      at renderPage (src/components/event/__tests__/PublicEventPage.issue2101.test.tsx:456:3)
      at Object.<anonymous> (src/components/event/__tests__/PublicEventPage.issue2101.test.tsx:648:22)

    console.error
      The current testing environment is not configured to support act(...)

      469 |   while (mounted.length > 0) {
      470 |     const renderer = mounted.pop();
    > 471 |     if (renderer !== undefined) act(() => renderer.unmount());
          |                                                    ^
      472 |   }
      473 | });
      474 |

      at isConcurrentActEnvironment (node_modules/react-test-renderer/cjs/react-test-renderer.development.js:10243:17)
      at warnIfUpdatesNotWrappedWithActDEV (node_modules/react-test-renderer/cjs/react-test-renderer.development.js:11798:7)
      at scheduleUpdateOnFiber (node_modules/react-test-renderer/cjs/react-test-renderer.development.js:10326:9)
      at updateContainerImpl (node_modules/react-test-renderer/cjs/react-test-renderer.development.js:12382:10)
      at updateContainer (node_modules/react-test-renderer/cjs/react-test-renderer.development.js:12326:7)
      at Object.unmount (node_modules/react-test-renderer/cjs/react-test-renderer.development.js:14674:14)
      at src/components/event/__tests__/PublicEventPage.issue2101.test.tsx:471:52
      at Object.<anonymous>.process.env.NODE_ENV.exports.act (node_modules/react/cjs/react.development.js:789:22)
      at Object.<anonymous> (src/components/event/__tests__/PublicEventPage.issue2101.test.tsx:471:33)

    console.error
      react-test-renderer is deprecated. See https://react.dev/warnings/react-test-renderer

      455 |   let renderer!: RendererInstance;
      456 |   act(() => {
    > 457 |     renderer = TestRenderer.create(
          |                             ^
      458 |       <PublicEventPage event={event} brand={BRAND} bookable={bookable} />,
      459 |     );
      460 |   });

      at Object.<anonymous>.process.env.NODE_ENV.exports.create (node_modules/react-test-renderer/cjs/react-test-renderer.development.js:14598:17)
      at src/components/event/__tests__/PublicEventPage.issue2101.test.tsx:457:29
      at Object.<anonymous>.process.env.NODE_ENV.exports.act (node_modules/react/cjs/react.development.js:789:22)
      at renderPage (src/components/event/__tests__/PublicEventPage.issue2101.test.tsx:456:3)
      at Object.<anonymous> (src/components/event/__tests__/PublicEventPage.issue2101.test.tsx:579:24)

    console.error
      The current testing environment is not configured to support act(...)

      455 |   let renderer!: RendererInstance;
      456 |   act(() => {
    > 457 |     renderer = TestRenderer.create(
          |                             ^
      458 |       <PublicEventPage event={event} brand={BRAND} bookable={bookable} />,
      459 |     );
      460 |   });

      at isConcurrentActEnvironment (node_modules/react-test-renderer/cjs/react-test-renderer.development.js:10243:17)
      at warnIfUpdatesNotWrappedWithActDEV (node_modules/react-test-renderer/cjs/react-test-renderer.development.js:11798:7)
      at scheduleUpdateOnFiber (node_modules/react-test-renderer/cjs/react-test-renderer.development.js:10326:9)
      at updateContainerImpl (node_modules/react-test-renderer/cjs/react-test-renderer.development.js:12382:10)
      at updateContainer (node_modules/react-test-renderer/cjs/react-test-renderer.development.js:12326:7)
      at Object.<anonymous>.process.env.NODE_ENV.exports.create (node_modules/react-test-renderer/cjs/react-test-renderer.development.js:14630:7)
      at src/components/event/__tests__/PublicEventPage.issue2101.test.tsx:457:29
      at Object.<anonymous>.process.env.NODE_ENV.exports.act (node_modules/react/cjs/react.development.js:789:22)
      at renderPage (src/components/event/__tests__/PublicEventPage.issue2101.test.tsx:456:3)
      at Object.<anonymous> (src/components/event/__tests__/PublicEventPage.issue2101.test.tsx:579:24)

    console.error
      The current testing environment is not configured to support act(...)

      469 |   while (mounted.length > 0) {
      470 |     const renderer = mounted.pop();
    > 471 |     if (renderer !== undefined) act(() => renderer.unmount());
          |                                                    ^
      472 |   }
      473 | });
      474 |

      at isConcurrentActEnvironment (node_modules/react-test-renderer/cjs/react-test-renderer.development.js:10243:17)
      at warnIfUpdatesNotWrappedWithActDEV (node_modules/react-test-renderer/cjs/react-test-renderer.development.js:11798:7)
      at scheduleUpdateOnFiber (node_modules/react-test-renderer/cjs/react-test-renderer.development.js:10326:9)
      at updateContainerImpl (node_modules/react-test-renderer/cjs/react-test-renderer.development.js:12382:10)
      at updateContainer (node_modules/react-test-renderer/cjs/react-test-renderer.development.js:12326:7)
      at Object.unmount (node_modules/react-test-renderer/cjs/react-test-renderer.development.js:14674:14)
      at src/components/event/__tests__/PublicEventPage.issue2101.test.tsx:471:52
      at Object.<anonymous>.process.env.NODE_ENV.exports.act (node_modules/react/cjs/react.development.js:789:22)
      at Object.<anonymous> (src/components/event/__tests__/PublicEventPage.issue2101.test.tsx:471:33)

    console.error
      react-test-renderer is deprecated. See https://react.dev/warnings/react-test-renderer

      455 |   let renderer!: RendererInstance;
      456 |   act(() => {
    > 457 |     renderer = TestRenderer.create(
          |                             ^
      458 |       <PublicEventPage event={event} brand={BRAND} bookable={bookable} />,
      459 |     );
      460 |   });

      at Object.<anonymous>.process.env.NODE_ENV.exports.create (node_modules/react-test-renderer/cjs/react-test-renderer.development.js:14598:17)
      at src/components/event/__tests__/PublicEventPage.issue2101.test.tsx:457:29
      at Object.<anonymous>.process.env.NODE_ENV.exports.act (node_modules/react/cjs/react.development.js:789:22)
      at renderPage (src/components/event/__tests__/PublicEventPage.issue2101.test.tsx:456:3)
      at Object.<anonymous> (src/components/event/__tests__/PublicEventPage.issue2101.test.tsx:593:24)

    console.error
      The current testing environment is not configured to support act(...)

      455 |   let renderer!: RendererInstance;
      456 |   act(() => {
    > 457 |     renderer = TestRenderer.create(
          |                             ^
      458 |       <PublicEventPage event={event} brand={BRAND} bookable={bookable} />,
      459 |     );
      460 |   });

      at isConcurrentActEnvironment (node_modules/react-test-renderer/cjs/react-test-renderer.development.js:10243:17)
      at warnIfUpdatesNotWrappedWithActDEV (node_modules/react-test-renderer/cjs/react-test-renderer.development.js:11798:7)
      at scheduleUpdateOnFiber (node_modules/react-test-renderer/cjs/react-test-renderer.development.js:10326:9)
      at updateContainerImpl (node_modules/react-test-renderer/cjs/react-test-renderer.development.js:12382:10)
      at updateContainer (node_modules/react-test-renderer/cjs/react-test-renderer.development.js:12326:7)
      at Object.<anonymous>.process.env.NODE_ENV.exports.create (node_modules/react-test-renderer/cjs/react-test-renderer.development.js:14630:7)
      at src/components/event/__tests__/PublicEventPage.issue2101.test.tsx:457:29
      at Object.<anonymous>.process.env.NODE_ENV.exports.act (node_modules/react/cjs/react.development.js:789:22)
      at renderPage (src/components/event/__tests__/PublicEventPage.issue2101.test.tsx:456:3)
      at Object.<anonymous> (src/components/event/__tests__/PublicEventPage.issue2101.test.tsx:593:24)

    console.error
      The current testing environment is not configured to support act(...)

      469 |   while (mounted.length > 0) {
      470 |     const renderer = mounted.pop();
    > 471 |     if (renderer !== undefined) act(() => renderer.unmount());
          |                                                    ^
      472 |   }
      473 | });
      474 |

      at isConcurrentActEnvironment (node_modules/react-test-renderer/cjs/react-test-renderer.development.js:10243:17)
      at warnIfUpdatesNotWrappedWithActDEV (node_modules/react-test-renderer/cjs/react-test-renderer.development.js:11798:7)
      at scheduleUpdateOnFiber (node_modules/react-test-renderer/cjs/react-test-renderer.development.js:10326:9)
      at updateContainerImpl (node_modules/react-test-renderer/cjs/react-test-renderer.development.js:12382:10)
      at updateContainer (node_modules/react-test-renderer/cjs/react-test-renderer.development.js:12326:7)
      at Object.unmount (node_modules/react-test-renderer/cjs/react-test-renderer.development.js:14674:14)
      at src/components/event/__tests__/PublicEventPage.issue2101.test.tsx:471:52
      at Object.<anonymous>.process.env.NODE_ENV.exports.act (node_modules/react/cjs/react.development.js:789:22)
      at Object.<anonymous> (src/components/event/__tests__/PublicEventPage.issue2101.test.tsx:471:33)

    console.error
      react-test-renderer is deprecated. See https://react.dev/warnings/react-test-renderer

      455 |   let renderer!: RendererInstance;
      456 |   act(() => {
    > 457 |     renderer = TestRenderer.create(
          |                             ^
      458 |       <PublicEventPage event={event} brand={BRAND} bookable={bookable} />,
      459 |     );
      460 |   });

      at Object.<anonymous>.process.env.NODE_ENV.exports.create (node_modules/react-test-renderer/cjs/react-test-renderer.development.js:14598:17)
      at src/components/event/__tests__/PublicEventPage.issue2101.test.tsx:457:29
      at Object.<anonymous>.process.env.NODE_ENV.exports.act (node_modules/react/cjs/react.development.js:789:22)
      at renderPage (src/components/event/__tests__/PublicEventPage.issue2101.test.tsx:456:3)
      at Object.<anonymous> (src/components/event/__tests__/PublicEventPage.issue2101.test.tsx:605:24)

    console.error
      The current testing environment is not configured to support act(...)

      455 |   let renderer!: RendererInstance;
      456 |   act(() => {
    > 457 |     renderer = TestRenderer.create(
          |                             ^
      458 |       <PublicEventPage event={event} brand={BRAND} bookable={bookable} />,
      459 |     );
      460 |   });

      at isConcurrentActEnvironment (node_modules/react-test-renderer/cjs/react-test-renderer.development.js:10243:17)
      at warnIfUpdatesNotWrappedWithActDEV (node_modules/react-test-renderer/cjs/react-test-renderer.development.js:11798:7)
      at scheduleUpdateOnFiber (node_modules/react-test-renderer/cjs/react-test-renderer.development.js:10326:9)
      at updateContainerImpl (node_modules/react-test-renderer/cjs/react-test-renderer.development.js:12382:10)
      at updateContainer (node_modules/react-test-renderer/cjs/react-test-renderer.development.js:12326:7)
      at Object.<anonymous>.process.env.NODE_ENV.exports.create (node_modules/react-test-renderer/cjs/react-test-renderer.development.js:14630:7)
      at src/components/event/__tests__/PublicEventPage.issue2101.test.tsx:457:29
      at Object.<anonymous>.process.env.NODE_ENV.exports.act (node_modules/react/cjs/react.development.js:789:22)
      at renderPage (src/components/event/__tests__/PublicEventPage.issue2101.test.tsx:456:3)
      at Object.<anonymous> (src/components/event/__tests__/PublicEventPage.issue2101.test.tsx:605:24)

    console.error
      The current testing environment is not configured to support act(...)

      469 |   while (mounted.length > 0) {
      470 |     const renderer = mounted.pop();
    > 471 |     if (renderer !== undefined) act(() => renderer.unmount());
          |                                                    ^
      472 |   }
      473 | });
      474 |

      at isConcurrentActEnvironment (node_modules/react-test-renderer/cjs/react-test-renderer.development.js:10243:17)
      at warnIfUpdatesNotWrappedWithActDEV (node_modules/react-test-renderer/cjs/react-test-renderer.development.js:11798:7)
      at scheduleUpdateOnFiber (node_modules/react-test-renderer/cjs/react-test-renderer.development.js:10326:9)
      at updateContainerImpl (node_modules/react-test-renderer/cjs/react-test-renderer.development.js:12382:10)
      at updateContainer (node_modules/react-test-renderer/cjs/react-test-renderer.development.js:12326:7)
      at Object.unmount (node_modules/react-test-renderer/cjs/react-test-renderer.development.js:14674:14)
      at src/components/event/__tests__/PublicEventPage.issue2101.test.tsx:471:52
      at Object.<anonymous>.process.env.NODE_ENV.exports.act (node_modules/react/cjs/react.development.js:789:22)
      at Object.<anonymous> (src/components/event/__tests__/PublicEventPage.issue2101.test.tsx:471:33)

    console.error
      react-test-renderer is deprecated. See https://react.dev/warnings/react-test-renderer

      455 |   let renderer!: RendererInstance;
      456 |   act(() => {
    > 457 |     renderer = TestRenderer.create(
          |                             ^
      458 |       <PublicEventPage event={event} brand={BRAND} bookable={bookable} />,
      459 |     );
      460 |   });

      at Object.<anonymous>.process.env.NODE_ENV.exports.create (node_modules/react-test-renderer/cjs/react-test-renderer.development.js:14598:17)
      at src/components/event/__tests__/PublicEventPage.issue2101.test.tsx:457:29
      at Object.<anonymous>.process.env.NODE_ENV.exports.act (node_modules/react/cjs/react.development.js:789:22)
      at renderPage (src/components/event/__tests__/PublicEventPage.issue2101.test.tsx:456:3)
      at Object.<anonymous> (src/components/event/__tests__/PublicEventPage.issue2101.test.tsx:579:24)

    console.error
      The current testing environment is not configured to support act(...)

      455 |   let renderer!: RendererInstance;
      456 |   act(() => {
    > 457 |     renderer = TestRenderer.create(
          |                             ^
      458 |       <PublicEventPage event={event} brand={BRAND} bookable={bookable} />,
      459 |     );
      460 |   });

      at isConcurrentActEnvironment (node_modules/react-test-renderer/cjs/react-test-renderer.development.js:10243:17)
      at warnIfUpdatesNotWrappedWithActDEV (node_modules/react-test-renderer/cjs/react-test-renderer.development.js:11798:7)
      at scheduleUpdateOnFiber (node_modules/react-test-renderer/cjs/react-test-renderer.development.js:10326:9)
      at updateContainerImpl (node_modules/react-test-renderer/cjs/react-test-renderer.development.js:12382:10)
      at updateContainer (node_modules/react-test-renderer/cjs/react-test-renderer.development.js:12326:7)
      at Object.<anonymous>.process.env.NODE_ENV.exports.create (node_modules/react-test-renderer/cjs/react-test-renderer.development.js:14630:7)
      at src/components/event/__tests__/PublicEventPage.issue2101.test.tsx:457:29
      at Object.<anonymous>.process.env.NODE_ENV.exports.act (node_modules/react/cjs/react.development.js:789:22)
      at renderPage (src/components/event/__tests__/PublicEventPage.issue2101.test.tsx:456:3)
      at Object.<anonymous> (src/components/event/__tests__/PublicEventPage.issue2101.test.tsx:579:24)

    console.error
      The current testing environment is not configured to support act(...)

      469 |   while (mounted.length > 0) {
      470 |     const renderer = mounted.pop();
    > 471 |     if (renderer !== undefined) act(() => renderer.unmount());
          |                                                    ^
      472 |   }
      473 | });
      474 |

      at isConcurrentActEnvironment (node_modules/react-test-renderer/cjs/react-test-renderer.development.js:10243:17)
      at warnIfUpdatesNotWrappedWithActDEV (node_modules/react-test-renderer/cjs/react-test-renderer.development.js:11798:7)
      at scheduleUpdateOnFiber (node_modules/react-test-renderer/cjs/react-test-renderer.development.js:10326:9)
      at updateContainerImpl (node_modules/react-test-renderer/cjs/react-test-renderer.development.js:12382:10)
      at updateContainer (node_modules/react-test-renderer/cjs/react-test-renderer.development.js:12326:7)
      at Object.unmount (node_modules/react-test-renderer/cjs/react-test-renderer.development.js:14674:14)
      at src/components/event/__tests__/PublicEventPage.issue2101.test.tsx:471:52
      at Object.<anonymous>.process.env.NODE_ENV.exports.act (node_modules/react/cjs/react.development.js:789:22)
      at Object.<anonymous> (src/components/event/__tests__/PublicEventPage.issue2101.test.tsx:471:33)

    console.error
      react-test-renderer is deprecated. See https://react.dev/warnings/react-test-renderer

      455 |   let renderer!: RendererInstance;
      456 |   act(() => {
    > 457 |     renderer = TestRenderer.create(
          |                             ^
      458 |       <PublicEventPage event={event} brand={BRAND} bookable={bookable} />,
      459 |     );
      460 |   });

      at Object.<anonymous>.process.env.NODE_ENV.exports.create (node_modules/react-test-renderer/cjs/react-test-renderer.development.js:14598:17)
      at src/components/event/__tests__/PublicEventPage.issue2101.test.tsx:457:29
      at Object.<anonymous>.process.env.NODE_ENV.exports.act (node_modules/react/cjs/react.development.js:789:22)
      at renderPage (src/components/event/__tests__/PublicEventPage.issue2101.test.tsx:456:3)
      at Object.<anonymous> (src/components/event/__tests__/PublicEventPage.issue2101.test.tsx:593:24)

    console.error
      The current testing environment is not configured to support act(...)

      455 |   let renderer!: RendererInstance;
      456 |   act(() => {
    > 457 |     renderer = TestRenderer.create(
          |                             ^
      458 |       <PublicEventPage event={event} brand={BRAND} bookable={bookable} />,
      459 |     );
      460 |   });

      at isConcurrentActEnvironment (node_modules/react-test-renderer/cjs/react-test-renderer.development.js:10243:17)
      at warnIfUpdatesNotWrappedWithActDEV (node_modules/react-test-renderer/cjs/react-test-renderer.development.js:11798:7)
      at scheduleUpdateOnFiber (node_modules/react-test-renderer/cjs/react-test-renderer.development.js:10326:9)
      at updateContainerImpl (node_modules/react-test-renderer/cjs/react-test-renderer.development.js:12382:10)
      at updateContainer (node_modules/react-test-renderer/cjs/react-test-renderer.development.js:12326:7)
      at Object.<anonymous>.process.env.NODE_ENV.exports.create (node_modules/react-test-renderer/cjs/react-test-renderer.development.js:14630:7)
      at src/components/event/__tests__/PublicEventPage.issue2101.test.tsx:457:29
      at Object.<anonymous>.process.env.NODE_ENV.exports.act (node_modules/react/cjs/react.development.js:789:22)
      at renderPage (src/components/event/__tests__/PublicEventPage.issue2101.test.tsx:456:3)
      at Object.<anonymous> (src/components/event/__tests__/PublicEventPage.issue2101.test.tsx:593:24)

    console.error
      The current testing environment is not configured to support act(...)

      469 |   while (mounted.length > 0) {
      470 |     const renderer = mounted.pop();
    > 471 |     if (renderer !== undefined) act(() => renderer.unmount());
          |                                                    ^
      472 |   }
      473 | });
      474 |

      at isConcurrentActEnvironment (node_modules/react-test-renderer/cjs/react-test-renderer.development.js:10243:17)
      at warnIfUpdatesNotWrappedWithActDEV (node_modules/react-test-renderer/cjs/react-test-renderer.development.js:11798:7)
      at scheduleUpdateOnFiber (node_modules/react-test-renderer/cjs/react-test-renderer.development.js:10326:9)
      at updateContainerImpl (node_modules/react-test-renderer/cjs/react-test-renderer.development.js:12382:10)
      at updateContainer (node_modules/react-test-renderer/cjs/react-test-renderer.development.js:12326:7)
      at Object.unmount (node_modules/react-test-renderer/cjs/react-test-renderer.development.js:14674:14)
      at src/components/event/__tests__/PublicEventPage.issue2101.test.tsx:471:52
      at Object.<anonymous>.process.env.NODE_ENV.exports.act (node_modules/react/cjs/react.development.js:789:22)
      at Object.<anonymous> (src/components/event/__tests__/PublicEventPage.issue2101.test.tsx:471:33)

    console.error
      react-test-renderer is deprecated. See https://react.dev/warnings/react-test-renderer

      455 |   let renderer!: RendererInstance;
      456 |   act(() => {
    > 457 |     renderer = TestRenderer.create(
          |                             ^
      458 |       <PublicEventPage event={event} brand={BRAND} bookable={bookable} />,
      459 |     );
      460 |   });

      at Object.<anonymous>.process.env.NODE_ENV.exports.create (node_modules/react-test-renderer/cjs/react-test-renderer.development.js:14598:17)
      at src/components/event/__tests__/PublicEventPage.issue2101.test.tsx:457:29
      at Object.<anonymous>.process.env.NODE_ENV.exports.act (node_modules/react/cjs/react.development.js:789:22)
      at renderPage (src/components/event/__tests__/PublicEventPage.issue2101.test.tsx:456:3)
      at Object.<anonymous> (src/components/event/__tests__/PublicEventPage.issue2101.test.tsx:605:24)

    console.error
      The current testing environment is not configured to support act(...)

      455 |   let renderer!: RendererInstance;
      456 |   act(() => {
    > 457 |     renderer = TestRenderer.create(
          |                             ^
      458 |       <PublicEventPage event={event} brand={BRAND} bookable={bookable} />,
      459 |     );
      460 |   });

      at isConcurrentActEnvironment (node_modules/react-test-renderer/cjs/react-test-renderer.development.js:10243:17)
      at warnIfUpdatesNotWrappedWithActDEV (node_modules/react-test-renderer/cjs/react-test-renderer.development.js:11798:7)
      at scheduleUpdateOnFiber (node_modules/react-test-renderer/cjs/react-test-renderer.development.js:10326:9)
      at updateContainerImpl (node_modules/react-test-renderer/cjs/react-test-renderer.development.js:12382:10)
      at updateContainer (node_modules/react-test-renderer/cjs/react-test-renderer.development.js:12326:7)
      at Object.<anonymous>.process.env.NODE_ENV.exports.create (node_modules/react-test-renderer/cjs/react-test-renderer.development.js:14630:7)
      at src/components/event/__tests__/PublicEventPage.issue2101.test.tsx:457:29
      at Object.<anonymous>.process.env.NODE_ENV.exports.act (node_modules/react/cjs/react.development.js:789:22)
      at renderPage (src/components/event/__tests__/PublicEventPage.issue2101.test.tsx:456:3)
      at Object.<anonymous> (src/components/event/__tests__/PublicEventPage.issue2101.test.tsx:605:24)

    console.error
      The current testing environment is not configured to support act(...)

      469 |   while (mounted.length > 0) {
      470 |     const renderer = mounted.pop();
    > 471 |     if (renderer !== undefined) act(() => renderer.unmount());
          |                                                    ^
      472 |   }
      473 | });
      474 |

      at isConcurrentActEnvironment (node_modules/react-test-renderer/cjs/react-test-renderer.development.js:10243:17)
      at warnIfUpdatesNotWrappedWithActDEV (node_modules/react-test-renderer/cjs/react-test-renderer.development.js:11798:7)
      at scheduleUpdateOnFiber (node_modules/react-test-renderer/cjs/react-test-renderer.development.js:10326:9)
      at updateContainerImpl (node_modules/react-test-renderer/cjs/react-test-renderer.development.js:12382:10)
      at updateContainer (node_modules/react-test-renderer/cjs/react-test-renderer.development.js:12326:7)
      at Object.unmount (node_modules/react-test-renderer/cjs/react-test-renderer.development.js:14674:14)
      at src/components/event/__tests__/PublicEventPage.issue2101.test.tsx:471:52
      at Object.<anonymous>.process.env.NODE_ENV.exports.act (node_modules/react/cjs/react.development.js:789:22)
      at Object.<anonymous> (src/components/event/__tests__/PublicEventPage.issue2101.test.tsx:471:33)

    console.error
      react-test-renderer is deprecated. See https://react.dev/warnings/react-test-renderer

      455 |   let renderer!: RendererInstance;
      456 |   act(() => {
    > 457 |     renderer = TestRenderer.create(
          |                             ^
      458 |       <PublicEventPage event={event} brand={BRAND} bookable={bookable} />,
      459 |     );
      460 |   });

      at Object.<anonymous>.process.env.NODE_ENV.exports.create (node_modules/react-test-renderer/cjs/react-test-renderer.development.js:14598:17)
      at src/components/event/__tests__/PublicEventPage.issue2101.test.tsx:457:29
      at Object.<anonymous>.process.env.NODE_ENV.exports.act (node_modules/react/cjs/react.development.js:789:22)
      at renderPage (src/components/event/__tests__/PublicEventPage.issue2101.test.tsx:456:3)
      at Object.<anonymous> (src/components/event/__tests__/PublicEventPage.issue2101.test.tsx:618:22)

    console.error
      The current testing environment is not configured to support act(...)

      455 |   let renderer!: RendererInstance;
      456 |   act(() => {
    > 457 |     renderer = TestRenderer.create(
          |                             ^
      458 |       <PublicEventPage event={event} brand={BRAND} bookable={bookable} />,
      459 |     );
      460 |   });

      at isConcurrentActEnvironment (node_modules/react-test-renderer/cjs/react-test-renderer.development.js:10243:17)
      at warnIfUpdatesNotWrappedWithActDEV (node_modules/react-test-renderer/cjs/react-test-renderer.development.js:11798:7)
      at scheduleUpdateOnFiber (node_modules/react-test-renderer/cjs/react-test-renderer.development.js:10326:9)
      at updateContainerImpl (node_modules/react-test-renderer/cjs/react-test-renderer.development.js:12382:10)
      at updateContainer (node_modules/react-test-renderer/cjs/react-test-renderer.development.js:12326:7)
      at Object.<anonymous>.process.env.NODE_ENV.exports.create (node_modules/react-test-renderer/cjs/react-test-renderer.development.js:14630:7)
      at src/components/event/__tests__/PublicEventPage.issue2101.test.tsx:457:29
      at Object.<anonymous>.process.env.NODE_ENV.exports.act (node_modules/react/cjs/react.development.js:789:22)
      at renderPage (src/components/event/__tests__/PublicEventPage.issue2101.test.tsx:456:3)
      at Object.<anonymous> (src/components/event/__tests__/PublicEventPage.issue2101.test.tsx:618:22)

    console.error
      The current testing environment is not configured to support act(...)

      469 |   while (mounted.length > 0) {
      470 |     const renderer = mounted.pop();
    > 471 |     if (renderer !== undefined) act(() => renderer.unmount());
          |                                                    ^
      472 |   }
      473 | });
      474 |

      at isConcurrentActEnvironment (node_modules/react-test-renderer/cjs/react-test-renderer.development.js:10243:17)
      at warnIfUpdatesNotWrappedWithActDEV (node_modules/react-test-renderer/cjs/react-test-renderer.development.js:11798:7)
      at scheduleUpdateOnFiber (node_modules/react-test-renderer/cjs/react-test-renderer.development.js:10326:9)
      at updateContainerImpl (node_modules/react-test-renderer/cjs/react-test-renderer.development.js:12382:10)
      at updateContainer (node_modules/react-test-renderer/cjs/react-test-renderer.development.js:12326:7)
      at Object.unmount (node_modules/react-test-renderer/cjs/react-test-renderer.development.js:14674:14)
      at src/components/event/__tests__/PublicEventPage.issue2101.test.tsx:471:52
      at Object.<anonymous>.process.env.NODE_ENV.exports.act (node_modules/react/cjs/react.development.js:789:22)
      at Object.<anonymous> (src/components/event/__tests__/PublicEventPage.issue2101.test.tsx:471:33)

    console.error
      react-test-renderer is deprecated. See https://react.dev/warnings/react-test-renderer

      455 |   let renderer!: RendererInstance;
      456 |   act(() => {
    > 457 |     renderer = TestRenderer.create(
          |                             ^
      458 |       <PublicEventPage event={event} brand={BRAND} bookable={bookable} />,
      459 |     );
      460 |   });

      at Object.<anonymous>.process.env.NODE_ENV.exports.create (node_modules/react-test-renderer/cjs/react-test-renderer.development.js:14598:17)
      at src/components/event/__tests__/PublicEventPage.issue2101.test.tsx:457:29
      at Object.<anonymous>.process.env.NODE_ENV.exports.act (node_modules/react/cjs/react.development.js:789:22)
      at renderPage (src/components/event/__tests__/PublicEventPage.issue2101.test.tsx:456:3)
      at Object.<anonymous> (src/components/event/__tests__/PublicEventPage.issue2101.test.tsx:632:28)

    console.error
      The current testing environment is not configured to support act(...)

      455 |   let renderer!: RendererInstance;
      456 |   act(() => {
    > 457 |     renderer = TestRenderer.create(
          |                             ^
      458 |       <PublicEventPage event={event} brand={BRAND} bookable={bookable} />,
      459 |     );
      460 |   });

      at isConcurrentActEnvironment (node_modules/react-test-renderer/cjs/react-test-renderer.development.js:10243:17)
      at warnIfUpdatesNotWrappedWithActDEV (node_modules/react-test-renderer/cjs/react-test-renderer.development.js:11798:7)
      at scheduleUpdateOnFiber (node_modules/react-test-renderer/cjs/react-test-renderer.development.js:10326:9)
      at updateContainerImpl (node_modules/react-test-renderer/cjs/react-test-renderer.development.js:12382:10)
      at updateContainer (node_modules/react-test-renderer/cjs/react-test-renderer.development.js:12326:7)
      at Object.<anonymous>.process.env.NODE_ENV.exports.create (node_modules/react-test-renderer/cjs/react-test-renderer.development.js:14630:7)
      at src/components/event/__tests__/PublicEventPage.issue2101.test.tsx:457:29
      at Object.<anonymous>.process.env.NODE_ENV.exports.act (node_modules/react/cjs/react.development.js:789:22)
      at renderPage (src/components/event/__tests__/PublicEventPage.issue2101.test.tsx:456:3)
      at Object.<anonymous> (src/components/event/__tests__/PublicEventPage.issue2101.test.tsx:632:28)

    console.error
      The current testing environment is not configured to support act(...)

      469 |   while (mounted.length > 0) {
      470 |     const renderer = mounted.pop();
    > 471 |     if (renderer !== undefined) act(() => renderer.unmount());
          |                                                    ^
      472 |   }
      473 | });
      474 |

      at isConcurrentActEnvironment (node_modules/react-test-renderer/cjs/react-test-renderer.development.js:10243:17)
      at warnIfUpdatesNotWrappedWithActDEV (node_modules/react-test-renderer/cjs/react-test-renderer.development.js:11798:7)
      at scheduleUpdateOnFiber (node_modules/react-test-renderer/cjs/react-test-renderer.development.js:10326:9)
      at updateContainerImpl (node_modules/react-test-renderer/cjs/react-test-renderer.development.js:12382:10)
      at updateContainer (node_modules/react-test-renderer/cjs/react-test-renderer.development.js:12326:7)
      at Object.unmount (node_modules/react-test-renderer/cjs/react-test-renderer.development.js:14674:14)
      at src/components/event/__tests__/PublicEventPage.issue2101.test.tsx:471:52
      at Object.<anonymous>.process.env.NODE_ENV.exports.act (node_modules/react/cjs/react.development.js:789:22)
      at Object.<anonymous> (src/components/event/__tests__/PublicEventPage.issue2101.test.tsx:471:33)

    console.error
      react-test-renderer is deprecated. See https://react.dev/warnings/react-test-renderer

      455 |   let renderer!: RendererInstance;
      456 |   act(() => {
    > 457 |     renderer = TestRenderer.create(
          |                             ^
      458 |       <PublicEventPage event={event} brand={BRAND} bookable={bookable} />,
      459 |     );
      460 |   });

      at Object.<anonymous>.process.env.NODE_ENV.exports.create (node_modules/react-test-renderer/cjs/react-test-renderer.development.js:14598:17)
      at src/components/event/__tests__/PublicEventPage.issue2101.test.tsx:457:29
      at Object.<anonymous>.process.env.NODE_ENV.exports.act (node_modules/react/cjs/react.development.js:789:22)
      at renderPage (src/components/event/__tests__/PublicEventPage.issue2101.test.tsx:456:3)
      at Object.<anonymous> (src/components/event/__tests__/PublicEventPage.issue2101.test.tsx:648:22)

    console.error
      The current testing environment is not configured to support act(...)

      455 |   let renderer!: RendererInstance;
      456 |   act(() => {
    > 457 |     renderer = TestRenderer.create(
          |                             ^
      458 |       <PublicEventPage event={event} brand={BRAND} bookable={bookable} />,
      459 |     );
      460 |   });

      at isConcurrentActEnvironment (node_modules/react-test-renderer/cjs/react-test-renderer.development.js:10243:17)
      at warnIfUpdatesNotWrappedWithActDEV (node_modules/react-test-renderer/cjs/react-test-renderer.development.js:11798:7)
      at scheduleUpdateOnFiber (node_modules/react-test-renderer/cjs/react-test-renderer.development.js:10326:9)
      at updateContainerImpl (node_modules/react-test-renderer/cjs/react-test-renderer.development.js:12382:10)
      at updateContainer (node_modules/react-test-renderer/cjs/react-test-renderer.development.js:12326:7)
      at Object.<anonymous>.process.env.NODE_ENV.exports.create (node_modules/react-test-renderer/cjs/react-test-renderer.development.js:14630:7)
      at src/components/event/__tests__/PublicEventPage.issue2101.test.tsx:457:29
      at Object.<anonymous>.process.env.NODE_ENV.exports.act (node_modules/react/cjs/react.development.js:789:22)
      at renderPage (src/components/event/__tests__/PublicEventPage.issue2101.test.tsx:456:3)
      at Object.<anonymous> (src/components/event/__tests__/PublicEventPage.issue2101.test.tsx:648:22)

    console.error
      The current testing environment is not configured to support act(...)

      469 |   while (mounted.length > 0) {
      470 |     const renderer = mounted.pop();
    > 471 |     if (renderer !== undefined) act(() => renderer.unmount());
          |                                                    ^
      472 |   }
      473 | });
      474 |

      at isConcurrentActEnvironment (node_modules/react-test-renderer/cjs/react-test-renderer.development.js:10243:17)
      at warnIfUpdatesNotWrappedWithActDEV (node_modules/react-test-renderer/cjs/react-test-renderer.development.js:11798:7)
      at scheduleUpdateOnFiber (node_modules/react-test-renderer/cjs/react-test-renderer.development.js:10326:9)
      at updateContainerImpl (node_modules/react-test-renderer/cjs/react-test-renderer.development.js:12382:10)
      at updateContainer (node_modules/react-test-renderer/cjs/react-test-renderer.development.js:12326:7)
      at Object.unmount (node_modules/react-test-renderer/cjs/react-test-renderer.development.js:14674:14)
      at src/components/event/__tests__/PublicEventPage.issue2101.test.tsx:471:52
      at Object.<anonymous>.process.env.NODE_ENV.exports.act (node_modules/react/cjs/react.development.js:789:22)
      at Object.<anonymous> (src/components/event/__tests__/PublicEventPage.issue2101.test.tsx:471:33)

    console.error
      react-test-renderer is deprecated. See https://react.dev/warnings/react-test-renderer

      455 |   let renderer!: RendererInstance;
      456 |   act(() => {
    > 457 |     renderer = TestRenderer.create(
          |                             ^
      458 |       <PublicEventPage event={event} brand={BRAND} bookable={bookable} />,
      459 |     );
      460 |   });

      at Object.<anonymous>.process.env.NODE_ENV.exports.create (node_modules/react-test-renderer/cjs/react-test-renderer.development.js:14598:17)
      at src/components/event/__tests__/PublicEventPage.issue2101.test.tsx:457:29
      at Object.<anonymous>.process.env.NODE_ENV.exports.act (node_modules/react/cjs/react.development.js:789:22)
      at renderPage (src/components/event/__tests__/PublicEventPage.issue2101.test.tsx:456:3)
      at src/components/event/__tests__/PublicEventPage.issue2101.test.tsx:690:24

    console.error
      The current testing environment is not configured to support act(...)

      455 |   let renderer!: RendererInstance;
      456 |   act(() => {
    > 457 |     renderer = TestRenderer.create(
          |                             ^
      458 |       <PublicEventPage event={event} brand={BRAND} bookable={bookable} />,
      459 |     );
      460 |   });

      at isConcurrentActEnvironment (node_modules/react-test-renderer/cjs/react-test-renderer.development.js:10243:17)
      at warnIfUpdatesNotWrappedWithActDEV (node_modules/react-test-renderer/cjs/react-test-renderer.development.js:11798:7)
      at scheduleUpdateOnFiber (node_modules/react-test-renderer/cjs/react-test-renderer.development.js:10326:9)
      at updateContainerImpl (node_modules/react-test-renderer/cjs/react-test-renderer.development.js:12382:10)
      at updateContainer (node_modules/react-test-renderer/cjs/react-test-renderer.development.js:12326:7)
      at Object.<anonymous>.process.env.NODE_ENV.exports.create (node_modules/react-test-renderer/cjs/react-test-renderer.development.js:14630:7)
      at src/components/event/__tests__/PublicEventPage.issue2101.test.tsx:457:29
      at Object.<anonymous>.process.env.NODE_ENV.exports.act (node_modules/react/cjs/react.development.js:789:22)
      at renderPage (src/components/event/__tests__/PublicEventPage.issue2101.test.tsx:456:3)
      at src/components/event/__tests__/PublicEventPage.issue2101.test.tsx:690:24

    console.error
      The current testing environment is not configured to support act(...)

      469 |   while (mounted.length > 0) {
      470 |     const renderer = mounted.pop();
    > 471 |     if (renderer !== undefined) act(() => renderer.unmount());
          |                                                    ^
      472 |   }
      473 | });
      474 |

      at isConcurrentActEnvironment (node_modules/react-test-renderer/cjs/react-test-renderer.development.js:10243:17)
      at warnIfUpdatesNotWrappedWithActDEV (node_modules/react-test-renderer/cjs/react-test-renderer.development.js:11798:7)
      at scheduleUpdateOnFiber (node_modules/react-test-renderer/cjs/react-test-renderer.development.js:10326:9)
      at updateContainerImpl (node_modules/react-test-renderer/cjs/react-test-renderer.development.js:12382:10)
      at updateContainer (node_modules/react-test-renderer/cjs/react-test-renderer.development.js:12326:7)
      at Object.unmount (node_modules/react-test-renderer/cjs/react-test-renderer.development.js:14674:14)
      at src/components/event/__tests__/PublicEventPage.issue2101.test.tsx:471:52
      at Object.<anonymous>.process.env.NODE_ENV.exports.act (node_modules/react/cjs/react.development.js:789:22)
      at Object.<anonymous> (src/components/event/__tests__/PublicEventPage.issue2101.test.tsx:471:33)

    console.error
      react-test-renderer is deprecated. See https://react.dev/warnings/react-test-renderer

      455 |   let renderer!: RendererInstance;
      456 |   act(() => {
    > 457 |     renderer = TestRenderer.create(
          |                             ^
      458 |       <PublicEventPage event={event} brand={BRAND} bookable={bookable} />,
      459 |     );
      460 |   });

      at Object.<anonymous>.process.env.NODE_ENV.exports.create (node_modules/react-test-renderer/cjs/react-test-renderer.development.js:14598:17)
      at src/components/event/__tests__/PublicEventPage.issue2101.test.tsx:457:29
      at Object.<anonymous>.process.env.NODE_ENV.exports.act (node_modules/react/cjs/react.development.js:789:22)
      at renderPage (src/components/event/__tests__/PublicEventPage.issue2101.test.tsx:456:3)
      at src/components/event/__tests__/PublicEventPage.issue2101.test.tsx:690:24

    console.error
      The current testing environment is not configured to support act(...)

      455 |   let renderer!: RendererInstance;
      456 |   act(() => {
    > 457 |     renderer = TestRenderer.create(
          |                             ^
      458 |       <PublicEventPage event={event} brand={BRAND} bookable={bookable} />,
      459 |     );
      460 |   });

      at isConcurrentActEnvironment (node_modules/react-test-renderer/cjs/react-test-renderer.development.js:10243:17)
      at warnIfUpdatesNotWrappedWithActDEV (node_modules/react-test-renderer/cjs/react-test-renderer.development.js:11798:7)
      at scheduleUpdateOnFiber (node_modules/react-test-renderer/cjs/react-test-renderer.development.js:10326:9)
      at updateContainerImpl (node_modules/react-test-renderer/cjs/react-test-renderer.development.js:12382:10)
      at updateContainer (node_modules/react-test-renderer/cjs/react-test-renderer.development.js:12326:7)
      at Object.<anonymous>.process.env.NODE_ENV.exports.create (node_modules/react-test-renderer/cjs/react-test-renderer.development.js:14630:7)
      at src/components/event/__tests__/PublicEventPage.issue2101.test.tsx:457:29
      at Object.<anonymous>.process.env.NODE_ENV.exports.act (node_modules/react/cjs/react.development.js:789:22)
      at renderPage (src/components/event/__tests__/PublicEventPage.issue2101.test.tsx:456:3)
      at src/components/event/__tests__/PublicEventPage.issue2101.test.tsx:690:24

    console.error
      The current testing environment is not configured to support act(...)

      469 |   while (mounted.length > 0) {
      470 |     const renderer = mounted.pop();
    > 471 |     if (renderer !== undefined) act(() => renderer.unmount());
          |                                                    ^
      472 |   }
      473 | });
      474 |

      at isConcurrentActEnvironment (node_modules/react-test-renderer/cjs/react-test-renderer.development.js:10243:17)
      at warnIfUpdatesNotWrappedWithActDEV (node_modules/react-test-renderer/cjs/react-test-renderer.development.js:11798:7)
      at scheduleUpdateOnFiber (node_modules/react-test-renderer/cjs/react-test-renderer.development.js:10326:9)
      at updateContainerImpl (node_modules/react-test-renderer/cjs/react-test-renderer.development.js:12382:10)
      at updateContainer (node_modules/react-test-renderer/cjs/react-test-renderer.development.js:12326:7)
      at Object.unmount (node_modules/react-test-renderer/cjs/react-test-renderer.development.js:14674:14)
      at src/components/event/__tests__/PublicEventPage.issue2101.test.tsx:471:52
      at Object.<anonymous>.process.env.NODE_ENV.exports.act (node_modules/react/cjs/react.development.js:789:22)
      at Object.<anonymous> (src/components/event/__tests__/PublicEventPage.issue2101.test.tsx:471:33)

    console.error
      react-test-renderer is deprecated. See https://react.dev/warnings/react-test-renderer

      455 |   let renderer!: RendererInstance;
      456 |   act(() => {
    > 457 |     renderer = TestRenderer.create(
          |                             ^
      458 |       <PublicEventPage event={event} brand={BRAND} bookable={bookable} />,
      459 |     );
      460 |   });

      at Object.<anonymous>.process.env.NODE_ENV.exports.create (node_modules/react-test-renderer/cjs/react-test-renderer.development.js:14598:17)
      at src/components/event/__tests__/PublicEventPage.issue2101.test.tsx:457:29
      at Object.<anonymous>.process.env.NODE_ENV.exports.act (node_modules/react/cjs/react.development.js:789:22)
      at renderPage (src/components/event/__tests__/PublicEventPage.issue2101.test.tsx:456:3)
      at src/components/event/__tests__/PublicEventPage.issue2101.test.tsx:690:24

    console.error
      The current testing environment is not configured to support act(...)

      455 |   let renderer!: RendererInstance;
      456 |   act(() => {
    > 457 |     renderer = TestRenderer.create(
          |                             ^
      458 |       <PublicEventPage event={event} brand={BRAND} bookable={bookable} />,
      459 |     );
      460 |   });

      at isConcurrentActEnvironment (node_modules/react-test-renderer/cjs/react-test-renderer.development.js:10243:17)
      at warnIfUpdatesNotWrappedWithActDEV (node_modules/react-test-renderer/cjs/react-test-renderer.development.js:11798:7)
      at scheduleUpdateOnFiber (node_modules/react-test-renderer/cjs/react-test-renderer.development.js:10326:9)
      at updateContainerImpl (node_modules/react-test-renderer/cjs/react-test-renderer.development.js:12382:10)
      at updateContainer (node_modules/react-test-renderer/cjs/react-test-renderer.development.js:12326:7)
      at Object.<anonymous>.process.env.NODE_ENV.exports.create (node_modules/react-test-renderer/cjs/react-test-renderer.development.js:14630:7)
      at src/components/event/__tests__/PublicEventPage.issue2101.test.tsx:457:29
      at Object.<anonymous>.process.env.NODE_ENV.exports.act (node_modules/react/cjs/react.development.js:789:22)
      at renderPage (src/components/event/__tests__/PublicEventPage.issue2101.test.tsx:456:3)
      at src/components/event/__tests__/PublicEventPage.issue2101.test.tsx:690:24

    console.error
      The current testing environment is not configured to support act(...)

      469 |   while (mounted.length > 0) {
      470 |     const renderer = mounted.pop();
    > 471 |     if (renderer !== undefined) act(() => renderer.unmount());
          |                                                    ^
      472 |   }
      473 | });
      474 |

      at isConcurrentActEnvironment (node_modules/react-test-renderer/cjs/react-test-renderer.development.js:10243:17)
      at warnIfUpdatesNotWrappedWithActDEV (node_modules/react-test-renderer/cjs/react-test-renderer.development.js:11798:7)
      at scheduleUpdateOnFiber (node_modules/react-test-renderer/cjs/react-test-renderer.development.js:10326:9)
      at updateContainerImpl (node_modules/react-test-renderer/cjs/react-test-renderer.development.js:12382:10)
      at updateContainer (node_modules/react-test-renderer/cjs/react-test-renderer.development.js:12326:7)
      at Object.unmount (node_modules/react-test-renderer/cjs/react-test-renderer.development.js:14674:14)
      at src/components/event/__tests__/PublicEventPage.issue2101.test.tsx:471:52
      at Object.<anonymous>.process.env.NODE_ENV.exports.act (node_modules/react/cjs/react.development.js:789:22)
      at Object.<anonymous> (src/components/event/__tests__/PublicEventPage.issue2101.test.tsx:471:33)

    console.error
      react-test-renderer is deprecated. See https://react.dev/warnings/react-test-renderer

      455 |   let renderer!: RendererInstance;
      456 |   act(() => {
    > 457 |     renderer = TestRenderer.create(
          |                             ^
      458 |       <PublicEventPage event={event} brand={BRAND} bookable={bookable} />,
      459 |     );
      460 |   });

      at Object.<anonymous>.process.env.NODE_ENV.exports.create (node_modules/react-test-renderer/cjs/react-test-renderer.development.js:14598:17)
      at src/components/event/__tests__/PublicEventPage.issue2101.test.tsx:457:29
      at Object.<anonymous>.process.env.NODE_ENV.exports.act (node_modules/react/cjs/react.development.js:789:22)
      at renderPage (src/components/event/__tests__/PublicEventPage.issue2101.test.tsx:456:3)
      at src/components/event/__tests__/PublicEventPage.issue2101.test.tsx:701:24

    console.error
      The current testing environment is not configured to support act(...)

      455 |   let renderer!: RendererInstance;
      456 |   act(() => {
    > 457 |     renderer = TestRenderer.create(
          |                             ^
      458 |       <PublicEventPage event={event} brand={BRAND} bookable={bookable} />,
      459 |     );
      460 |   });

      at isConcurrentActEnvironment (node_modules/react-test-renderer/cjs/react-test-renderer.development.js:10243:17)
      at warnIfUpdatesNotWrappedWithActDEV (node_modules/react-test-renderer/cjs/react-test-renderer.development.js:11798:7)
      at scheduleUpdateOnFiber (node_modules/react-test-renderer/cjs/react-test-renderer.development.js:10326:9)
      at updateContainerImpl (node_modules/react-test-renderer/cjs/react-test-renderer.development.js:12382:10)
      at updateContainer (node_modules/react-test-renderer/cjs/react-test-renderer.development.js:12326:7)
      at Object.<anonymous>.process.env.NODE_ENV.exports.create (node_modules/react-test-renderer/cjs/react-test-renderer.development.js:14630:7)
      at src/components/event/__tests__/PublicEventPage.issue2101.test.tsx:457:29
      at Object.<anonymous>.process.env.NODE_ENV.exports.act (node_modules/react/cjs/react.development.js:789:22)
      at renderPage (src/components/event/__tests__/PublicEventPage.issue2101.test.tsx:456:3)
      at src/components/event/__tests__/PublicEventPage.issue2101.test.tsx:701:24

    console.error
      The current testing environment is not configured to support act(...)

      469 |   while (mounted.length > 0) {
      470 |     const renderer = mounted.pop();
    > 471 |     if (renderer !== undefined) act(() => renderer.unmount());
          |                                                    ^
      472 |   }
      473 | });
      474 |

      at isConcurrentActEnvironment (node_modules/react-test-renderer/cjs/react-test-renderer.development.js:10243:17)
      at warnIfUpdatesNotWrappedWithActDEV (node_modules/react-test-renderer/cjs/react-test-renderer.development.js:11798:7)
      at scheduleUpdateOnFiber (node_modules/react-test-renderer/cjs/react-test-renderer.development.js:10326:9)
      at updateContainerImpl (node_modules/react-test-renderer/cjs/react-test-renderer.development.js:12382:10)
      at updateContainer (node_modules/react-test-renderer/cjs/react-test-renderer.development.js:12326:7)
      at Object.unmount (node_modules/react-test-renderer/cjs/react-test-renderer.development.js:14674:14)
      at src/components/event/__tests__/PublicEventPage.issue2101.test.tsx:471:52
      at Object.<anonymous>.process.env.NODE_ENV.exports.act (node_modules/react/cjs/react.development.js:789:22)
      at Object.<anonymous> (src/components/event/__tests__/PublicEventPage.issue2101.test.tsx:471:33)

    console.error
      react-test-renderer is deprecated. See https://react.dev/warnings/react-test-renderer

      455 |   let renderer!: RendererInstance;
      456 |   act(() => {
    > 457 |     renderer = TestRenderer.create(
          |                             ^
      458 |       <PublicEventPage event={event} brand={BRAND} bookable={bookable} />,
      459 |     );
      460 |   });

      at Object.<anonymous>.process.env.NODE_ENV.exports.create (node_modules/react-test-renderer/cjs/react-test-renderer.development.js:14598:17)
      at src/components/event/__tests__/PublicEventPage.issue2101.test.tsx:457:29
      at Object.<anonymous>.process.env.NODE_ENV.exports.act (node_modules/react/cjs/react.development.js:789:22)
      at renderPage (src/components/event/__tests__/PublicEventPage.issue2101.test.tsx:456:3)
      at src/components/event/__tests__/PublicEventPage.issue2101.test.tsx:701:24

    console.error
      The current testing environment is not configured to support act(...)

      455 |   let renderer!: RendererInstance;
      456 |   act(() => {
    > 457 |     renderer = TestRenderer.create(
          |                             ^
      458 |       <PublicEventPage event={event} brand={BRAND} bookable={bookable} />,
      459 |     );
      460 |   });

      at isConcurrentActEnvironment (node_modules/react-test-renderer/cjs/react-test-renderer.development.js:10243:17)
      at warnIfUpdatesNotWrappedWithActDEV (node_modules/react-test-renderer/cjs/react-test-renderer.development.js:11798:7)
      at scheduleUpdateOnFiber (node_modules/react-test-renderer/cjs/react-test-renderer.development.js:10326:9)
      at updateContainerImpl (node_modules/react-test-renderer/cjs/react-test-renderer.development.js:12382:10)
      at updateContainer (node_modules/react-test-renderer/cjs/react-test-renderer.development.js:12326:7)
      at Object.<anonymous>.process.env.NODE_ENV.exports.create (node_modules/react-test-renderer/cjs/react-test-renderer.development.js:14630:7)
      at src/components/event/__tests__/PublicEventPage.issue2101.test.tsx:457:29
      at Object.<anonymous>.process.env.NODE_ENV.exports.act (node_modules/react/cjs/react.development.js:789:22)
      at renderPage (src/components/event/__tests__/PublicEventPage.issue2101.test.tsx:456:3)
      at src/components/event/__tests__/PublicEventPage.issue2101.test.tsx:701:24

    console.error
      The current testing environment is not configured to support act(...)

      469 |   while (mounted.length > 0) {
      470 |     const renderer = mounted.pop();
    > 471 |     if (renderer !== undefined) act(() => renderer.unmount());
          |                                                    ^
      472 |   }
      473 | });
      474 |

      at isConcurrentActEnvironment (node_modules/react-test-renderer/cjs/react-test-renderer.development.js:10243:17)
      at warnIfUpdatesNotWrappedWithActDEV (node_modules/react-test-renderer/cjs/react-test-renderer.development.js:11798:7)
      at scheduleUpdateOnFiber (node_modules/react-test-renderer/cjs/react-test-renderer.development.js:10326:9)
      at updateContainerImpl (node_modules/react-test-renderer/cjs/react-test-renderer.development.js:12382:10)
      at updateContainer (node_modules/react-test-renderer/cjs/react-test-renderer.development.js:12326:7)
      at Object.unmount (node_modules/react-test-renderer/cjs/react-test-renderer.development.js:14674:14)
      at src/components/event/__tests__/PublicEventPage.issue2101.test.tsx:471:52
      at Object.<anonymous>.process.env.NODE_ENV.exports.act (node_modules/react/cjs/react.development.js:789:22)
      at Object.<anonymous> (src/components/event/__tests__/PublicEventPage.issue2101.test.tsx:471:33)

    console.error
      react-test-renderer is deprecated. See https://react.dev/warnings/react-test-renderer

      455 |   let renderer!: RendererInstance;
      456 |   act(() => {
    > 457 |     renderer = TestRenderer.create(
          |                             ^
      458 |       <PublicEventPage event={event} brand={BRAND} bookable={bookable} />,
      459 |     );
      460 |   });

      at Object.<anonymous>.process.env.NODE_ENV.exports.create (node_modules/react-test-renderer/cjs/react-test-renderer.development.js:14598:17)
      at src/components/event/__tests__/PublicEventPage.issue2101.test.tsx:457:29
      at Object.<anonymous>.process.env.NODE_ENV.exports.act (node_modules/react/cjs/react.development.js:789:22)
      at renderPage (src/components/event/__tests__/PublicEventPage.issue2101.test.tsx:456:3)
      at src/components/event/__tests__/PublicEventPage.issue2101.test.tsx:701:24

    console.error
      The current testing environment is not configured to support act(...)

      455 |   let renderer!: RendererInstance;
      456 |   act(() => {
    > 457 |     renderer = TestRenderer.create(
          |                             ^
      458 |       <PublicEventPage event={event} brand={BRAND} bookable={bookable} />,
      459 |     );
      460 |   });

      at isConcurrentActEnvironment (node_modules/react-test-renderer/cjs/react-test-renderer.development.js:10243:17)
      at warnIfUpdatesNotWrappedWithActDEV (node_modules/react-test-renderer/cjs/react-test-renderer.development.js:11798:7)
      at scheduleUpdateOnFiber (node_modules/react-test-renderer/cjs/react-test-renderer.development.js:10326:9)
      at updateContainerImpl (node_modules/react-test-renderer/cjs/react-test-renderer.development.js:12382:10)
      at updateContainer (node_modules/react-test-renderer/cjs/react-test-renderer.development.js:12326:7)
      at Object.<anonymous>.process.env.NODE_ENV.exports.create (node_modules/react-test-renderer/cjs/react-test-renderer.development.js:14630:7)
      at src/components/event/__tests__/PublicEventPage.issue2101.test.tsx:457:29
      at Object.<anonymous>.process.env.NODE_ENV.exports.act (node_modules/react/cjs/react.development.js:789:22)
      at renderPage (src/components/event/__tests__/PublicEventPage.issue2101.test.tsx:456:3)
      at src/components/event/__tests__/PublicEventPage.issue2101.test.tsx:701:24

    console.error
      The current testing environment is not configured to support act(...)

      469 |   while (mounted.length > 0) {
      470 |     const renderer = mounted.pop();
    > 471 |     if (renderer !== undefined) act(() => renderer.unmount());
          |                                                    ^
      472 |   }
      473 | });
      474 |

      at isConcurrentActEnvironment (node_modules/react-test-renderer/cjs/react-test-renderer.development.js:10243:17)
      at warnIfUpdatesNotWrappedWithActDEV (node_modules/react-test-renderer/cjs/react-test-renderer.development.js:11798:7)
      at scheduleUpdateOnFiber (node_modules/react-test-renderer/cjs/react-test-renderer.development.js:10326:9)
      at updateContainerImpl (node_modules/react-test-renderer/cjs/react-test-renderer.development.js:12382:10)
      at updateContainer (node_modules/react-test-renderer/cjs/react-test-renderer.development.js:12326:7)
      at Object.unmount (node_modules/react-test-renderer/cjs/react-test-renderer.development.js:14674:14)
      at src/components/event/__tests__/PublicEventPage.issue2101.test.tsx:471:52
      at Object.<anonymous>.process.env.NODE_ENV.exports.act (node_modules/react/cjs/react.development.js:789:22)
      at Object.<anonymous> (src/components/event/__tests__/PublicEventPage.issue2101.test.tsx:471:33)

    console.error
      react-test-renderer is deprecated. See https://react.dev/warnings/react-test-renderer

      455 |   let renderer!: RendererInstance;
      456 |   act(() => {
    > 457 |     renderer = TestRenderer.create(
          |                             ^
      458 |       <PublicEventPage event={event} brand={BRAND} bookable={bookable} />,
      459 |     );
      460 |   });

      at Object.<anonymous>.process.env.NODE_ENV.exports.create (node_modules/react-test-renderer/cjs/react-test-renderer.development.js:14598:17)
      at src/components/event/__tests__/PublicEventPage.issue2101.test.tsx:457:29
      at Object.<anonymous>.process.env.NODE_ENV.exports.act (node_modules/react/cjs/react.development.js:789:22)
      at renderPage (src/components/event/__tests__/PublicEventPage.issue2101.test.tsx:456:3)
      at Object.<anonymous> (src/components/event/__tests__/PublicEventPage.issue2101.test.tsx:721:22)

    console.error
      The current testing environment is not configured to support act(...)

      455 |   let renderer!: RendererInstance;
      456 |   act(() => {
    > 457 |     renderer = TestRenderer.create(
          |                             ^
      458 |       <PublicEventPage event={event} brand={BRAND} bookable={bookable} />,
      459 |     );
      460 |   });

      at isConcurrentActEnvironment (node_modules/react-test-renderer/cjs/react-test-renderer.development.js:10243:17)
      at warnIfUpdatesNotWrappedWithActDEV (node_modules/react-test-renderer/cjs/react-test-renderer.development.js:11798:7)
      at scheduleUpdateOnFiber (node_modules/react-test-renderer/cjs/react-test-renderer.development.js:10326:9)
      at updateContainerImpl (node_modules/react-test-renderer/cjs/react-test-renderer.development.js:12382:10)
      at updateContainer (node_modules/react-test-renderer/cjs/react-test-renderer.development.js:12326:7)
      at Object.<anonymous>.process.env.NODE_ENV.exports.create (node_modules/react-test-renderer/cjs/react-test-renderer.development.js:14630:7)
      at src/components/event/__tests__/PublicEventPage.issue2101.test.tsx:457:29
      at Object.<anonymous>.process.env.NODE_ENV.exports.act (node_modules/react/cjs/react.development.js:789:22)
      at renderPage (src/components/event/__tests__/PublicEventPage.issue2101.test.tsx:456:3)
      at Object.<anonymous> (src/components/event/__tests__/PublicEventPage.issue2101.test.tsx:721:22)

    console.error
      The current testing environment is not configured to support act(...)

      469 |   while (mounted.length > 0) {
      470 |     const renderer = mounted.pop();
    > 471 |     if (renderer !== undefined) act(() => renderer.unmount());
          |                                                    ^
      472 |   }
      473 | });
      474 |

      at isConcurrentActEnvironment (node_modules/react-test-renderer/cjs/react-test-renderer.development.js:10243:17)
      at warnIfUpdatesNotWrappedWithActDEV (node_modules/react-test-renderer/cjs/react-test-renderer.development.js:11798:7)
      at scheduleUpdateOnFiber (node_modules/react-test-renderer/cjs/react-test-renderer.development.js:10326:9)
      at updateContainerImpl (node_modules/react-test-renderer/cjs/react-test-renderer.development.js:12382:10)
      at updateContainer (node_modules/react-test-renderer/cjs/react-test-renderer.development.js:12326:7)
      at Object.unmount (node_modules/react-test-renderer/cjs/react-test-renderer.development.js:14674:14)
      at src/components/event/__tests__/PublicEventPage.issue2101.test.tsx:471:52
      at Object.<anonymous>.process.env.NODE_ENV.exports.act (node_modules/react/cjs/react.development.js:789:22)
      at Object.<anonymous> (src/components/event/__tests__/PublicEventPage.issue2101.test.tsx:471:33)

    console.error
      react-test-renderer is deprecated. See https://react.dev/warnings/react-test-renderer

      455 |   let renderer!: RendererInstance;
      456 |   act(() => {
    > 457 |     renderer = TestRenderer.create(
          |                             ^
      458 |       <PublicEventPage event={event} brand={BRAND} bookable={bookable} />,
      459 |     );
      460 |   });

      at Object.<anonymous>.process.env.NODE_ENV.exports.create (node_modules/react-test-renderer/cjs/react-test-renderer.development.js:14598:17)
      at src/components/event/__tests__/PublicEventPage.issue2101.test.tsx:457:29
      at Object.<anonymous>.process.env.NODE_ENV.exports.act (node_modules/react/cjs/react.development.js:789:22)
      at renderPage (src/components/event/__tests__/PublicEventPage.issue2101.test.tsx:456:3)
      at Object.<anonymous> (src/components/event/__tests__/PublicEventPage.issue2101.test.tsx:743:28)

    console.error
      The current testing environment is not configured to support act(...)

      455 |   let renderer!: RendererInstance;
      456 |   act(() => {
    > 457 |     renderer = TestRenderer.create(
          |                             ^
      458 |       <PublicEventPage event={event} brand={BRAND} bookable={bookable} />,
      459 |     );
      460 |   });

      at isConcurrentActEnvironment (node_modules/react-test-renderer/cjs/react-test-renderer.development.js:10243:17)
      at warnIfUpdatesNotWrappedWithActDEV (node_modules/react-test-renderer/cjs/react-test-renderer.development.js:11798:7)
      at scheduleUpdateOnFiber (node_modules/react-test-renderer/cjs/react-test-renderer.development.js:10326:9)
      at updateContainerImpl (node_modules/react-test-renderer/cjs/react-test-renderer.development.js:12382:10)
      at updateContainer (node_modules/react-test-renderer/cjs/react-test-renderer.development.js:12326:7)
      at Object.<anonymous>.process.env.NODE_ENV.exports.create (node_modules/react-test-renderer/cjs/react-test-renderer.development.js:14630:7)
      at src/components/event/__tests__/PublicEventPage.issue2101.test.tsx:457:29
      at Object.<anonymous>.process.env.NODE_ENV.exports.act (node_modules/react/cjs/react.development.js:789:22)
      at renderPage (src/components/event/__tests__/PublicEventPage.issue2101.test.tsx:456:3)
      at Object.<anonymous> (src/components/event/__tests__/PublicEventPage.issue2101.test.tsx:743:28)

    console.error
      The current testing environment is not configured to support act(...)

      469 |   while (mounted.length > 0) {
      470 |     const renderer = mounted.pop();
    > 471 |     if (renderer !== undefined) act(() => renderer.unmount());
          |                                                    ^
      472 |   }
      473 | });
      474 |

      at isConcurrentActEnvironment (node_modules/react-test-renderer/cjs/react-test-renderer.development.js:10243:17)
      at warnIfUpdatesNotWrappedWithActDEV (node_modules/react-test-renderer/cjs/react-test-renderer.development.js:11798:7)
      at scheduleUpdateOnFiber (node_modules/react-test-renderer/cjs/react-test-renderer.development.js:10326:9)
      at updateContainerImpl (node_modules/react-test-renderer/cjs/react-test-renderer.development.js:12382:10)
      at updateContainer (node_modules/react-test-renderer/cjs/react-test-renderer.development.js:12326:7)
      at Object.unmount (node_modules/react-test-renderer/cjs/react-test-renderer.development.js:14674:14)
      at src/components/event/__tests__/PublicEventPage.issue2101.test.tsx:471:52
      at Object.<anonymous>.process.env.NODE_ENV.exports.act (node_modules/react/cjs/react.development.js:789:22)
      at Object.<anonymous> (src/components/event/__tests__/PublicEventPage.issue2101.test.tsx:471:33)

    console.error
      react-test-renderer is deprecated. See https://react.dev/warnings/react-test-renderer

      455 |   let renderer!: RendererInstance;
      456 |   act(() => {
    > 457 |     renderer = TestRenderer.create(
          |                             ^
      458 |       <PublicEventPage event={event} brand={BRAND} bookable={bookable} />,
      459 |     );
      460 |   });

      at Object.<anonymous>.process.env.NODE_ENV.exports.create (node_modules/react-test-renderer/cjs/react-test-renderer.development.js:14598:17)
      at src/components/event/__tests__/PublicEventPage.issue2101.test.tsx:457:29
      at Object.<anonymous>.process.env.NODE_ENV.exports.act (node_modules/react/cjs/react.development.js:789:22)
      at renderPage (src/components/event/__tests__/PublicEventPage.issue2101.test.tsx:456:3)
      at Object.<anonymous> (src/components/event/__tests__/PublicEventPage.issue2101.test.tsx:778:22)

    console.error
      The current testing environment is not configured to support act(...)

      455 |   let renderer!: RendererInstance;
      456 |   act(() => {
    > 457 |     renderer = TestRenderer.create(
          |                             ^
      458 |       <PublicEventPage event={event} brand={BRAND} bookable={bookable} />,
      459 |     );
      460 |   });

      at isConcurrentActEnvironment (node_modules/react-test-renderer/cjs/react-test-renderer.development.js:10243:17)
      at warnIfUpdatesNotWrappedWithActDEV (node_modules/react-test-renderer/cjs/react-test-renderer.development.js:11798:7)
      at scheduleUpdateOnFiber (node_modules/react-test-renderer/cjs/react-test-renderer.development.js:10326:9)
      at updateContainerImpl (node_modules/react-test-renderer/cjs/react-test-renderer.development.js:12382:10)
      at updateContainer (node_modules/react-test-renderer/cjs/react-test-renderer.development.js:12326:7)
      at Object.<anonymous>.process.env.NODE_ENV.exports.create (node_modules/react-test-renderer/cjs/react-test-renderer.development.js:14630:7)
      at src/components/event/__tests__/PublicEventPage.issue2101.test.tsx:457:29
      at Object.<anonymous>.process.env.NODE_ENV.exports.act (node_modules/react/cjs/react.development.js:789:22)
      at renderPage (src/components/event/__tests__/PublicEventPage.issue2101.test.tsx:456:3)
      at Object.<anonymous> (src/components/event/__tests__/PublicEventPage.issue2101.test.tsx:778:22)

    console.error
      The current testing environment is not configured to support act(...)

      469 |   while (mounted.length > 0) {
      470 |     const renderer = mounted.pop();
    > 471 |     if (renderer !== undefined) act(() => renderer.unmount());
          |                                                    ^
      472 |   }
      473 | });
      474 |

      at isConcurrentActEnvironment (node_modules/react-test-renderer/cjs/react-test-renderer.development.js:10243:17)
      at warnIfUpdatesNotWrappedWithActDEV (node_modules/react-test-renderer/cjs/react-test-renderer.development.js:11798:7)
      at scheduleUpdateOnFiber (node_modules/react-test-renderer/cjs/react-test-renderer.development.js:10326:9)
      at updateContainerImpl (node_modules/react-test-renderer/cjs/react-test-renderer.development.js:12382:10)
      at updateContainer (node_modules/react-test-renderer/cjs/react-test-renderer.development.js:12326:7)
      at Object.unmount (node_modules/react-test-renderer/cjs/react-test-renderer.development.js:14674:14)
      at src/components/event/__tests__/PublicEventPage.issue2101.test.tsx:471:52
      at Object.<anonymous>.process.env.NODE_ENV.exports.act (node_modules/react/cjs/react.development.js:789:22)
      at Object.<anonymous> (src/components/event/__tests__/PublicEventPage.issue2101.test.tsx:471:33)

    console.error
      react-test-renderer is deprecated. See https://react.dev/warnings/react-test-renderer

      455 |   let renderer!: RendererInstance;
      456 |   act(() => {
    > 457 |     renderer = TestRenderer.create(
          |                             ^
      458 |       <PublicEventPage event={event} brand={BRAND} bookable={bookable} />,
      459 |     );
      460 |   });

      at Object.<anonymous>.process.env.NODE_ENV.exports.create (node_modules/react-test-renderer/cjs/react-test-renderer.development.js:14598:17)
      at src/components/event/__tests__/PublicEventPage.issue2101.test.tsx:457:29
      at Object.<anonymous>.process.env.NODE_ENV.exports.act (node_modules/react/cjs/react.development.js:789:22)
      at renderPage (src/components/event/__tests__/PublicEventPage.issue2101.test.tsx:456:3)
      at Object.<anonymous> (src/components/event/__tests__/PublicEventPage.issue2101.test.tsx:794:24)

    console.error
      The current testing environment is not configured to support act(...)

      455 |   let renderer!: RendererInstance;
      456 |   act(() => {
    > 457 |     renderer = TestRenderer.create(
          |                             ^
      458 |       <PublicEventPage event={event} brand={BRAND} bookable={bookable} />,
      459 |     );
      460 |   });

      at isConcurrentActEnvironment (node_modules/react-test-renderer/cjs/react-test-renderer.development.js:10243:17)
      at warnIfUpdatesNotWrappedWithActDEV (node_modules/react-test-renderer/cjs/react-test-renderer.development.js:11798:7)
      at scheduleUpdateOnFiber (node_modules/react-test-renderer/cjs/react-test-renderer.development.js:10326:9)
      at updateContainerImpl (node_modules/react-test-renderer/cjs/react-test-renderer.development.js:12382:10)
      at updateContainer (node_modules/react-test-renderer/cjs/react-test-renderer.development.js:12326:7)
      at Object.<anonymous>.process.env.NODE_ENV.exports.create (node_modules/react-test-renderer/cjs/react-test-renderer.development.js:14630:7)
      at src/components/event/__tests__/PublicEventPage.issue2101.test.tsx:457:29
      at Object.<anonymous>.process.env.NODE_ENV.exports.act (node_modules/react/cjs/react.development.js:789:22)
      at renderPage (src/components/event/__tests__/PublicEventPage.issue2101.test.tsx:456:3)
      at Object.<anonymous> (src/components/event/__tests__/PublicEventPage.issue2101.test.tsx:794:24)

    console.error
      react-test-renderer is deprecated. See https://react.dev/warnings/react-test-renderer

      455 |   let renderer!: RendererInstance;
      456 |   act(() => {
    > 457 |     renderer = TestRenderer.create(
          |                             ^
      458 |       <PublicEventPage event={event} brand={BRAND} bookable={bookable} />,
      459 |     );
      460 |   });

      at Object.<anonymous>.process.env.NODE_ENV.exports.create (node_modules/react-test-renderer/cjs/react-test-renderer.development.js:14598:17)
      at src/components/event/__tests__/PublicEventPage.issue2101.test.tsx:457:29
      at Object.<anonymous>.process.env.NODE_ENV.exports.act (node_modules/react/cjs/react.development.js:789:22)
      at renderPage (src/components/event/__tests__/PublicEventPage.issue2101.test.tsx:456:3)
      at Object.<anonymous> (src/components/event/__tests__/PublicEventPage.issue2101.test.tsx:794:24)

    console.error
      The current testing environment is not configured to support act(...)

      455 |   let renderer!: RendererInstance;
      456 |   act(() => {
    > 457 |     renderer = TestRenderer.create(
          |                             ^
      458 |       <PublicEventPage event={event} brand={BRAND} bookable={bookable} />,
      459 |     );
      460 |   });

      at isConcurrentActEnvironment (node_modules/react-test-renderer/cjs/react-test-renderer.development.js:10243:17)
      at warnIfUpdatesNotWrappedWithActDEV (node_modules/react-test-renderer/cjs/react-test-renderer.development.js:11798:7)
      at scheduleUpdateOnFiber (node_modules/react-test-renderer/cjs/react-test-renderer.development.js:10326:9)
      at updateContainerImpl (node_modules/react-test-renderer/cjs/react-test-renderer.development.js:12382:10)
      at updateContainer (node_modules/react-test-renderer/cjs/react-test-renderer.development.js:12326:7)
      at Object.<anonymous>.process.env.NODE_ENV.exports.create (node_modules/react-test-renderer/cjs/react-test-renderer.development.js:14630:7)
      at src/components/event/__tests__/PublicEventPage.issue2101.test.tsx:457:29
      at Object.<anonymous>.process.env.NODE_ENV.exports.act (node_modules/react/cjs/react.development.js:789:22)
      at renderPage (src/components/event/__tests__/PublicEventPage.issue2101.test.tsx:456:3)
      at Object.<anonymous> (src/components/event/__tests__/PublicEventPage.issue2101.test.tsx:794:24)

    console.error
      The current testing environment is not configured to support act(...)

      469 |   while (mounted.length > 0) {
      470 |     const renderer = mounted.pop();
    > 471 |     if (renderer !== undefined) act(() => renderer.unmount());
          |                                                    ^
      472 |   }
      473 | });
      474 |

      at isConcurrentActEnvironment (node_modules/react-test-renderer/cjs/react-test-renderer.development.js:10243:17)
      at warnIfUpdatesNotWrappedWithActDEV (node_modules/react-test-renderer/cjs/react-test-renderer.development.js:11798:7)
      at scheduleUpdateOnFiber (node_modules/react-test-renderer/cjs/react-test-renderer.development.js:10326:9)
      at updateContainerImpl (node_modules/react-test-renderer/cjs/react-test-renderer.development.js:12382:10)
      at updateContainer (node_modules/react-test-renderer/cjs/react-test-renderer.development.js:12326:7)
      at Object.unmount (node_modules/react-test-renderer/cjs/react-test-renderer.development.js:14674:14)
      at src/components/event/__tests__/PublicEventPage.issue2101.test.tsx:471:52
      at Object.<anonymous>.process.env.NODE_ENV.exports.act (node_modules/react/cjs/react.development.js:789:22)
      at Object.<anonymous> (src/components/event/__tests__/PublicEventPage.issue2101.test.tsx:471:33)

    console.error
      The current testing environment is not configured to support act(...)

      469 |   while (mounted.length > 0) {
      470 |     const renderer = mounted.pop();
    > 471 |     if (renderer !== undefined) act(() => renderer.unmount());
          |                                                    ^
      472 |   }
      473 | });
      474 |

      at isConcurrentActEnvironment (node_modules/react-test-renderer/cjs/react-test-renderer.development.js:10243:17)
      at warnIfUpdatesNotWrappedWithActDEV (node_modules/react-test-renderer/cjs/react-test-renderer.development.js:11798:7)
      at scheduleUpdateOnFiber (node_modules/react-test-renderer/cjs/react-test-renderer.development.js:10326:9)
      at updateContainerImpl (node_modules/react-test-renderer/cjs/react-test-renderer.development.js:12382:10)
      at updateContainer (node_modules/react-test-renderer/cjs/react-test-renderer.development.js:12326:7)
      at Object.unmount (node_modules/react-test-renderer/cjs/react-test-renderer.development.js:14674:14)
      at src/components/event/__tests__/PublicEventPage.issue2101.test.tsx:471:52
      at Object.<anonymous>.process.env.NODE_ENV.exports.act (node_modules/react/cjs/react.development.js:789:22)
      at Object.<anonymous> (src/components/event/__tests__/PublicEventPage.issue2101.test.tsx:471:33)

    console.error
      react-test-renderer is deprecated. See https://react.dev/warnings/react-test-renderer

      455 |   let renderer!: RendererInstance;
      456 |   act(() => {
    > 457 |     renderer = TestRenderer.create(
          |                             ^
      458 |       <PublicEventPage event={event} brand={BRAND} bookable={bookable} />,
      459 |     );
      460 |   });

      at Object.<anonymous>.process.env.NODE_ENV.exports.create (node_modules/react-test-renderer/cjs/react-test-renderer.development.js:14598:17)
      at src/components/event/__tests__/PublicEventPage.issue2101.test.tsx:457:29
      at Object.<anonymous>.process.env.NODE_ENV.exports.act (node_modules/react/cjs/react.development.js:789:22)
      at renderPage (src/components/event/__tests__/PublicEventPage.issue2101.test.tsx:456:3)
      at Object.<anonymous> (src/components/event/__tests__/PublicEventPage.issue2101.test.tsx:813:22)

    console.error
      The current testing environment is not configured to support act(...)

      455 |   let renderer!: RendererInstance;
      456 |   act(() => {
    > 457 |     renderer = TestRenderer.create(
          |                             ^
      458 |       <PublicEventPage event={event} brand={BRAND} bookable={bookable} />,
      459 |     );
      460 |   });

      at isConcurrentActEnvironment (node_modules/react-test-renderer/cjs/react-test-renderer.development.js:10243:17)
      at warnIfUpdatesNotWrappedWithActDEV (node_modules/react-test-renderer/cjs/react-test-renderer.development.js:11798:7)
      at scheduleUpdateOnFiber (node_modules/react-test-renderer/cjs/react-test-renderer.development.js:10326:9)
      at updateContainerImpl (node_modules/react-test-renderer/cjs/react-test-renderer.development.js:12382:10)
      at updateContainer (node_modules/react-test-renderer/cjs/react-test-renderer.development.js:12326:7)
      at Object.<anonymous>.process.env.NODE_ENV.exports.create (node_modules/react-test-renderer/cjs/react-test-renderer.development.js:14630:7)
      at src/components/event/__tests__/PublicEventPage.issue2101.test.tsx:457:29
      at Object.<anonymous>.process.env.NODE_ENV.exports.act (node_modules/react/cjs/react.development.js:789:22)
      at renderPage (src/components/event/__tests__/PublicEventPage.issue2101.test.tsx:456:3)
      at Object.<anonymous> (src/components/event/__tests__/PublicEventPage.issue2101.test.tsx:813:22)

    console.error
      The current testing environment is not configured to support act(...)

      469 |   while (mounted.length > 0) {
      470 |     const renderer = mounted.pop();
    > 471 |     if (renderer !== undefined) act(() => renderer.unmount());
          |                                                    ^
      472 |   }
      473 | });
      474 |

      at isConcurrentActEnvironment (node_modules/react-test-renderer/cjs/react-test-renderer.development.js:10243:17)
      at warnIfUpdatesNotWrappedWithActDEV (node_modules/react-test-renderer/cjs/react-test-renderer.development.js:11798:7)
      at scheduleUpdateOnFiber (node_modules/react-test-renderer/cjs/react-test-renderer.development.js:10326:9)
      at updateContainerImpl (node_modules/react-test-renderer/cjs/react-test-renderer.development.js:12382:10)
      at updateContainer (node_modules/react-test-renderer/cjs/react-test-renderer.development.js:12326:7)
      at Object.unmount (node_modules/react-test-renderer/cjs/react-test-renderer.development.js:14674:14)
      at src/components/event/__tests__/PublicEventPage.issue2101.test.tsx:471:52
      at Object.<anonymous>.process.env.NODE_ENV.exports.act (node_modules/react/cjs/react.development.js:789:22)
      at Object.<anonymous> (src/components/event/__tests__/PublicEventPage.issue2101.test.tsx:471:33)

    console.error
      react-test-renderer is deprecated. See https://react.dev/warnings/react-test-renderer

      455 |   let renderer!: RendererInstance;
      456 |   act(() => {
    > 457 |     renderer = TestRenderer.create(
          |                             ^
      458 |       <PublicEventPage event={event} brand={BRAND} bookable={bookable} />,
      459 |     );
      460 |   });

      at Object.<anonymous>.process.env.NODE_ENV.exports.create (node_modules/react-test-renderer/cjs/react-test-renderer.development.js:14598:17)
      at src/components/event/__tests__/PublicEventPage.issue2101.test.tsx:457:29
      at Object.<anonymous>.process.env.NODE_ENV.exports.act (node_modules/react/cjs/react.development.js:789:22)
      at renderPage (src/components/event/__tests__/PublicEventPage.issue2101.test.tsx:456:3)
      at src/components/event/__tests__/PublicEventPage.issue2101.test.tsx:825:24
      at Object.<anonymous> (node_modules/expect/build/toThrowMatchers.js:74:11)
      at Object.throwingMatcher [as toThrow] (node_modules/expect/build/index.js:320:21)
      at Object.<anonymous> (src/components/event/__tests__/PublicEventPage.issue2101.test.tsx:831:12)

    console.error
      The current testing environment is not configured to support act(...)

      455 |   let renderer!: RendererInstance;
      456 |   act(() => {
    > 457 |     renderer = TestRenderer.create(
          |                             ^
      458 |       <PublicEventPage event={event} brand={BRAND} bookable={bookable} />,
      459 |     );
      460 |   });

      at isConcurrentActEnvironment (node_modules/react-test-renderer/cjs/react-test-renderer.development.js:10243:17)
      at warnIfUpdatesNotWrappedWithActDEV (node_modules/react-test-renderer/cjs/react-test-renderer.development.js:11798:7)
      at scheduleUpdateOnFiber (node_modules/react-test-renderer/cjs/react-test-renderer.development.js:10326:9)
      at updateContainerImpl (node_modules/react-test-renderer/cjs/react-test-renderer.development.js:12382:10)
      at updateContainer (node_modules/react-test-renderer/cjs/react-test-renderer.development.js:12326:7)
      at Object.<anonymous>.process.env.NODE_ENV.exports.create (node_modules/react-test-renderer/cjs/react-test-renderer.development.js:14630:7)
      at src/components/event/__tests__/PublicEventPage.issue2101.test.tsx:457:29
      at Object.<anonymous>.process.env.NODE_ENV.exports.act (node_modules/react/cjs/react.development.js:789:22)
      at renderPage (src/components/event/__tests__/PublicEventPage.issue2101.test.tsx:456:3)
      at src/components/event/__tests__/PublicEventPage.issue2101.test.tsx:825:24
      at Object.<anonymous> (node_modules/expect/build/toThrowMatchers.js:74:11)
      at Object.throwingMatcher [as toThrow] (node_modules/expect/build/index.js:320:21)
      at Object.<anonymous> (src/components/event/__tests__/PublicEventPage.issue2101.test.tsx:831:12)

    console.error
      The current testing environment is not configured to support act(...)

      469 |   while (mounted.length > 0) {
      470 |     const renderer = mounted.pop();
    > 471 |     if (renderer !== undefined) act(() => renderer.unmount());
          |                                                    ^
      472 |   }
      473 | });
      474 |

      at isConcurrentActEnvironment (node_modules/react-test-renderer/cjs/react-test-renderer.development.js:10243:17)
      at warnIfUpdatesNotWrappedWithActDEV (node_modules/react-test-renderer/cjs/react-test-renderer.development.js:11798:7)
      at scheduleUpdateOnFiber (node_modules/react-test-renderer/cjs/react-test-renderer.development.js:10326:9)
      at updateContainerImpl (node_modules/react-test-renderer/cjs/react-test-renderer.development.js:12382:10)
      at updateContainer (node_modules/react-test-renderer/cjs/react-test-renderer.development.js:12326:7)
      at Object.unmount (node_modules/react-test-renderer/cjs/react-test-renderer.development.js:14674:14)
      at src/components/event/__tests__/PublicEventPage.issue2101.test.tsx:471:52
      at Object.<anonymous>.process.env.NODE_ENV.exports.act (node_modules/react/cjs/react.development.js:789:22)
      at Object.<anonymous> (src/components/event/__tests__/PublicEventPage.issue2101.test.tsx:471:33)

    console.error
      react-test-renderer is deprecated. See https://react.dev/warnings/react-test-renderer

      455 |   let renderer!: RendererInstance;
      456 |   act(() => {
    > 457 |     renderer = TestRenderer.create(
          |                             ^
      458 |       <PublicEventPage event={event} brand={BRAND} bookable={bookable} />,
      459 |     );
      460 |   });

      at Object.<anonymous>.process.env.NODE_ENV.exports.create (node_modules/react-test-renderer/cjs/react-test-renderer.development.js:14598:17)
      at src/components/event/__tests__/PublicEventPage.issue2101.test.tsx:457:29
      at Object.<anonymous>.process.env.NODE_ENV.exports.act (node_modules/react/cjs/react.development.js:789:22)
      at renderPage (src/components/event/__tests__/PublicEventPage.issue2101.test.tsx:456:3)
      at Object.<anonymous> (src/components/event/__tests__/PublicEventPage.issue2101.test.tsx:841:22)

    console.error
      The current testing environment is not configured to support act(...)

      455 |   let renderer!: RendererInstance;
      456 |   act(() => {
    > 457 |     renderer = TestRenderer.create(
          |                             ^
      458 |       <PublicEventPage event={event} brand={BRAND} bookable={bookable} />,
      459 |     );
      460 |   });

      at isConcurrentActEnvironment (node_modules/react-test-renderer/cjs/react-test-renderer.development.js:10243:17)
      at warnIfUpdatesNotWrappedWithActDEV (node_modules/react-test-renderer/cjs/react-test-renderer.development.js:11798:7)
      at scheduleUpdateOnFiber (node_modules/react-test-renderer/cjs/react-test-renderer.development.js:10326:9)
      at updateContainerImpl (node_modules/react-test-renderer/cjs/react-test-renderer.development.js:12382:10)
      at updateContainer (node_modules/react-test-renderer/cjs/react-test-renderer.development.js:12326:7)
      at Object.<anonymous>.process.env.NODE_ENV.exports.create (node_modules/react-test-renderer/cjs/react-test-renderer.development.js:14630:7)
      at src/components/event/__tests__/PublicEventPage.issue2101.test.tsx:457:29
      at Object.<anonymous>.process.env.NODE_ENV.exports.act (node_modules/react/cjs/react.development.js:789:22)
      at renderPage (src/components/event/__tests__/PublicEventPage.issue2101.test.tsx:456:3)
      at Object.<anonymous> (src/components/event/__tests__/PublicEventPage.issue2101.test.tsx:841:22)

    console.error
      The current testing environment is not configured to support act(...)

      469 |   while (mounted.length > 0) {
      470 |     const renderer = mounted.pop();
    > 471 |     if (renderer !== undefined) act(() => renderer.unmount());
          |                                                    ^
      472 |   }
      473 | });
      474 |

      at isConcurrentActEnvironment (node_modules/react-test-renderer/cjs/react-test-renderer.development.js:10243:17)
      at warnIfUpdatesNotWrappedWithActDEV (node_modules/react-test-renderer/cjs/react-test-renderer.development.js:11798:7)
      at scheduleUpdateOnFiber (node_modules/react-test-renderer/cjs/react-test-renderer.development.js:10326:9)
      at updateContainerImpl (node_modules/react-test-renderer/cjs/react-test-renderer.development.js:12382:10)
      at updateContainer (node_modules/react-test-renderer/cjs/react-test-renderer.development.js:12326:7)
      at Object.unmount (node_modules/react-test-renderer/cjs/react-test-renderer.development.js:14674:14)
      at src/components/event/__tests__/PublicEventPage.issue2101.test.tsx:471:52
      at Object.<anonymous>.process.env.NODE_ENV.exports.act (node_modules/react/cjs/react.development.js:789:22)
      at Object.<anonymous> (src/components/event/__tests__/PublicEventPage.issue2101.test.tsx:471:33)

    console.error
      react-test-renderer is deprecated. See https://react.dev/warnings/react-test-renderer

      455 |   let renderer!: RendererInstance;
      456 |   act(() => {
    > 457 |     renderer = TestRenderer.create(
          |                             ^
      458 |       <PublicEventPage event={event} brand={BRAND} bookable={bookable} />,
      459 |     );
      460 |   });

      at Object.<anonymous>.process.env.NODE_ENV.exports.create (node_modules/react-test-renderer/cjs/react-test-renderer.development.js:14598:17)
      at src/components/event/__tests__/PublicEventPage.issue2101.test.tsx:457:29
      at Object.<anonymous>.process.env.NODE_ENV.exports.act (node_modules/react/cjs/react.development.js:789:22)
      at renderPage (src/components/event/__tests__/PublicEventPage.issue2101.test.tsx:456:3)
      at Object.<anonymous> (src/components/event/__tests__/PublicEventPage.issue2101.test.tsx:852:22)

    console.error
      The current testing environment is not configured to support act(...)

      455 |   let renderer!: RendererInstance;
      456 |   act(() => {
    > 457 |     renderer = TestRenderer.create(
          |                             ^
      458 |       <PublicEventPage event={event} brand={BRAND} bookable={bookable} />,
      459 |     );
      460 |   });

      at isConcurrentActEnvironment (node_modules/react-test-renderer/cjs/react-test-renderer.development.js:10243:17)
      at warnIfUpdatesNotWrappedWithActDEV (node_modules/react-test-renderer/cjs/react-test-renderer.development.js:11798:7)
      at scheduleUpdateOnFiber (node_modules/react-test-renderer/cjs/react-test-renderer.development.js:10326:9)
      at updateContainerImpl (node_modules/react-test-renderer/cjs/react-test-renderer.development.js:12382:10)
      at updateContainer (node_modules/react-test-renderer/cjs/react-test-renderer.development.js:12326:7)
      at Object.<anonymous>.process.env.NODE_ENV.exports.create (node_modules/react-test-renderer/cjs/react-test-renderer.development.js:14630:7)
      at src/components/event/__tests__/PublicEventPage.issue2101.test.tsx:457:29
      at Object.<anonymous>.process.env.NODE_ENV.exports.act (node_modules/react/cjs/react.development.js:789:22)
      at renderPage (src/components/event/__tests__/PublicEventPage.issue2101.test.tsx:456:3)
      at Object.<anonymous> (src/components/event/__tests__/PublicEventPage.issue2101.test.tsx:852:22)

    console.error
      The current testing environment is not configured to support act(...)

      469 |   while (mounted.length > 0) {
      470 |     const renderer = mounted.pop();
    > 471 |     if (renderer !== undefined) act(() => renderer.unmount());
          |                                                    ^
      472 |   }
      473 | });
      474 |

      at isConcurrentActEnvironment (node_modules/react-test-renderer/cjs/react-test-renderer.development.js:10243:17)
      at warnIfUpdatesNotWrappedWithActDEV (node_modules/react-test-renderer/cjs/react-test-renderer.development.js:11798:7)
      at scheduleUpdateOnFiber (node_modules/react-test-renderer/cjs/react-test-renderer.development.js:10326:9)
      at updateContainerImpl (node_modules/react-test-renderer/cjs/react-test-renderer.development.js:12382:10)
      at updateContainer (node_modules/react-test-renderer/cjs/react-test-renderer.development.js:12326:7)
      at Object.unmount (node_modules/react-test-renderer/cjs/react-test-renderer.development.js:14674:14)
      at src/components/event/__tests__/PublicEventPage.issue2101.test.tsx:471:52
      at Object.<anonymous>.process.env.NODE_ENV.exports.act (node_modules/react/cjs/react.development.js:789:22)
      at Object.<anonymous> (src/components/event/__tests__/PublicEventPage.issue2101.test.tsx:471:33)

    console.error
      react-test-renderer is deprecated. See https://react.dev/warnings/react-test-renderer

      455 |   let renderer!: RendererInstance;
      456 |   act(() => {
    > 457 |     renderer = TestRenderer.create(
          |                             ^
      458 |       <PublicEventPage event={event} brand={BRAND} bookable={bookable} />,
      459 |     );
      460 |   });

      at Object.<anonymous>.process.env.NODE_ENV.exports.create (node_modules/react-test-renderer/cjs/react-test-renderer.development.js:14598:17)
      at src/components/event/__tests__/PublicEventPage.issue2101.test.tsx:457:29
      at Object.<anonymous>.process.env.NODE_ENV.exports.act (node_modules/react/cjs/react.development.js:789:22)
      at renderPage (src/components/event/__tests__/PublicEventPage.issue2101.test.tsx:456:3)
      at Object.<anonymous> (src/components/event/__tests__/PublicEventPage.issue2101.test.tsx:870:22)

    console.error
      The current testing environment is not configured to support act(...)

      455 |   let renderer!: RendererInstance;
      456 |   act(() => {
    > 457 |     renderer = TestRenderer.create(
          |                             ^
      458 |       <PublicEventPage event={event} brand={BRAND} bookable={bookable} />,
      459 |     );
      460 |   });

      at isConcurrentActEnvironment (node_modules/react-test-renderer/cjs/react-test-renderer.development.js:10243:17)
      at warnIfUpdatesNotWrappedWithActDEV (node_modules/react-test-renderer/cjs/react-test-renderer.development.js:11798:7)
      at scheduleUpdateOnFiber (node_modules/react-test-renderer/cjs/react-test-renderer.development.js:10326:9)
      at updateContainerImpl (node_modules/react-test-renderer/cjs/react-test-renderer.development.js:12382:10)
      at updateContainer (node_modules/react-test-renderer/cjs/react-test-renderer.development.js:12326:7)
      at Object.<anonymous>.process.env.NODE_ENV.exports.create (node_modules/react-test-renderer/cjs/react-test-renderer.development.js:14630:7)
      at src/components/event/__tests__/PublicEventPage.issue2101.test.tsx:457:29
      at Object.<anonymous>.process.env.NODE_ENV.exports.act (node_modules/react/cjs/react.development.js:789:22)
      at renderPage (src/components/event/__tests__/PublicEventPage.issue2101.test.tsx:456:3)
      at Object.<anonymous> (src/components/event/__tests__/PublicEventPage.issue2101.test.tsx:870:22)

    console.error
      The current testing environment is not configured to support act(...)

      469 |   while (mounted.length > 0) {
      470 |     const renderer = mounted.pop();
    > 471 |     if (renderer !== undefined) act(() => renderer.unmount());
          |                                                    ^
      472 |   }
      473 | });
      474 |

      at isConcurrentActEnvironment (node_modules/react-test-renderer/cjs/react-test-renderer.development.js:10243:17)
      at warnIfUpdatesNotWrappedWithActDEV (node_modules/react-test-renderer/cjs/react-test-renderer.development.js:11798:7)
      at scheduleUpdateOnFiber (node_modules/react-test-renderer/cjs/react-test-renderer.development.js:10326:9)
      at updateContainerImpl (node_modules/react-test-renderer/cjs/react-test-renderer.development.js:12382:10)
      at updateContainer (node_modules/react-test-renderer/cjs/react-test-renderer.development.js:12326:7)
      at Object.unmount (node_modules/react-test-renderer/cjs/react-test-renderer.development.js:14674:14)
      at src/components/event/__tests__/PublicEventPage.issue2101.test.tsx:471:52
      at Object.<anonymous>.process.env.NODE_ENV.exports.act (node_modules/react/cjs/react.development.js:789:22)
      at Object.<anonymous> (src/components/event/__tests__/PublicEventPage.issue2101.test.tsx:471:33)

    console.error
      react-test-renderer is deprecated. See https://react.dev/warnings/react-test-renderer

      455 |   let renderer!: RendererInstance;
      456 |   act(() => {
    > 457 |     renderer = TestRenderer.create(
          |                             ^
      458 |       <PublicEventPage event={event} brand={BRAND} bookable={bookable} />,
      459 |     );
      460 |   });

      at Object.<anonymous>.process.env.NODE_ENV.exports.create (node_modules/react-test-renderer/cjs/react-test-renderer.development.js:14598:17)
      at src/components/event/__tests__/PublicEventPage.issue2101.test.tsx:457:29
      at Object.<anonymous>.process.env.NODE_ENV.exports.act (node_modules/react/cjs/react.development.js:789:22)
      at renderPage (src/components/event/__tests__/PublicEventPage.issue2101.test.tsx:456:3)
      at Object.<anonymous> (src/components/event/__tests__/PublicEventPage.issue2101.test.tsx:886:22)

    console.error
      The current testing environment is not configured to support act(...)

      455 |   let renderer!: RendererInstance;
      456 |   act(() => {
    > 457 |     renderer = TestRenderer.create(
          |                             ^
      458 |       <PublicEventPage event={event} brand={BRAND} bookable={bookable} />,
      459 |     );
      460 |   });

      at isConcurrentActEnvironment (node_modules/react-test-renderer/cjs/react-test-renderer.development.js:10243:17)
      at warnIfUpdatesNotWrappedWithActDEV (node_modules/react-test-renderer/cjs/react-test-renderer.development.js:11798:7)
      at scheduleUpdateOnFiber (node_modules/react-test-renderer/cjs/react-test-renderer.development.js:10326:9)
      at updateContainerImpl (node_modules/react-test-renderer/cjs/react-test-renderer.development.js:12382:10)
      at updateContainer (node_modules/react-test-renderer/cjs/react-test-renderer.development.js:12326:7)
      at Object.<anonymous>.process.env.NODE_ENV.exports.create (node_modules/react-test-renderer/cjs/react-test-renderer.development.js:14630:7)
      at src/components/event/__tests__/PublicEventPage.issue2101.test.tsx:457:29
      at Object.<anonymous>.process.env.NODE_ENV.exports.act (node_modules/react/cjs/react.development.js:789:22)
      at renderPage (src/components/event/__tests__/PublicEventPage.issue2101.test.tsx:456:3)
      at Object.<anonymous> (src/components/event/__tests__/PublicEventPage.issue2101.test.tsx:886:22)

    console.error
      The current testing environment is not configured to support act(...)

      469 |   while (mounted.length > 0) {
      470 |     const renderer = mounted.pop();
    > 471 |     if (renderer !== undefined) act(() => renderer.unmount());
          |                                                    ^
      472 |   }
      473 | });
      474 |

      at isConcurrentActEnvironment (node_modules/react-test-renderer/cjs/react-test-renderer.development.js:10243:17)
      at warnIfUpdatesNotWrappedWithActDEV (node_modules/react-test-renderer/cjs/react-test-renderer.development.js:11798:7)
      at scheduleUpdateOnFiber (node_modules/react-test-renderer/cjs/react-test-renderer.development.js:10326:9)
      at updateContainerImpl (node_modules/react-test-renderer/cjs/react-test-renderer.development.js:12382:10)
      at updateContainer (node_modules/react-test-renderer/cjs/react-test-renderer.development.js:12326:7)
      at Object.unmount (node_modules/react-test-renderer/cjs/react-test-renderer.development.js:14674:14)
      at src/components/event/__tests__/PublicEventPage.issue2101.test.tsx:471:52
      at Object.<anonymous>.process.env.NODE_ENV.exports.act (node_modules/react/cjs/react.development.js:789:22)
      at Object.<anonymous> (src/components/event/__tests__/PublicEventPage.issue2101.test.tsx:471:33)

    console.error
      react-test-renderer is deprecated. See https://react.dev/warnings/react-test-renderer

      455 |   let renderer!: RendererInstance;
      456 |   act(() => {
    > 457 |     renderer = TestRenderer.create(
          |                             ^
      458 |       <PublicEventPage event={event} brand={BRAND} bookable={bookable} />,
      459 |     );
      460 |   });

      at Object.<anonymous>.process.env.NODE_ENV.exports.create (node_modules/react-test-renderer/cjs/react-test-renderer.development.js:14598:17)
      at src/components/event/__tests__/PublicEventPage.issue2101.test.tsx:457:29
      at Object.<anonymous>.process.env.NODE_ENV.exports.act (node_modules/react/cjs/react.development.js:789:22)
      at renderPage (src/components/event/__tests__/PublicEventPage.issue2101.test.tsx:456:3)
      at Object.<anonymous> (src/components/event/__tests__/PublicEventPage.issue2101.test.tsx:897:24)

    console.error
      The current testing environment is not configured to support act(...)

      455 |   let renderer!: RendererInstance;
      456 |   act(() => {
    > 457 |     renderer = TestRenderer.create(
          |                             ^
      458 |       <PublicEventPage event={event} brand={BRAND} bookable={bookable} />,
      459 |     );
      460 |   });

      at isConcurrentActEnvironment (node_modules/react-test-renderer/cjs/react-test-renderer.development.js:10243:17)
      at warnIfUpdatesNotWrappedWithActDEV (node_modules/react-test-renderer/cjs/react-test-renderer.development.js:11798:7)
      at scheduleUpdateOnFiber (node_modules/react-test-renderer/cjs/react-test-renderer.development.js:10326:9)
      at updateContainerImpl (node_modules/react-test-renderer/cjs/react-test-renderer.development.js:12382:10)
      at updateContainer (node_modules/react-test-renderer/cjs/react-test-renderer.development.js:12326:7)
      at Object.<anonymous>.process.env.NODE_ENV.exports.create (node_modules/react-test-renderer/cjs/react-test-renderer.development.js:14630:7)
      at src/components/event/__tests__/PublicEventPage.issue2101.test.tsx:457:29
      at Object.<anonymous>.process.env.NODE_ENV.exports.act (node_modules/react/cjs/react.development.js:789:22)
      at renderPage (src/components/event/__tests__/PublicEventPage.issue2101.test.tsx:456:3)
      at Object.<anonymous> (src/components/event/__tests__/PublicEventPage.issue2101.test.tsx:897:24)

    console.error
      react-test-renderer is deprecated. See https://react.dev/warnings/react-test-renderer

      455 |   let renderer!: RendererInstance;
      456 |   act(() => {
    > 457 |     renderer = TestRenderer.create(
          |                             ^
      458 |       <PublicEventPage event={event} brand={BRAND} bookable={bookable} />,
      459 |     );
      460 |   });

      at Object.<anonymous>.process.env.NODE_ENV.exports.create (node_modules/react-test-renderer/cjs/react-test-renderer.development.js:14598:17)
      at src/components/event/__tests__/PublicEventPage.issue2101.test.tsx:457:29
      at Object.<anonymous>.process.env.NODE_ENV.exports.act (node_modules/react/cjs/react.development.js:789:22)
      at renderPage (src/components/event/__tests__/PublicEventPage.issue2101.test.tsx:456:3)
      at Object.<anonymous> (src/components/event/__tests__/PublicEventPage.issue2101.test.tsx:897:24)

    console.error
      The current testing environment is not configured to support act(...)

      455 |   let renderer!: RendererInstance;
      456 |   act(() => {
    > 457 |     renderer = TestRenderer.create(
          |                             ^
      458 |       <PublicEventPage event={event} brand={BRAND} bookable={bookable} />,
      459 |     );
      460 |   });

      at isConcurrentActEnvironment (node_modules/react-test-renderer/cjs/react-test-renderer.development.js:10243:17)
      at warnIfUpdatesNotWrappedWithActDEV (node_modules/react-test-renderer/cjs/react-test-renderer.development.js:11798:7)
      at scheduleUpdateOnFiber (node_modules/react-test-renderer/cjs/react-test-renderer.development.js:10326:9)
      at updateContainerImpl (node_modules/react-test-renderer/cjs/react-test-renderer.development.js:12382:10)
      at updateContainer (node_modules/react-test-renderer/cjs/react-test-renderer.development.js:12326:7)
      at Object.<anonymous>.process.env.NODE_ENV.exports.create (node_modules/react-test-renderer/cjs/react-test-renderer.development.js:14630:7)
      at src/components/event/__tests__/PublicEventPage.issue2101.test.tsx:457:29
      at Object.<anonymous>.process.env.NODE_ENV.exports.act (node_modules/react/cjs/react.development.js:789:22)
      at renderPage (src/components/event/__tests__/PublicEventPage.issue2101.test.tsx:456:3)
      at Object.<anonymous> (src/components/event/__tests__/PublicEventPage.issue2101.test.tsx:897:24)

    console.error
      The current testing environment is not configured to support act(...)

      469 |   while (mounted.length > 0) {
      470 |     const renderer = mounted.pop();
    > 471 |     if (renderer !== undefined) act(() => renderer.unmount());
          |                                                    ^
      472 |   }
      473 | });
      474 |

      at isConcurrentActEnvironment (node_modules/react-test-renderer/cjs/react-test-renderer.development.js:10243:17)
      at warnIfUpdatesNotWrappedWithActDEV (node_modules/react-test-renderer/cjs/react-test-renderer.development.js:11798:7)
      at scheduleUpdateOnFiber (node_modules/react-test-renderer/cjs/react-test-renderer.development.js:10326:9)
      at updateContainerImpl (node_modules/react-test-renderer/cjs/react-test-renderer.development.js:12382:10)
      at updateContainer (node_modules/react-test-renderer/cjs/react-test-renderer.development.js:12326:7)
      at Object.unmount (node_modules/react-test-renderer/cjs/react-test-renderer.development.js:14674:14)
      at src/components/event/__tests__/PublicEventPage.issue2101.test.tsx:471:52
      at Object.<anonymous>.process.env.NODE_ENV.exports.act (node_modules/react/cjs/react.development.js:789:22)
      at Object.<anonymous> (src/components/event/__tests__/PublicEventPage.issue2101.test.tsx:471:33)

    console.error
      The current testing environment is not configured to support act(...)

      469 |   while (mounted.length > 0) {
      470 |     const renderer = mounted.pop();
    > 471 |     if (renderer !== undefined) act(() => renderer.unmount());
          |                                                    ^
      472 |   }
      473 | });
      474 |

      at isConcurrentActEnvironment (node_modules/react-test-renderer/cjs/react-test-renderer.development.js:10243:17)
      at warnIfUpdatesNotWrappedWithActDEV (node_modules/react-test-renderer/cjs/react-test-renderer.development.js:11798:7)
      at scheduleUpdateOnFiber (node_modules/react-test-renderer/cjs/react-test-renderer.development.js:10326:9)
      at updateContainerImpl (node_modules/react-test-renderer/cjs/react-test-renderer.development.js:12382:10)
      at updateContainer (node_modules/react-test-renderer/cjs/react-test-renderer.development.js:12326:7)
      at Object.unmount (node_modules/react-test-renderer/cjs/react-test-renderer.development.js:14674:14)
      at src/components/event/__tests__/PublicEventPage.issue2101.test.tsx:471:52
      at Object.<anonymous>.process.env.NODE_ENV.exports.act (node_modules/react/cjs/react.development.js:789:22)
      at Object.<anonymous> (src/components/event/__tests__/PublicEventPage.issue2101.test.tsx:471:33)

    console.error
      react-test-renderer is deprecated. See https://react.dev/warnings/react-test-renderer

      455 |   let renderer!: RendererInstance;
      456 |   act(() => {
    > 457 |     renderer = TestRenderer.create(
          |                             ^
      458 |       <PublicEventPage event={event} brand={BRAND} bookable={bookable} />,
      459 |     );
      460 |   });

      at Object.<anonymous>.process.env.NODE_ENV.exports.create (node_modules/react-test-renderer/cjs/react-test-renderer.development.js:14598:17)
      at src/components/event/__tests__/PublicEventPage.issue2101.test.tsx:457:29
      at Object.<anonymous>.process.env.NODE_ENV.exports.act (node_modules/react/cjs/react.development.js:789:22)
      at renderPage (src/components/event/__tests__/PublicEventPage.issue2101.test.tsx:456:3)
      at Object.<anonymous> (src/components/event/__tests__/PublicEventPage.issue2101.test.tsx:928:22)

    console.error
      The current testing environment is not configured to support act(...)

      455 |   let renderer!: RendererInstance;
      456 |   act(() => {
    > 457 |     renderer = TestRenderer.create(
          |                             ^
      458 |       <PublicEventPage event={event} brand={BRAND} bookable={bookable} />,
      459 |     );
      460 |   });

      at isConcurrentActEnvironment (node_modules/react-test-renderer/cjs/react-test-renderer.development.js:10243:17)
      at warnIfUpdatesNotWrappedWithActDEV (node_modules/react-test-renderer/cjs/react-test-renderer.development.js:11798:7)
      at scheduleUpdateOnFiber (node_modules/react-test-renderer/cjs/react-test-renderer.development.js:10326:9)
      at updateContainerImpl (node_modules/react-test-renderer/cjs/react-test-renderer.development.js:12382:10)
      at updateContainer (node_modules/react-test-renderer/cjs/react-test-renderer.development.js:12326:7)
      at Object.<anonymous>.process.env.NODE_ENV.exports.create (node_modules/react-test-renderer/cjs/react-test-renderer.development.js:14630:7)
      at src/components/event/__tests__/PublicEventPage.issue2101.test.tsx:457:29
      at Object.<anonymous>.process.env.NODE_ENV.exports.act (node_modules/react/cjs/react.development.js:789:22)
      at renderPage (src/components/event/__tests__/PublicEventPage.issue2101.test.tsx:456:3)
      at Object.<anonymous> (src/components/event/__tests__/PublicEventPage.issue2101.test.tsx:928:22)

    console.error
      The current testing environment is not configured to support act(...)

      469 |   while (mounted.length > 0) {
      470 |     const renderer = mounted.pop();
    > 471 |     if (renderer !== undefined) act(() => renderer.unmount());
          |                                                    ^
      472 |   }
      473 | });
      474 |

      at isConcurrentActEnvironment (node_modules/react-test-renderer/cjs/react-test-renderer.development.js:10243:17)
      at warnIfUpdatesNotWrappedWithActDEV (node_modules/react-test-renderer/cjs/react-test-renderer.development.js:11798:7)
      at scheduleUpdateOnFiber (node_modules/react-test-renderer/cjs/react-test-renderer.development.js:10326:9)
      at updateContainerImpl (node_modules/react-test-renderer/cjs/react-test-renderer.development.js:12382:10)
      at updateContainer (node_modules/react-test-renderer/cjs/react-test-renderer.development.js:12326:7)
      at Object.unmount (node_modules/react-test-renderer/cjs/react-test-renderer.development.js:14674:14)
      at src/components/event/__tests__/PublicEventPage.issue2101.test.tsx:471:52
      at Object.<anonymous>.process.env.NODE_ENV.exports.act (node_modules/react/cjs/react.development.js:789:22)
      at Object.<anonymous> (src/components/event/__tests__/PublicEventPage.issue2101.test.tsx:471:33)

    console.error
      react-test-renderer is deprecated. See https://react.dev/warnings/react-test-renderer

      455 |   let renderer!: RendererInstance;
      456 |   act(() => {
    > 457 |     renderer = TestRenderer.create(
          |                             ^
      458 |       <PublicEventPage event={event} brand={BRAND} bookable={bookable} />,
      459 |     );
      460 |   });

      at Object.<anonymous>.process.env.NODE_ENV.exports.create (node_modules/react-test-renderer/cjs/react-test-renderer.development.js:14598:17)
      at src/components/event/__tests__/PublicEventPage.issue2101.test.tsx:457:29
      at Object.<anonymous>.process.env.NODE_ENV.exports.act (node_modules/react/cjs/react.development.js:789:22)
      at renderPage (src/components/event/__tests__/PublicEventPage.issue2101.test.tsx:456:3)
      at Object.<anonymous> (src/components/event/__tests__/PublicEventPage.issue2101.test.tsx:939:22)

    console.error
      The current testing environment is not configured to support act(...)

      455 |   let renderer!: RendererInstance;
      456 |   act(() => {
    > 457 |     renderer = TestRenderer.create(
          |                             ^
      458 |       <PublicEventPage event={event} brand={BRAND} bookable={bookable} />,
      459 |     );
      460 |   });

      at isConcurrentActEnvironment (node_modules/react-test-renderer/cjs/react-test-renderer.development.js:10243:17)
      at warnIfUpdatesNotWrappedWithActDEV (node_modules/react-test-renderer/cjs/react-test-renderer.development.js:11798:7)
      at scheduleUpdateOnFiber (node_modules/react-test-renderer/cjs/react-test-renderer.development.js:10326:9)
      at updateContainerImpl (node_modules/react-test-renderer/cjs/react-test-renderer.development.js:12382:10)
      at updateContainer (node_modules/react-test-renderer/cjs/react-test-renderer.development.js:12326:7)
      at Object.<anonymous>.process.env.NODE_ENV.exports.create (node_modules/react-test-renderer/cjs/react-test-renderer.development.js:14630:7)
      at src/components/event/__tests__/PublicEventPage.issue2101.test.tsx:457:29
      at Object.<anonymous>.process.env.NODE_ENV.exports.act (node_modules/react/cjs/react.development.js:789:22)
      at renderPage (src/components/event/__tests__/PublicEventPage.issue2101.test.tsx:456:3)
      at Object.<anonymous> (src/components/event/__tests__/PublicEventPage.issue2101.test.tsx:939:22)

    console.error
      The current testing environment is not configured to support act(...)

      469 |   while (mounted.length > 0) {
      470 |     const renderer = mounted.pop();
    > 471 |     if (renderer !== undefined) act(() => renderer.unmount());
          |                                                    ^
      472 |   }
      473 | });
      474 |

      at isConcurrentActEnvironment (node_modules/react-test-renderer/cjs/react-test-renderer.development.js:10243:17)
      at warnIfUpdatesNotWrappedWithActDEV (node_modules/react-test-renderer/cjs/react-test-renderer.development.js:11798:7)
      at scheduleUpdateOnFiber (node_modules/react-test-renderer/cjs/react-test-renderer.development.js:10326:9)
      at updateContainerImpl (node_modules/react-test-renderer/cjs/react-test-renderer.development.js:12382:10)
      at updateContainer (node_modules/react-test-renderer/cjs/react-test-renderer.development.js:12326:7)
      at Object.unmount (node_modules/react-test-renderer/cjs/react-test-renderer.development.js:14674:14)
      at src/components/event/__tests__/PublicEventPage.issue2101.test.tsx:471:52
      at Object.<anonymous>.process.env.NODE_ENV.exports.act (node_modules/react/cjs/react.development.js:789:22)
      at Object.<anonymous> (src/components/event/__tests__/PublicEventPage.issue2101.test.tsx:471:33)

    console.error
      react-test-renderer is deprecated. See https://react.dev/warnings/react-test-renderer

      455 |   let renderer!: RendererInstance;
      456 |   act(() => {
    > 457 |     renderer = TestRenderer.create(
          |                             ^
      458 |       <PublicEventPage event={event} brand={BRAND} bookable={bookable} />,
      459 |     );
      460 |   });

      at Object.<anonymous>.process.env.NODE_ENV.exports.create (node_modules/react-test-renderer/cjs/react-test-renderer.development.js:14598:17)
      at src/components/event/__tests__/PublicEventPage.issue2101.test.tsx:457:29
      at Object.<anonymous>.process.env.NODE_ENV.exports.act (node_modules/react/cjs/react.development.js:789:22)
      at renderPage (src/components/event/__tests__/PublicEventPage.issue2101.test.tsx:456:3)
      at Object.<anonymous> (src/components/event/__tests__/PublicEventPage.issue2101.test.tsx:947:22)

    console.error
      The current testing environment is not configured to support act(...)

      455 |   let renderer!: RendererInstance;
      456 |   act(() => {
    > 457 |     renderer = TestRenderer.create(
          |                             ^
      458 |       <PublicEventPage event={event} brand={BRAND} bookable={bookable} />,
      459 |     );
      460 |   });

      at isConcurrentActEnvironment (node_modules/react-test-renderer/cjs/react-test-renderer.development.js:10243:17)
      at warnIfUpdatesNotWrappedWithActDEV (node_modules/react-test-renderer/cjs/react-test-renderer.development.js:11798:7)
      at scheduleUpdateOnFiber (node_modules/react-test-renderer/cjs/react-test-renderer.development.js:10326:9)
      at updateContainerImpl (node_modules/react-test-renderer/cjs/react-test-renderer.development.js:12382:10)
      at updateContainer (node_modules/react-test-renderer/cjs/react-test-renderer.development.js:12326:7)
      at Object.<anonymous>.process.env.NODE_ENV.exports.create (node_modules/react-test-renderer/cjs/react-test-renderer.development.js:14630:7)
      at src/components/event/__tests__/PublicEventPage.issue2101.test.tsx:457:29
      at Object.<anonymous>.process.env.NODE_ENV.exports.act (node_modules/react/cjs/react.development.js:789:22)
      at renderPage (src/components/event/__tests__/PublicEventPage.issue2101.test.tsx:456:3)
      at Object.<anonymous> (src/components/event/__tests__/PublicEventPage.issue2101.test.tsx:947:22)

    console.error
      The current testing environment is not configured to support act(...)

      469 |   while (mounted.length > 0) {
      470 |     const renderer = mounted.pop();
    > 471 |     if (renderer !== undefined) act(() => renderer.unmount());
          |                                                    ^
      472 |   }
      473 | });
      474 |

      at isConcurrentActEnvironment (node_modules/react-test-renderer/cjs/react-test-renderer.development.js:10243:17)
      at warnIfUpdatesNotWrappedWithActDEV (node_modules/react-test-renderer/cjs/react-test-renderer.development.js:11798:7)
      at scheduleUpdateOnFiber (node_modules/react-test-renderer/cjs/react-test-renderer.development.js:10326:9)
      at updateContainerImpl (node_modules/react-test-renderer/cjs/react-test-renderer.development.js:12382:10)
      at updateContainer (node_modules/react-test-renderer/cjs/react-test-renderer.development.js:12326:7)
      at Object.unmount (node_modules/react-test-renderer/cjs/react-test-renderer.development.js:14674:14)
      at src/components/event/__tests__/PublicEventPage.issue2101.test.tsx:471:52
      at Object.<anonymous>.process.env.NODE_ENV.exports.act (node_modules/react/cjs/react.development.js:789:22)
      at Object.<anonymous> (src/components/event/__tests__/PublicEventPage.issue2101.test.tsx:471:33)

    console.error
      react-test-renderer is deprecated. See https://react.dev/warnings/react-test-renderer

      455 |   let renderer!: RendererInstance;
      456 |   act(() => {
    > 457 |     renderer = TestRenderer.create(
          |                             ^
      458 |       <PublicEventPage event={event} brand={BRAND} bookable={bookable} />,
      459 |     );
      460 |   });

      at Object.<anonymous>.process.env.NODE_ENV.exports.create (node_modules/react-test-renderer/cjs/react-test-renderer.development.js:14598:17)
      at src/components/event/__tests__/PublicEventPage.issue2101.test.tsx:457:29
      at Object.<anonymous>.process.env.NODE_ENV.exports.act (node_modules/react/cjs/react.development.js:789:22)
      at renderPage (src/components/event/__tests__/PublicEventPage.issue2101.test.tsx:456:3)
      at Object.<anonymous> (src/components/event/__tests__/PublicEventPage.issue2101.test.tsx:954:22)

    console.error
      The current testing environment is not configured to support act(...)

      455 |   let renderer!: RendererInstance;
      456 |   act(() => {
    > 457 |     renderer = TestRenderer.create(
          |                             ^
      458 |       <PublicEventPage event={event} brand={BRAND} bookable={bookable} />,
      459 |     );
      460 |   });

      at isConcurrentActEnvironment (node_modules/react-test-renderer/cjs/react-test-renderer.development.js:10243:17)
      at warnIfUpdatesNotWrappedWithActDEV (node_modules/react-test-renderer/cjs/react-test-renderer.development.js:11798:7)
      at scheduleUpdateOnFiber (node_modules/react-test-renderer/cjs/react-test-renderer.development.js:10326:9)
      at updateContainerImpl (node_modules/react-test-renderer/cjs/react-test-renderer.development.js:12382:10)
      at updateContainer (node_modules/react-test-renderer/cjs/react-test-renderer.development.js:12326:7)
      at Object.<anonymous>.process.env.NODE_ENV.exports.create (node_modules/react-test-renderer/cjs/react-test-renderer.development.js:14630:7)
      at src/components/event/__tests__/PublicEventPage.issue2101.test.tsx:457:29
      at Object.<anonymous>.process.env.NODE_ENV.exports.act (node_modules/react/cjs/react.development.js:789:22)
      at renderPage (src/components/event/__tests__/PublicEventPage.issue2101.test.tsx:456:3)
      at Object.<anonymous> (src/components/event/__tests__/PublicEventPage.issue2101.test.tsx:954:22)

    console.error
      The current testing environment is not configured to support act(...)

      469 |   while (mounted.length > 0) {
      470 |     const renderer = mounted.pop();
    > 471 |     if (renderer !== undefined) act(() => renderer.unmount());
          |                                                    ^
      472 |   }
      473 | });
      474 |

      at isConcurrentActEnvironment (node_modules/react-test-renderer/cjs/react-test-renderer.development.js:10243:17)
      at warnIfUpdatesNotWrappedWithActDEV (node_modules/react-test-renderer/cjs/react-test-renderer.development.js:11798:7)
      at scheduleUpdateOnFiber (node_modules/react-test-renderer/cjs/react-test-renderer.development.js:10326:9)
      at updateContainerImpl (node_modules/react-test-renderer/cjs/react-test-renderer.development.js:12382:10)
      at updateContainer (node_modules/react-test-renderer/cjs/react-test-renderer.development.js:12326:7)
      at Object.unmount (node_modules/react-test-renderer/cjs/react-test-renderer.development.js:14674:14)
      at src/components/event/__tests__/PublicEventPage.issue2101.test.tsx:471:52
      at Object.<anonymous>.process.env.NODE_ENV.exports.act (node_modules/react/cjs/react.development.js:789:22)
      at Object.<anonymous> (src/components/event/__tests__/PublicEventPage.issue2101.test.tsx:471:33)

    console.error
      react-test-renderer is deprecated. See https://react.dev/warnings/react-test-renderer

      455 |   let renderer!: RendererInstance;
      456 |   act(() => {
    > 457 |     renderer = TestRenderer.create(
          |                             ^
      458 |       <PublicEventPage event={event} brand={BRAND} bookable={bookable} />,
      459 |     );
      460 |   });

      at Object.<anonymous>.process.env.NODE_ENV.exports.create (node_modules/react-test-renderer/cjs/react-test-renderer.development.js:14598:17)
      at src/components/event/__tests__/PublicEventPage.issue2101.test.tsx:457:29
      at Object.<anonymous>.process.env.NODE_ENV.exports.act (node_modules/react/cjs/react.development.js:789:22)
      at renderPage (src/components/event/__tests__/PublicEventPage.issue2101.test.tsx:456:3)
      at Object.<anonymous> (src/components/event/__tests__/PublicEventPage.issue2101.test.tsx:984:22)

    console.error
      The current testing environment is not configured to support act(...)

      455 |   let renderer!: RendererInstance;
      456 |   act(() => {
    > 457 |     renderer = TestRenderer.create(
          |                             ^
      458 |       <PublicEventPage event={event} brand={BRAND} bookable={bookable} />,
      459 |     );
      460 |   });

      at isConcurrentActEnvironment (node_modules/react-test-renderer/cjs/react-test-renderer.development.js:10243:17)
      at warnIfUpdatesNotWrappedWithActDEV (node_modules/react-test-renderer/cjs/react-test-renderer.development.js:11798:7)
      at scheduleUpdateOnFiber (node_modules/react-test-renderer/cjs/react-test-renderer.development.js:10326:9)
      at updateContainerImpl (node_modules/react-test-renderer/cjs/react-test-renderer.development.js:12382:10)
      at updateContainer (node_modules/react-test-renderer/cjs/react-test-renderer.development.js:12326:7)
      at Object.<anonymous>.process.env.NODE_ENV.exports.create (node_modules/react-test-renderer/cjs/react-test-renderer.development.js:14630:7)
      at src/components/event/__tests__/PublicEventPage.issue2101.test.tsx:457:29
      at Object.<anonymous>.process.env.NODE_ENV.exports.act (node_modules/react/cjs/react.development.js:789:22)
      at renderPage (src/components/event/__tests__/PublicEventPage.issue2101.test.tsx:456:3)
      at Object.<anonymous> (src/components/event/__tests__/PublicEventPage.issue2101.test.tsx:984:22)

    console.error
      The current testing environment is not configured to support act(...)

      469 |   while (mounted.length > 0) {
      470 |     const renderer = mounted.pop();
    > 471 |     if (renderer !== undefined) act(() => renderer.unmount());
          |                                                    ^
      472 |   }
      473 | });
      474 |

      at isConcurrentActEnvironment (node_modules/react-test-renderer/cjs/react-test-renderer.development.js:10243:17)
      at warnIfUpdatesNotWrappedWithActDEV (node_modules/react-test-renderer/cjs/react-test-renderer.development.js:11798:7)
      at scheduleUpdateOnFiber (node_modules/react-test-renderer/cjs/react-test-renderer.development.js:10326:9)
      at updateContainerImpl (node_modules/react-test-renderer/cjs/react-test-renderer.development.js:12382:10)
      at updateContainer (node_modules/react-test-renderer/cjs/react-test-renderer.development.js:12326:7)
      at Object.unmount (node_modules/react-test-renderer/cjs/react-test-renderer.development.js:14674:14)
      at src/components/event/__tests__/PublicEventPage.issue2101.test.tsx:471:52
      at Object.<anonymous>.process.env.NODE_ENV.exports.act (node_modules/react/cjs/react.development.js:789:22)
      at Object.<anonymous> (src/components/event/__tests__/PublicEventPage.issue2101.test.tsx:471:33)

PASS src/components/event/__tests__/issue_3440_reply_reconciliation.implementor.test.tsx
  ● Console

    console.error
      react-test-renderer is deprecated. See https://react.dev/warnings/react-test-renderer

      76 | const mount = async (props: HarnessProps = {}) => {
      77 |   let tree!: Renderer;
    > 78 |   await act(async () => { tree = TestRenderer.create(<Harness {...props} />, { createNodeMock: () => ({ focus, setAttribute: jest.fn() }) }); });
         |                                               ^
      79 |   trees.push(tree);
      80 |   return tree;
      81 | };

      at Object.<anonymous>.process.env.NODE_ENV.exports.create (node_modules/react-test-renderer/cjs/react-test-renderer.development.js:14598:17)
      at src/components/event/__tests__/issue_3440_reply_reconciliation.implementor.test.tsx:78:47
      at Object.<anonymous>.process.env.NODE_ENV.exports.act (node_modules/react/cjs/react.development.js:789:22)
      at mount (src/components/event/__tests__/issue_3440_reply_reconciliation.implementor.test.tsx:78:9)
      at Object.<anonymous> (src/components/event/__tests__/issue_3440_reply_reconciliation.implementor.test.tsx:98:22)

    console.error
      react-test-renderer is deprecated. See https://react.dev/warnings/react-test-renderer

      76 | const mount = async (props: HarnessProps = {}) => {
      77 |   let tree!: Renderer;
    > 78 |   await act(async () => { tree = TestRenderer.create(<Harness {...props} />, { createNodeMock: () => ({ focus, setAttribute: jest.fn() }) }); });
         |                                               ^
      79 |   trees.push(tree);
      80 |   return tree;
      81 | };

      at Object.<anonymous>.process.env.NODE_ENV.exports.create (node_modules/react-test-renderer/cjs/react-test-renderer.development.js:14598:17)
      at src/components/event/__tests__/issue_3440_reply_reconciliation.implementor.test.tsx:78:47
      at Object.<anonymous>.process.env.NODE_ENV.exports.act (node_modules/react/cjs/react.development.js:789:22)
      at mount (src/components/event/__tests__/issue_3440_reply_reconciliation.implementor.test.tsx:78:9)
      at Object.<anonymous> (src/components/event/__tests__/issue_3440_reply_reconciliation.implementor.test.tsx:112:22)

    console.error
      react-test-renderer is deprecated. See https://react.dev/warnings/react-test-renderer

      76 | const mount = async (props: HarnessProps = {}) => {
      77 |   let tree!: Renderer;
    > 78 |   await act(async () => { tree = TestRenderer.create(<Harness {...props} />, { createNodeMock: () => ({ focus, setAttribute: jest.fn() }) }); });
         |                                               ^
      79 |   trees.push(tree);
      80 |   return tree;
      81 | };

      at Object.<anonymous>.process.env.NODE_ENV.exports.create (node_modules/react-test-renderer/cjs/react-test-renderer.development.js:14598:17)
      at src/components/event/__tests__/issue_3440_reply_reconciliation.implementor.test.tsx:78:47
      at Object.<anonymous>.process.env.NODE_ENV.exports.act (node_modules/react/cjs/react.development.js:789:22)
      at mount (src/components/event/__tests__/issue_3440_reply_reconciliation.implementor.test.tsx:78:9)
      at Object.<anonymous> (src/components/event/__tests__/issue_3440_reply_reconciliation.implementor.test.tsx:123:9)

    console.error
      react-test-renderer is deprecated. See https://react.dev/warnings/react-test-renderer

      76 | const mount = async (props: HarnessProps = {}) => {
      77 |   let tree!: Renderer;
    > 78 |   await act(async () => { tree = TestRenderer.create(<Harness {...props} />, { createNodeMock: () => ({ focus, setAttribute: jest.fn() }) }); });
         |                                               ^
      79 |   trees.push(tree);
      80 |   return tree;
      81 | };

      at Object.<anonymous>.process.env.NODE_ENV.exports.create (node_modules/react-test-renderer/cjs/react-test-renderer.development.js:14598:17)
      at src/components/event/__tests__/issue_3440_reply_reconciliation.implementor.test.tsx:78:47
      at Object.<anonymous>.process.env.NODE_ENV.exports.act (node_modules/react/cjs/react.development.js:789:22)
      at mount (src/components/event/__tests__/issue_3440_reply_reconciliation.implementor.test.tsx:78:9)
      at Object.<anonymous> (src/components/event/__tests__/issue_3440_reply_reconciliation.implementor.test.tsx:137:22)

    console.error
      react-test-renderer is deprecated. See https://react.dev/warnings/react-test-renderer

      76 | const mount = async (props: HarnessProps = {}) => {
      77 |   let tree!: Renderer;
    > 78 |   await act(async () => { tree = TestRenderer.create(<Harness {...props} />, { createNodeMock: () => ({ focus, setAttribute: jest.fn() }) }); });
         |                                               ^
      79 |   trees.push(tree);
      80 |   return tree;
      81 | };

      at Object.<anonymous>.process.env.NODE_ENV.exports.create (node_modules/react-test-renderer/cjs/react-test-renderer.development.js:14598:17)
      at src/components/event/__tests__/issue_3440_reply_reconciliation.implementor.test.tsx:78:47
      at Object.<anonymous>.process.env.NODE_ENV.exports.act (node_modules/react/cjs/react.development.js:789:22)
      at mount (src/components/event/__tests__/issue_3440_reply_reconciliation.implementor.test.tsx:78:9)
      at Object.<anonymous> (src/components/event/__tests__/issue_3440_reply_reconciliation.implementor.test.tsx:145:22)

    console.error
      react-test-renderer is deprecated. See https://react.dev/warnings/react-test-renderer

      76 | const mount = async (props: HarnessProps = {}) => {
      77 |   let tree!: Renderer;
    > 78 |   await act(async () => { tree = TestRenderer.create(<Harness {...props} />, { createNodeMock: () => ({ focus, setAttribute: jest.fn() }) }); });
         |                                               ^
      79 |   trees.push(tree);
      80 |   return tree;
      81 | };

      at Object.<anonymous>.process.env.NODE_ENV.exports.create (node_modules/react-test-renderer/cjs/react-test-renderer.development.js:14598:17)
      at src/components/event/__tests__/issue_3440_reply_reconciliation.implementor.test.tsx:78:47
      at Object.<anonymous>.process.env.NODE_ENV.exports.act (node_modules/react/cjs/react.development.js:789:22)
      at mount (src/components/event/__tests__/issue_3440_reply_reconciliation.implementor.test.tsx:78:9)
      at Object.<anonymous> (src/components/event/__tests__/issue_3440_reply_reconciliation.implementor.test.tsx:157:22)

    console.error
      react-test-renderer is deprecated. See https://react.dev/warnings/react-test-renderer

      76 | const mount = async (props: HarnessProps = {}) => {
      77 |   let tree!: Renderer;
    > 78 |   await act(async () => { tree = TestRenderer.create(<Harness {...props} />, { createNodeMock: () => ({ focus, setAttribute: jest.fn() }) }); });
         |                                               ^
      79 |   trees.push(tree);
      80 |   return tree;
      81 | };

      at Object.<anonymous>.process.env.NODE_ENV.exports.create (node_modules/react-test-renderer/cjs/react-test-renderer.development.js:14598:17)
      at src/components/event/__tests__/issue_3440_reply_reconciliation.implementor.test.tsx:78:47
      at Object.<anonymous>.process.env.NODE_ENV.exports.act (node_modules/react/cjs/react.development.js:789:22)
      at mount (src/components/event/__tests__/issue_3440_reply_reconciliation.implementor.test.tsx:78:9)
      at Object.<anonymous> (src/components/event/__tests__/issue_3440_reply_reconciliation.implementor.test.tsx:165:22)

    console.error
      react-test-renderer is deprecated. See https://react.dev/warnings/react-test-renderer

      76 | const mount = async (props: HarnessProps = {}) => {
      77 |   let tree!: Renderer;
    > 78 |   await act(async () => { tree = TestRenderer.create(<Harness {...props} />, { createNodeMock: () => ({ focus, setAttribute: jest.fn() }) }); });
         |                                               ^
      79 |   trees.push(tree);
      80 |   return tree;
      81 | };

      at Object.<anonymous>.process.env.NODE_ENV.exports.create (node_modules/react-test-renderer/cjs/react-test-renderer.development.js:14598:17)
      at src/components/event/__tests__/issue_3440_reply_reconciliation.implementor.test.tsx:78:47
      at Object.<anonymous>.process.env.NODE_ENV.exports.act (node_modules/react/cjs/react.development.js:789:22)
      at mount (src/components/event/__tests__/issue_3440_reply_reconciliation.implementor.test.tsx:78:9)
      at Object.<anonymous> (src/components/event/__tests__/issue_3440_reply_reconciliation.implementor.test.tsx:167:26)

    console.error
      react-test-renderer is deprecated. See https://react.dev/warnings/react-test-renderer

      76 | const mount = async (props: HarnessProps = {}) => {
      77 |   let tree!: Renderer;
    > 78 |   await act(async () => { tree = TestRenderer.create(<Harness {...props} />, { createNodeMock: () => ({ focus, setAttribute: jest.fn() }) }); });
         |                                               ^
      79 |   trees.push(tree);
      80 |   return tree;
      81 | };

      at Object.<anonymous>.process.env.NODE_ENV.exports.create (node_modules/react-test-renderer/cjs/react-test-renderer.development.js:14598:17)
      at src/components/event/__tests__/issue_3440_reply_reconciliation.implementor.test.tsx:78:47
      at Object.<anonymous>.process.env.NODE_ENV.exports.act (node_modules/react/cjs/react.development.js:789:22)
      at mount (src/components/event/__tests__/issue_3440_reply_reconciliation.implementor.test.tsx:78:9)
      at Object.<anonymous> (src/components/event/__tests__/issue_3440_reply_reconciliation.implementor.test.tsx:174:22)

    console.error
      react-test-renderer is deprecated. See https://react.dev/warnings/react-test-renderer

      76 | const mount = async (props: HarnessProps = {}) => {
      77 |   let tree!: Renderer;
    > 78 |   await act(async () => { tree = TestRenderer.create(<Harness {...props} />, { createNodeMock: () => ({ focus, setAttribute: jest.fn() }) }); });
         |                                               ^
      79 |   trees.push(tree);
      80 |   return tree;
      81 | };

      at Object.<anonymous>.process.env.NODE_ENV.exports.create (node_modules/react-test-renderer/cjs/react-test-renderer.development.js:14598:17)
      at src/components/event/__tests__/issue_3440_reply_reconciliation.implementor.test.tsx:78:47
      at Object.<anonymous>.process.env.NODE_ENV.exports.act (node_modules/react/cjs/react.development.js:789:22)
      at mount (src/components/event/__tests__/issue_3440_reply_reconciliation.implementor.test.tsx:78:9)
      at Object.<anonymous> (src/components/event/__tests__/issue_3440_reply_reconciliation.implementor.test.tsx:181:9)

    console.error
      react-test-renderer is deprecated. See https://react.dev/warnings/react-test-renderer

      76 | const mount = async (props: HarnessProps = {}) => {
      77 |   let tree!: Renderer;
    > 78 |   await act(async () => { tree = TestRenderer.create(<Harness {...props} />, { createNodeMock: () => ({ focus, setAttribute: jest.fn() }) }); });
         |                                               ^
      79 |   trees.push(tree);
      80 |   return tree;
      81 | };

      at Object.<anonymous>.process.env.NODE_ENV.exports.create (node_modules/react-test-renderer/cjs/react-test-renderer.development.js:14598:17)
      at src/components/event/__tests__/issue_3440_reply_reconciliation.implementor.test.tsx:78:47
      at Object.<anonymous>.process.env.NODE_ENV.exports.act (node_modules/react/cjs/react.development.js:789:22)
      at mount (src/components/event/__tests__/issue_3440_reply_reconciliation.implementor.test.tsx:78:9)
      at src/components/event/__tests__/issue_3440_reply_reconciliation.implementor.test.tsx:187:22

    console.error
      react-test-renderer is deprecated. See https://react.dev/warnings/react-test-renderer

      76 | const mount = async (props: HarnessProps = {}) => {
      77 |   let tree!: Renderer;
    > 78 |   await act(async () => { tree = TestRenderer.create(<Harness {...props} />, { createNodeMock: () => ({ focus, setAttribute: jest.fn() }) }); });
         |                                               ^
      79 |   trees.push(tree);
      80 |   return tree;
      81 | };

      at Object.<anonymous>.process.env.NODE_ENV.exports.create (node_modules/react-test-renderer/cjs/react-test-renderer.development.js:14598:17)
      at src/components/event/__tests__/issue_3440_reply_reconciliation.implementor.test.tsx:78:47
      at Object.<anonymous>.process.env.NODE_ENV.exports.act (node_modules/react/cjs/react.development.js:789:22)
      at mount (src/components/event/__tests__/issue_3440_reply_reconciliation.implementor.test.tsx:78:9)
      at src/components/event/__tests__/issue_3440_reply_reconciliation.implementor.test.tsx:187:22

    console.error
      react-test-renderer is deprecated. See https://react.dev/warnings/react-test-renderer

      76 | const mount = async (props: HarnessProps = {}) => {
      77 |   let tree!: Renderer;
    > 78 |   await act(async () => { tree = TestRenderer.create(<Harness {...props} />, { createNodeMock: () => ({ focus, setAttribute: jest.fn() }) }); });
         |                                               ^
      79 |   trees.push(tree);
      80 |   return tree;
      81 | };

      at Object.<anonymous>.process.env.NODE_ENV.exports.create (node_modules/react-test-renderer/cjs/react-test-renderer.development.js:14598:17)
      at src/components/event/__tests__/issue_3440_reply_reconciliation.implementor.test.tsx:78:47
      at Object.<anonymous>.process.env.NODE_ENV.exports.act (node_modules/react/cjs/react.development.js:789:22)
      at mount (src/components/event/__tests__/issue_3440_reply_reconciliation.implementor.test.tsx:78:9)
      at Object.<anonymous> (src/components/event/__tests__/issue_3440_reply_reconciliation.implementor.test.tsx:197:9)

    console.error
      react-test-renderer is deprecated. See https://react.dev/warnings/react-test-renderer

      76 | const mount = async (props: HarnessProps = {}) => {
      77 |   let tree!: Renderer;
    > 78 |   await act(async () => { tree = TestRenderer.create(<Harness {...props} />, { createNodeMock: () => ({ focus, setAttribute: jest.fn() }) }); });
         |                                               ^
      79 |   trees.push(tree);
      80 |   return tree;
      81 | };

      at Object.<anonymous>.process.env.NODE_ENV.exports.create (node_modules/react-test-renderer/cjs/react-test-renderer.development.js:14598:17)
      at src/components/event/__tests__/issue_3440_reply_reconciliation.implementor.test.tsx:78:47
      at Object.<anonymous>.process.env.NODE_ENV.exports.act (node_modules/react/cjs/react.development.js:789:22)
      at mount (src/components/event/__tests__/issue_3440_reply_reconciliation.implementor.test.tsx:78:9)
      at Object.<anonymous> (src/components/event/__tests__/issue_3440_reply_reconciliation.implementor.test.tsx:202:22)

    console.error
      react-test-renderer is deprecated. See https://react.dev/warnings/react-test-renderer

      76 | const mount = async (props: HarnessProps = {}) => {
      77 |   let tree!: Renderer;
    > 78 |   await act(async () => { tree = TestRenderer.create(<Harness {...props} />, { createNodeMock: () => ({ focus, setAttribute: jest.fn() }) }); });
         |                                               ^
      79 |   trees.push(tree);
      80 |   return tree;
      81 | };

      at Object.<anonymous>.process.env.NODE_ENV.exports.create (node_modules/react-test-renderer/cjs/react-test-renderer.development.js:14598:17)
      at src/components/event/__tests__/issue_3440_reply_reconciliation.implementor.test.tsx:78:47
      at Object.<anonymous>.process.env.NODE_ENV.exports.act (node_modules/react/cjs/react.development.js:789:22)
      at mount (src/components/event/__tests__/issue_3440_reply_reconciliation.implementor.test.tsx:78:9)
      at Object.<anonymous> (src/components/event/__tests__/issue_3440_reply_reconciliation.implementor.test.tsx:219:22)

    console.error
      react-test-renderer is deprecated. See https://react.dev/warnings/react-test-renderer

      76 | const mount = async (props: HarnessProps = {}) => {
      77 |   let tree!: Renderer;
    > 78 |   await act(async () => { tree = TestRenderer.create(<Harness {...props} />, { createNodeMock: () => ({ focus, setAttribute: jest.fn() }) }); });
         |                                               ^
      79 |   trees.push(tree);
      80 |   return tree;
      81 | };

      at Object.<anonymous>.process.env.NODE_ENV.exports.create (node_modules/react-test-renderer/cjs/react-test-renderer.development.js:14598:17)
      at src/components/event/__tests__/issue_3440_reply_reconciliation.implementor.test.tsx:78:47
      at Object.<anonymous>.process.env.NODE_ENV.exports.act (node_modules/react/cjs/react.development.js:789:22)
      at mount (src/components/event/__tests__/issue_3440_reply_reconciliation.implementor.test.tsx:78:9)
      at Object.<anonymous> (src/components/event/__tests__/issue_3440_reply_reconciliation.implementor.test.tsx:234:22)

PASS src/components/event/__tests__/issue_3284_event_refund_terms.implementor.test.tsx (21.679 s)
  ● Console

    console.error
      react-test-renderer is deprecated. See https://react.dev/warnings/react-test-renderer

      261 |   let tree!: Renderer;
      262 |   await act(async () => {
    > 263 |     tree = TestRenderer.create(element);
          |                         ^
      264 |   });
      265 |   return tree;
      266 | };

      at Object.<anonymous>.process.env.NODE_ENV.exports.create (node_modules/react-test-renderer/cjs/react-test-renderer.development.js:14598:17)
      at src/components/event/__tests__/issue_3284_event_refund_terms.implementor.test.tsx:263:25
      at Object.<anonymous>.process.env.NODE_ENV.exports.act (node_modules/react/cjs/react.development.js:789:22)
      at mount (src/components/event/__tests__/issue_3284_event_refund_terms.implementor.test.tsx:262:9)
      at Object.<anonymous> (src/components/event/__tests__/issue_3284_event_refund_terms.implementor.test.tsx:324:24)

    console.error
      react-test-renderer is deprecated. See https://react.dev/warnings/react-test-renderer

      261 |   let tree!: Renderer;
      262 |   await act(async () => {
    > 263 |     tree = TestRenderer.create(element);
          |                         ^
      264 |   });
      265 |   return tree;
      266 | };

      at Object.<anonymous>.process.env.NODE_ENV.exports.create (node_modules/react-test-renderer/cjs/react-test-renderer.development.js:14598:17)
      at src/components/event/__tests__/issue_3284_event_refund_terms.implementor.test.tsx:263:25
      at Object.<anonymous>.process.env.NODE_ENV.exports.act (node_modules/react/cjs/react.development.js:789:22)
      at mount (src/components/event/__tests__/issue_3284_event_refund_terms.implementor.test.tsx:262:9)
      at Object.<anonymous> (src/components/event/__tests__/issue_3284_event_refund_terms.implementor.test.tsx:350:24)

    console.error
      react-test-renderer is deprecated. See https://react.dev/warnings/react-test-renderer

      261 |   let tree!: Renderer;
      262 |   await act(async () => {
    > 263 |     tree = TestRenderer.create(element);
          |                         ^
      264 |   });
      265 |   return tree;
      266 | };

      at Object.<anonymous>.process.env.NODE_ENV.exports.create (node_modules/react-test-renderer/cjs/react-test-renderer.development.js:14598:17)
      at src/components/event/__tests__/issue_3284_event_refund_terms.implementor.test.tsx:263:25
      at Object.<anonymous>.process.env.NODE_ENV.exports.act (node_modules/react/cjs/react.development.js:789:22)
      at mount (src/components/event/__tests__/issue_3284_event_refund_terms.implementor.test.tsx:262:9)
      at Object.<anonymous> (src/components/event/__tests__/issue_3284_event_refund_terms.implementor.test.tsx:379:24)

    console.error
      react-test-renderer is deprecated. See https://react.dev/warnings/react-test-renderer

      261 |   let tree!: Renderer;
      262 |   await act(async () => {
    > 263 |     tree = TestRenderer.create(element);
          |                         ^
      264 |   });
      265 |   return tree;
      266 | };

      at Object.<anonymous>.process.env.NODE_ENV.exports.create (node_modules/react-test-renderer/cjs/react-test-renderer.development.js:14598:17)
      at src/components/event/__tests__/issue_3284_event_refund_terms.implementor.test.tsx:263:25
      at Object.<anonymous>.process.env.NODE_ENV.exports.act (node_modules/react/cjs/react.development.js:789:22)
      at mount (src/components/event/__tests__/issue_3284_event_refund_terms.implementor.test.tsx:262:9)
      at Object.<anonymous> (src/components/event/__tests__/issue_3284_event_refund_terms.implementor.test.tsx:397:24)

    console.error
      react-test-renderer is deprecated. See https://react.dev/warnings/react-test-renderer

      261 |   let tree!: Renderer;
      262 |   await act(async () => {
    > 263 |     tree = TestRenderer.create(element);
          |                         ^
      264 |   });
      265 |   return tree;
      266 | };

      at Object.<anonymous>.process.env.NODE_ENV.exports.create (node_modules/react-test-renderer/cjs/react-test-renderer.development.js:14598:17)
      at src/components/event/__tests__/issue_3284_event_refund_terms.implementor.test.tsx:263:25
      at Object.<anonymous>.process.env.NODE_ENV.exports.act (node_modules/react/cjs/react.development.js:789:22)
      at mount (src/components/event/__tests__/issue_3284_event_refund_terms.implementor.test.tsx:262:9)
      at renderSettings (src/components/event/__tests__/issue_3284_event_refund_terms.implementor.test.tsx:419:5)
      at Object.<anonymous> (src/components/event/__tests__/issue_3284_event_refund_terms.implementor.test.tsx:437:24)

    console.error
      react-test-renderer is deprecated. See https://react.dev/warnings/react-test-renderer

      261 |   let tree!: Renderer;
      262 |   await act(async () => {
    > 263 |     tree = TestRenderer.create(element);
          |                         ^
      264 |   });
      265 |   return tree;
      266 | };

      at Object.<anonymous>.process.env.NODE_ENV.exports.create (node_modules/react-test-renderer/cjs/react-test-renderer.development.js:14598:17)
      at src/components/event/__tests__/issue_3284_event_refund_terms.implementor.test.tsx:263:25
      at Object.<anonymous>.process.env.NODE_ENV.exports.act (node_modules/react/cjs/react.development.js:789:22)
      at mount (src/components/event/__tests__/issue_3284_event_refund_terms.implementor.test.tsx:262:9)
      at renderSettings (src/components/event/__tests__/issue_3284_event_refund_terms.implementor.test.tsx:419:5)
      at Object.<anonymous> (src/components/event/__tests__/issue_3284_event_refund_terms.implementor.test.tsx:455:24)

    console.error
      react-test-renderer is deprecated. See https://react.dev/warnings/react-test-renderer

      261 |   let tree!: Renderer;
      262 |   await act(async () => {
    > 263 |     tree = TestRenderer.create(element);
          |                         ^
      264 |   });
      265 |   return tree;
      266 | };

      at Object.<anonymous>.process.env.NODE_ENV.exports.create (node_modules/react-test-renderer/cjs/react-test-renderer.development.js:14598:17)
      at src/components/event/__tests__/issue_3284_event_refund_terms.implementor.test.tsx:263:25
      at Object.<anonymous>.process.env.NODE_ENV.exports.act (node_modules/react/cjs/react.development.js:789:22)
      at mount (src/components/event/__tests__/issue_3284_event_refund_terms.implementor.test.tsx:262:9)
      at renderSettings (src/components/event/__tests__/issue_3284_event_refund_terms.implementor.test.tsx:419:5)
      at Object.<anonymous> (src/components/event/__tests__/issue_3284_event_refund_terms.implementor.test.tsx:462:24)

    console.error
      react-test-renderer is deprecated. See https://react.dev/warnings/react-test-renderer

      261 |   let tree!: Renderer;
      262 |   await act(async () => {
    > 263 |     tree = TestRenderer.create(element);
          |                         ^
      264 |   });
      265 |   return tree;
      266 | };

      at Object.<anonymous>.process.env.NODE_ENV.exports.create (node_modules/react-test-renderer/cjs/react-test-renderer.development.js:14598:17)
      at src/components/event/__tests__/issue_3284_event_refund_terms.implementor.test.tsx:263:25
      at Object.<anonymous>.process.env.NODE_ENV.exports.act (node_modules/react/cjs/react.development.js:789:22)
      at mount (src/components/event/__tests__/issue_3284_event_refund_terms.implementor.test.tsx:262:9)
      at openAndEdit (src/components/event/__tests__/issue_3284_event_refund_terms.implementor.test.tsx:771:24)
      at Object.<anonymous> (src/components/event/__tests__/issue_3284_event_refund_terms.implementor.test.tsx:815:24)

    console.error
      react-test-renderer is deprecated. See https://react.dev/warnings/react-test-renderer

      261 |   let tree!: Renderer;
      262 |   await act(async () => {
    > 263 |     tree = TestRenderer.create(element);
          |                         ^
      264 |   });
      265 |   return tree;
      266 | };

      at Object.<anonymous>.process.env.NODE_ENV.exports.create (node_modules/react-test-renderer/cjs/react-test-renderer.development.js:14598:17)
      at src/components/event/__tests__/issue_3284_event_refund_terms.implementor.test.tsx:263:25
      at Object.<anonymous>.process.env.NODE_ENV.exports.act (node_modules/react/cjs/react.development.js:789:22)
      at mount (src/components/event/__tests__/issue_3284_event_refund_terms.implementor.test.tsx:262:9)
      at openAndEdit (src/components/event/__tests__/issue_3284_event_refund_terms.implementor.test.tsx:771:24)
      at Object.<anonymous> (src/components/event/__tests__/issue_3284_event_refund_terms.implementor.test.tsx:840:24)

    console.error
      react-test-renderer is deprecated. See https://react.dev/warnings/react-test-renderer

      261 |   let tree!: Renderer;
      262 |   await act(async () => {
    > 263 |     tree = TestRenderer.create(element);
          |                         ^
      264 |   });
      265 |   return tree;
      266 | };

      at Object.<anonymous>.process.env.NODE_ENV.exports.create (node_modules/react-test-renderer/cjs/react-test-renderer.development.js:14598:17)
      at src/components/event/__tests__/issue_3284_event_refund_terms.implementor.test.tsx:263:25
      at Object.<anonymous>.process.env.NODE_ENV.exports.act (node_modules/react/cjs/react.development.js:789:22)
      at mount (src/components/event/__tests__/issue_3284_event_refund_terms.implementor.test.tsx:262:9)
      at openAndEdit (src/components/event/__tests__/issue_3284_event_refund_terms.implementor.test.tsx:771:24)
      at Object.<anonymous> (src/components/event/__tests__/issue_3284_event_refund_terms.implementor.test.tsx:856:24)

    console.error
      react-test-renderer is deprecated. See https://react.dev/warnings/react-test-renderer

      261 |   let tree!: Renderer;
      262 |   await act(async () => {
    > 263 |     tree = TestRenderer.create(element);
          |                         ^
      264 |   });
      265 |   return tree;
      266 | };

      at Object.<anonymous>.process.env.NODE_ENV.exports.create (node_modules/react-test-renderer/cjs/react-test-renderer.development.js:14598:17)
      at src/components/event/__tests__/issue_3284_event_refund_terms.implementor.test.tsx:263:25
      at Object.<anonymous>.process.env.NODE_ENV.exports.act (node_modules/react/cjs/react.development.js:789:22)
      at mount (src/components/event/__tests__/issue_3284_event_refund_terms.implementor.test.tsx:262:9)
      at openAndEdit (src/components/event/__tests__/issue_3284_event_refund_terms.implementor.test.tsx:771:24)
      at Object.<anonymous> (src/components/event/__tests__/issue_3284_event_refund_terms.implementor.test.tsx:875:24)

PASS src/components/event/__tests__/PublicEventPage.closeButton.adversarial.test.tsx (11.394 s)
PASS src/components/event/__tests__/orch_1027_web_datetime_native_input.test.tsx (16.109 s)
  ● Console

    console.error
      react-test-renderer is deprecated. See https://react.dev/warnings/react-test-renderer

      119 |   const mount = async (): Promise<void> => {
      120 |     await TestRenderer.act(async () => {
    > 121 |       tree = TestRenderer.create(
          |                           ^
      122 |         React.createElement(CreatorStep2When, {
      123 |           draft: singleDraft(),
      124 |           updateDraft: (patch: Patch) => {

      at Object.<anonymous>.process.env.NODE_ENV.exports.create (node_modules/react-test-renderer/cjs/react-test-renderer.development.js:14598:17)
      at src/components/event/__tests__/orch_1027_web_datetime_native_input.test.tsx:121:27
      at Object.<anonymous>.process.env.NODE_ENV.exports.act (node_modules/react/cjs/react.development.js:789:22)
      at mount (src/components/event/__tests__/orch_1027_web_datetime_native_input.test.tsx:120:24)
      at Object.<anonymous> (src/components/event/__tests__/orch_1027_web_datetime_native_input.test.tsx:155:11)

    console.error
      react-test-renderer is deprecated. See https://react.dev/warnings/react-test-renderer

      119 |   const mount = async (): Promise<void> => {
      120 |     await TestRenderer.act(async () => {
    > 121 |       tree = TestRenderer.create(
          |                           ^
      122 |         React.createElement(CreatorStep2When, {
      123 |           draft: singleDraft(),
      124 |           updateDraft: (patch: Patch) => {

      at Object.<anonymous>.process.env.NODE_ENV.exports.create (node_modules/react-test-renderer/cjs/react-test-renderer.development.js:14598:17)
      at src/components/event/__tests__/orch_1027_web_datetime_native_input.test.tsx:121:27
      at Object.<anonymous>.process.env.NODE_ENV.exports.act (node_modules/react/cjs/react.development.js:789:22)
      at mount (src/components/event/__tests__/orch_1027_web_datetime_native_input.test.tsx:120:24)
      at Object.<anonymous> (src/components/event/__tests__/orch_1027_web_datetime_native_input.test.tsx:180:11)

PASS src/components/event/__tests__/issue_3315_when_step_repeat_day.test.tsx (15.599 s)
  ● Console

    console.error
      react-test-renderer is deprecated. See https://react.dev/warnings/react-test-renderer

      94 |   let tree: Tree | undefined;
      95 |   await TestRenderer.act(async () => {
    > 96 |     tree = TestRenderer.create(
         |                         ^
      97 |       React.createElement(Harness, {
      98 |         initial: {
      99 |           ...buildDraftEvent("brand_3315"),

      at Object.<anonymous>.process.env.NODE_ENV.exports.create (node_modules/react-test-renderer/cjs/react-test-renderer.development.js:14598:17)
      at src/components/event/__tests__/issue_3315_when_step_repeat_day.test.tsx:96:25
      at Object.<anonymous>.process.env.NODE_ENV.exports.act (node_modules/react/cjs/react.development.js:789:22)
      at mount (src/components/event/__tests__/issue_3315_when_step_repeat_day.test.tsx:95:22)
      at Object.<anonymous> (src/components/event/__tests__/issue_3315_when_step_repeat_day.test.tsx:138:24)

    console.error
      react-test-renderer is deprecated. See https://react.dev/warnings/react-test-renderer

      94 |   let tree: Tree | undefined;
      95 |   await TestRenderer.act(async () => {
    > 96 |     tree = TestRenderer.create(
         |                         ^
      97 |       React.createElement(Harness, {
      98 |         initial: {
      99 |           ...buildDraftEvent("brand_3315"),

      at Object.<anonymous>.process.env.NODE_ENV.exports.create (node_modules/react-test-renderer/cjs/react-test-renderer.development.js:14598:17)
      at src/components/event/__tests__/issue_3315_when_step_repeat_day.test.tsx:96:25
      at Object.<anonymous>.process.env.NODE_ENV.exports.act (node_modules/react/cjs/react.development.js:789:22)
      at mount (src/components/event/__tests__/issue_3315_when_step_repeat_day.test.tsx:95:22)
      at Object.<anonymous> (src/components/event/__tests__/issue_3315_when_step_repeat_day.test.tsx:154:24)

    console.error
      react-test-renderer is deprecated. See https://react.dev/warnings/react-test-renderer

      94 |   let tree: Tree | undefined;
      95 |   await TestRenderer.act(async () => {
    > 96 |     tree = TestRenderer.create(
         |                         ^
      97 |       React.createElement(Harness, {
      98 |         initial: {
      99 |           ...buildDraftEvent("brand_3315"),

      at Object.<anonymous>.process.env.NODE_ENV.exports.create (node_modules/react-test-renderer/cjs/react-test-renderer.development.js:14598:17)
      at src/components/event/__tests__/issue_3315_when_step_repeat_day.test.tsx:96:25
      at Object.<anonymous>.process.env.NODE_ENV.exports.act (node_modules/react/cjs/react.development.js:789:22)
      at mount (src/components/event/__tests__/issue_3315_when_step_repeat_day.test.tsx:95:22)
      at Object.<anonymous> (src/components/event/__tests__/issue_3315_when_step_repeat_day.test.tsx:174:24)

    console.error
      react-test-renderer is deprecated. See https://react.dev/warnings/react-test-renderer

      94 |   let tree: Tree | undefined;
      95 |   await TestRenderer.act(async () => {
    > 96 |     tree = TestRenderer.create(
         |                         ^
      97 |       React.createElement(Harness, {
      98 |         initial: {
      99 |           ...buildDraftEvent("brand_3315"),

      at Object.<anonymous>.process.env.NODE_ENV.exports.create (node_modules/react-test-renderer/cjs/react-test-renderer.development.js:14598:17)
      at src/components/event/__tests__/issue_3315_when_step_repeat_day.test.tsx:96:25
      at Object.<anonymous>.process.env.NODE_ENV.exports.act (node_modules/react/cjs/react.development.js:789:22)
      at mount (src/components/event/__tests__/issue_3315_when_step_repeat_day.test.tsx:95:22)
      at Object.<anonymous> (src/components/event/__tests__/issue_3315_when_step_repeat_day.test.tsx:188:24)

PASS src/components/event/__tests__/EventRouteKeystrokeSurvives.orch0976.test.tsx (19.764 s)
  ● Console

    console.warn
      [netinfoSafe] RNCNetInfo native module unavailable — treating network state as online until the next native build ships it. TypeError: Cannot read properties of undefined (reading 'RNCNetInfo')
          at Object.RNCNetInfo (/Users/sethogieva/Desktop/mingla-orchs/3416-independent-retest/mingla-business/node_modules/@react-native-community/netinfo/lib/commonjs/internal/nativeModule.ts:13:55)
          at Runtime._execModule (/Users/sethogieva/Desktop/mingla-orchs/3416-independent-retest/mingla-business/node_modules/jest-runtime/build/index.js:1439:24)
          at Runtime._loadModule (/Users/sethogieva/Desktop/mingla-orchs/3416-independent-retest/mingla-business/node_modules/jest-runtime/build/index.js:1022:12)
          at Runtime.requireModule (/Users/sethogieva/Desktop/mingla-orchs/3416-independent-retest/mingla-business/node_modules/jest-runtime/build/index.js:882:12)
          at Runtime.requireModuleOrMock (/Users/sethogieva/Desktop/mingla-orchs/3416-independent-retest/mingla-business/node_modules/jest-runtime/build/index.js:1048:21)
          at Object.<anonymous> (/Users/sethogieva/Desktop/mingla-orchs/3416-independent-retest/mingla-business/node_modules/@react-native-community/netinfo/lib/commonjs/internal/nativeInterface.ts:11:1)
          at Runtime._execModule (/Users/sethogieva/Desktop/mingla-orchs/3416-independent-retest/mingla-business/node_modules/jest-runtime/build/index.js:1439:24)
          at Runtime._loadModule (/Users/sethogieva/Desktop/mingla-orchs/3416-independent-retest/mingla-business/node_modules/jest-runtime/build/index.js:1022:12)
          at Runtime.requireModule (/Users/sethogieva/Desktop/mingla-orchs/3416-independent-retest/mingla-business/node_modules/jest-runtime/build/index.js:882:12)
          at Runtime.requireModuleOrMock (/Users/sethogieva/Desktop/mingla-orchs/3416-independent-retest/mingla-business/node_modules/jest-runtime/build/index.js:1048:21)
          at Object.<anonymous> (/Users/sethogieva/Desktop/mingla-orchs/3416-independent-retest/mingla-business/node_modules/@react-native-community/netinfo/lib/commonjs/index.ts:13:1)
          at Runtime._execModule (/Users/sethogieva/Desktop/mingla-orchs/3416-independent-retest/mingla-business/node_modules/jest-runtime/build/index.js:1439:24)
          at Runtime._loadModule (/Users/sethogieva/Desktop/mingla-orchs/3416-independent-retest/mingla-business/node_modules/jest-runtime/build/index.js:1022:12)
          at Runtime.requireModule (/Users/sethogieva/Desktop/mingla-orchs/3416-independent-retest/mingla-business/node_modules/jest-runtime/build/index.js:882:12)
          at Runtime.requireModuleOrMock (/Users/sethogieva/Desktop/mingla-orchs/3416-independent-retest/mingla-business/node_modules/jest-runtime/build/index.js:1048:21)
          at loadUseNetInfo (/Users/sethogieva/Desktop/mingla-orchs/3416-independent-retest/mingla-business/src/lib/netinfoSafe.ts:42:17)
          at Object.<anonymous> (/Users/sethogieva/Desktop/mingla-orchs/3416-independent-retest/mingla-business/src/lib/netinfoSafe.ts:64:26)
          at Runtime._execModule (/Users/sethogieva/Desktop/mingla-orchs/3416-independent-retest/mingla-business/node_modules/jest-runtime/build/index.js:1439:24)
          at Runtime._loadModule (/Users/sethogieva/Desktop/mingla-orchs/3416-independent-retest/mingla-business/node_modules/jest-runtime/build/index.js:1022:12)
          at Runtime.requireModule (/Users/sethogieva/Desktop/mingla-orchs/3416-independent-retest/mingla-business/node_modules/jest-runtime/build/index.js:882:12)
          at Runtime.requireModuleOrMock (/Users/sethogieva/Desktop/mingla-orchs/3416-independent-retest/mingla-business/node_modules/jest-runtime/build/index.js:1048:21)
          at Object.<anonymous> (/Users/sethogieva/Desktop/mingla-orchs/3416-independent-retest/mingla-business/src/hooks/useBusinessRecentReader.ts:7:1)
          at Runtime._execModule (/Users/sethogieva/Desktop/mingla-orchs/3416-independent-retest/mingla-business/node_modules/jest-runtime/build/index.js:1439:24)
          at Runtime._loadModule (/Users/sethogieva/Desktop/mingla-orchs/3416-independent-retest/mingla-business/node_modules/jest-runtime/build/index.js:1022:12)
          at Runtime.requireModule (/Users/sethogieva/Desktop/mingla-orchs/3416-independent-retest/mingla-business/node_modules/jest-runtime/build/index.js:882:12)
          at Runtime.requireModuleOrMock (/Users/sethogieva/Desktop/mingla-orchs/3416-independent-retest/mingla-business/node_modules/jest-runtime/build/index.js:1048:21)
          at Object.<anonymous> (/Users/sethogieva/Desktop/mingla-orchs/3416-independent-retest/mingla-business/src/hooks/useBusinessRecent.ts:6:1)
          at Runtime._execModule (/Users/sethogieva/Desktop/mingla-orchs/3416-independent-retest/mingla-business/node_modules/jest-runtime/build/index.js:1439:24)
          at Runtime._loadModule (/Users/sethogieva/Desktop/mingla-orchs/3416-independent-retest/mingla-business/node_modules/jest-runtime/build/index.js:1022:12)
          at Runtime.requireModule (/Users/sethogieva/Desktop/mingla-orchs/3416-independent-retest/mingla-business/node_modules/jest-runtime/build/index.js:882:12)
          at Runtime.requireModuleOrMock (/Users/sethogieva/Desktop/mingla-orchs/3416-independent-retest/mingla-business/node_modules/jest-runtime/build/index.js:1048:21)
          at Object.<anonymous> (/Users/sethogieva/Desktop/mingla-orchs/3416-independent-retest/mingla-business/app/event/[id]/edit.tsx:59:1)
          at Runtime._execModule (/Users/sethogieva/Desktop/mingla-orchs/3416-independent-retest/mingla-business/node_modules/jest-runtime/build/index.js:1439:24)
          at Runtime._loadModule (/Users/sethogieva/Desktop/mingla-orchs/3416-independent-retest/mingla-business/node_modules/jest-runtime/build/index.js:1022:12)
          at Runtime.requireModule (/Users/sethogieva/Desktop/mingla-orchs/3416-independent-retest/mingla-business/node_modules/jest-runtime/build/index.js:882:12)
          at Runtime.requireModuleOrMock (/Users/sethogieva/Desktop/mingla-orchs/3416-independent-retest/mingla-business/node_modules/jest-runtime/build/index.js:1048:21)
          at Object.<anonymous> (/Users/sethogieva/Desktop/mingla-orchs/3416-independent-retest/mingla-business/src/components/event/__tests__/EventRouteKeystrokeSurvives.orch0976.test.tsx:235:1)
          at Runtime._execModule (/Users/sethogieva/Desktop/mingla-orchs/3416-independent-retest/mingla-business/node_modules/jest-runtime/build/index.js:1439:24)
          at Runtime._loadModule (/Users/sethogieva/Desktop/mingla-orchs/3416-independent-retest/mingla-business/node_modules/jest-runtime/build/index.js:1022:12)
          at Runtime.requireModule (/Users/sethogieva/Desktop/mingla-orchs/3416-independent-retest/mingla-business/node_modules/jest-runtime/build/index.js:882:12)
          at jestAdapter (/Users/sethogieva/Desktop/mingla-orchs/3416-independent-retest/mingla-business/node_modules/jest-circus/build/legacy-code-todo-rewrite/jestAdapter.js:77:13)
          at processTicksAndRejections (node:internal/process/task_queues:103:5)
          at runTestInternal (/Users/sethogieva/Desktop/mingla-orchs/3416-independent-retest/mingla-business/node_modules/jest-runner/build/runTest.js:367:16)
          at runTest (/Users/sethogieva/Desktop/mingla-orchs/3416-independent-retest/mingla-business/node_modules/jest-runner/build/runTest.js:444:34)
          at Object.worker (/Users/sethogieva/Desktop/mingla-orchs/3416-independent-retest/mingla-business/node_modules/jest-runner/build/testWorker.js:106:12)

      54 |     // module). NOT silent (Constitution #3): one boot-time warn keeps the
      55 |     // degrade diagnosable without crashing route eval.
    > 56 |     console.warn(
         |             ^
      57 |       "[netinfoSafe] RNCNetInfo native module unavailable — treating network state as online until the next native build ships it.",
      58 |       err,
      59 |     );

      at loadUseNetInfo (src/lib/netinfoSafe.ts:56:13)
      at Object.<anonymous> (src/lib/netinfoSafe.ts:64:26)
      at Object.<anonymous> (src/hooks/useBusinessRecentReader.ts:7:1)
      at Object.<anonymous> (src/hooks/useBusinessRecent.ts:6:1)
      at Object.<anonymous> (app/event/[id]/edit.tsx:59:1)
      at Object.<anonymous> (src/components/event/__tests__/EventRouteKeystrokeSurvives.orch0976.test.tsx:235:1)

    console.error
      react-test-renderer is deprecated. See https://react.dev/warnings/react-test-renderer

      324 |
      325 |     await TestRenderer.act(async () => {
    > 326 |       tree = TestRenderer.create(<RouteHost />);
          |                           ^
      327 |     });
      328 |     await flush();
      329 |

      at Object.<anonymous>.process.env.NODE_ENV.exports.create (node_modules/react-test-renderer/cjs/react-test-renderer.development.js:14598:17)
      at src/components/event/__tests__/EventRouteKeystrokeSurvives.orch0976.test.tsx:326:27
      at Object.<anonymous>.process.env.NODE_ENV.exports.act (node_modules/react/cjs/react.development.js:789:22)
      at Object.<anonymous> (src/components/event/__tests__/EventRouteKeystrokeSurvives.orch0976.test.tsx:325:24)

    console.warn
      [Recent] optimistic presentation cache write failed

      140 |       localDraft,
      141 |     }).catch(() => {
    > 142 |       console.warn("[Recent] optimistic presentation cache write failed");
          |               ^
      143 |     });
      144 |     if (!localDraft && network?.isConnected !== false) {
      145 |       void recordBusinessRecentOpen({

      at src/hooks/useBusinessRecentWriter.ts:142:15

PASS src/components/event/__tests__/TicketTierEditSheet.issue2664.happy.test.tsx (17.699 s)
  ● Console

    console.error
      react-test-renderer is deprecated. See https://react.dev/warnings/react-test-renderer

      141 |   let tree: Tree | undefined;
      142 |   await TestRenderer.act(() => {
    > 143 |     tree = TestRenderer.create(
          |                         ^
      144 |       <TicketTierEditSheet
      145 |         visible
      146 |         initial={initial}

      at Object.<anonymous>.process.env.NODE_ENV.exports.create (node_modules/react-test-renderer/cjs/react-test-renderer.development.js:14598:17)
      at src/components/event/__tests__/TicketTierEditSheet.issue2664.happy.test.tsx:143:25
      at Object.<anonymous>.process.env.NODE_ENV.exports.act (node_modules/react/cjs/react.development.js:789:22)
      at mount (src/components/event/__tests__/TicketTierEditSheet.issue2664.happy.test.tsx:142:22)
      at Object.<anonymous> (src/components/event/__tests__/TicketTierEditSheet.issue2664.happy.test.tsx:224:24)

    console.error
      react-test-renderer is deprecated. See https://react.dev/warnings/react-test-renderer

      141 |   let tree: Tree | undefined;
      142 |   await TestRenderer.act(() => {
    > 143 |     tree = TestRenderer.create(
          |                         ^
      144 |       <TicketTierEditSheet
      145 |         visible
      146 |         initial={initial}

      at Object.<anonymous>.process.env.NODE_ENV.exports.create (node_modules/react-test-renderer/cjs/react-test-renderer.development.js:14598:17)
      at src/components/event/__tests__/TicketTierEditSheet.issue2664.happy.test.tsx:143:25
      at Object.<anonymous>.process.env.NODE_ENV.exports.act (node_modules/react/cjs/react.development.js:789:22)
      at mount (src/components/event/__tests__/TicketTierEditSheet.issue2664.happy.test.tsx:142:22)
      at Object.<anonymous> (src/components/event/__tests__/TicketTierEditSheet.issue2664.happy.test.tsx:234:24)

    console.error
      react-test-renderer is deprecated. See https://react.dev/warnings/react-test-renderer

      141 |   let tree: Tree | undefined;
      142 |   await TestRenderer.act(() => {
    > 143 |     tree = TestRenderer.create(
          |                         ^
      144 |       <TicketTierEditSheet
      145 |         visible
      146 |         initial={initial}

      at Object.<anonymous>.process.env.NODE_ENV.exports.create (node_modules/react-test-renderer/cjs/react-test-renderer.development.js:14598:17)
      at src/components/event/__tests__/TicketTierEditSheet.issue2664.happy.test.tsx:143:25
      at Object.<anonymous>.process.env.NODE_ENV.exports.act (node_modules/react/cjs/react.development.js:789:22)
      at mount (src/components/event/__tests__/TicketTierEditSheet.issue2664.happy.test.tsx:142:22)
      at Object.<anonymous> (src/components/event/__tests__/TicketTierEditSheet.issue2664.happy.test.tsx:251:24)

    console.error
      react-test-renderer is deprecated. See https://react.dev/warnings/react-test-renderer

      141 |   let tree: Tree | undefined;
      142 |   await TestRenderer.act(() => {
    > 143 |     tree = TestRenderer.create(
          |                         ^
      144 |       <TicketTierEditSheet
      145 |         visible
      146 |         initial={initial}

      at Object.<anonymous>.process.env.NODE_ENV.exports.create (node_modules/react-test-renderer/cjs/react-test-renderer.development.js:14598:17)
      at src/components/event/__tests__/TicketTierEditSheet.issue2664.happy.test.tsx:143:25
      at Object.<anonymous>.process.env.NODE_ENV.exports.act (node_modules/react/cjs/react.development.js:789:22)
      at mount (src/components/event/__tests__/TicketTierEditSheet.issue2664.happy.test.tsx:142:22)
      at Object.<anonymous> (src/components/event/__tests__/TicketTierEditSheet.issue2664.happy.test.tsx:277:24)

    console.error
      react-test-renderer is deprecated. See https://react.dev/warnings/react-test-renderer

      141 |   let tree: Tree | undefined;
      142 |   await TestRenderer.act(() => {
    > 143 |     tree = TestRenderer.create(
          |                         ^
      144 |       <TicketTierEditSheet
      145 |         visible
      146 |         initial={initial}

      at Object.<anonymous>.process.env.NODE_ENV.exports.create (node_modules/react-test-renderer/cjs/react-test-renderer.development.js:14598:17)
      at src/components/event/__tests__/TicketTierEditSheet.issue2664.happy.test.tsx:143:25
      at Object.<anonymous>.process.env.NODE_ENV.exports.act (node_modules/react/cjs/react.development.js:789:22)
      at mount (src/components/event/__tests__/TicketTierEditSheet.issue2664.happy.test.tsx:142:22)
      at Object.<anonymous> (src/components/event/__tests__/TicketTierEditSheet.issue2664.happy.test.tsx:296:24)

    console.error
      react-test-renderer is deprecated. See https://react.dev/warnings/react-test-renderer

      141 |   let tree: Tree | undefined;
      142 |   await TestRenderer.act(() => {
    > 143 |     tree = TestRenderer.create(
          |                         ^
      144 |       <TicketTierEditSheet
      145 |         visible
      146 |         initial={initial}

      at Object.<anonymous>.process.env.NODE_ENV.exports.create (node_modules/react-test-renderer/cjs/react-test-renderer.development.js:14598:17)
      at src/components/event/__tests__/TicketTierEditSheet.issue2664.happy.test.tsx:143:25
      at Object.<anonymous>.process.env.NODE_ENV.exports.act (node_modules/react/cjs/react.development.js:789:22)
      at mount (src/components/event/__tests__/TicketTierEditSheet.issue2664.happy.test.tsx:142:22)
      at Object.<anonymous> (src/components/event/__tests__/TicketTierEditSheet.issue2664.happy.test.tsx:321:24)

    console.error
      react-test-renderer is deprecated. See https://react.dev/warnings/react-test-renderer

      141 |   let tree: Tree | undefined;
      142 |   await TestRenderer.act(() => {
    > 143 |     tree = TestRenderer.create(
          |                         ^
      144 |       <TicketTierEditSheet
      145 |         visible
      146 |         initial={initial}

      at Object.<anonymous>.process.env.NODE_ENV.exports.create (node_modules/react-test-renderer/cjs/react-test-renderer.development.js:14598:17)
      at src/components/event/__tests__/TicketTierEditSheet.issue2664.happy.test.tsx:143:25
      at Object.<anonymous>.process.env.NODE_ENV.exports.act (node_modules/react/cjs/react.development.js:789:22)
      at mount (src/components/event/__tests__/TicketTierEditSheet.issue2664.happy.test.tsx:142:22)
      at Object.<anonymous> (src/components/event/__tests__/TicketTierEditSheet.issue2664.happy.test.tsx:339:24)

    console.error
      react-test-renderer is deprecated. See https://react.dev/warnings/react-test-renderer

      141 |   let tree: Tree | undefined;
      142 |   await TestRenderer.act(() => {
    > 143 |     tree = TestRenderer.create(
          |                         ^
      144 |       <TicketTierEditSheet
      145 |         visible
      146 |         initial={initial}

      at Object.<anonymous>.process.env.NODE_ENV.exports.create (node_modules/react-test-renderer/cjs/react-test-renderer.development.js:14598:17)
      at src/components/event/__tests__/TicketTierEditSheet.issue2664.happy.test.tsx:143:25
      at Object.<anonymous>.process.env.NODE_ENV.exports.act (node_modules/react/cjs/react.development.js:789:22)
      at mount (src/components/event/__tests__/TicketTierEditSheet.issue2664.happy.test.tsx:142:22)
      at Object.<anonymous> (src/components/event/__tests__/TicketTierEditSheet.issue2664.happy.test.tsx:357:24)

    console.error
      react-test-renderer is deprecated. See https://react.dev/warnings/react-test-renderer

      141 |   let tree: Tree | undefined;
      142 |   await TestRenderer.act(() => {
    > 143 |     tree = TestRenderer.create(
          |                         ^
      144 |       <TicketTierEditSheet
      145 |         visible
      146 |         initial={initial}

      at Object.<anonymous>.process.env.NODE_ENV.exports.create (node_modules/react-test-renderer/cjs/react-test-renderer.development.js:14598:17)
      at src/components/event/__tests__/TicketTierEditSheet.issue2664.happy.test.tsx:143:25
      at Object.<anonymous>.process.env.NODE_ENV.exports.act (node_modules/react/cjs/react.development.js:789:22)
      at mount (src/components/event/__tests__/TicketTierEditSheet.issue2664.happy.test.tsx:142:22)
      at Object.<anonymous> (src/components/event/__tests__/TicketTierEditSheet.issue2664.happy.test.tsx:372:27)

    console.error
      react-test-renderer is deprecated. See https://react.dev/warnings/react-test-renderer

      141 |   let tree: Tree | undefined;
      142 |   await TestRenderer.act(() => {
    > 143 |     tree = TestRenderer.create(
          |                         ^
      144 |       <TicketTierEditSheet
      145 |         visible
      146 |         initial={initial}

      at Object.<anonymous>.process.env.NODE_ENV.exports.create (node_modules/react-test-renderer/cjs/react-test-renderer.development.js:14598:17)
      at src/components/event/__tests__/TicketTierEditSheet.issue2664.happy.test.tsx:143:25
      at Object.<anonymous>.process.env.NODE_ENV.exports.act (node_modules/react/cjs/react.development.js:789:22)
      at mount (src/components/event/__tests__/TicketTierEditSheet.issue2664.happy.test.tsx:142:22)
      at Object.<anonymous> (src/components/event/__tests__/TicketTierEditSheet.issue2664.happy.test.tsx:384:31)

    console.error
      react-test-renderer is deprecated. See https://react.dev/warnings/react-test-renderer

      141 |   let tree: Tree | undefined;
      142 |   await TestRenderer.act(() => {
    > 143 |     tree = TestRenderer.create(
          |                         ^
      144 |       <TicketTierEditSheet
      145 |         visible
      146 |         initial={initial}

      at Object.<anonymous>.process.env.NODE_ENV.exports.create (node_modules/react-test-renderer/cjs/react-test-renderer.development.js:14598:17)
      at src/components/event/__tests__/TicketTierEditSheet.issue2664.happy.test.tsx:143:25
      at Object.<anonymous>.process.env.NODE_ENV.exports.act (node_modules/react/cjs/react.development.js:789:22)
      at mount (src/components/event/__tests__/TicketTierEditSheet.issue2664.happy.test.tsx:142:22)
      at Object.<anonymous> (src/components/event/__tests__/TicketTierEditSheet.issue2664.happy.test.tsx:398:24)

PASS src/components/event/__tests__/issue_3314_hide_remaining_count.implementor.test.tsx
  ● Console

    console.error
      react-test-renderer is deprecated. See https://react.dev/warnings/react-test-renderer

      458 |   let renderer!: RendererInstance;
      459 |   act(() => {
    > 460 |     renderer = TestRenderer.create(element);
          |                             ^
      461 |   });
      462 |   mounted.push(renderer);
      463 |   return JSON.stringify(renderer.toJSON());

      at Object.<anonymous>.process.env.NODE_ENV.exports.create (node_modules/react-test-renderer/cjs/react-test-renderer.development.js:14598:17)
      at src/components/event/__tests__/issue_3314_hide_remaining_count.implementor.test.tsx:460:29
      at Object.<anonymous>.process.env.NODE_ENV.exports.act (node_modules/react/cjs/react.development.js:789:22)
      at mount (src/components/event/__tests__/issue_3314_hide_remaining_count.implementor.test.tsx:459:3)
      at Object.<anonymous> (src/components/event/__tests__/issue_3314_hide_remaining_count.implementor.test.tsx:580:18)

    console.error
      react-test-renderer is deprecated. See https://react.dev/warnings/react-test-renderer

      458 |   let renderer!: RendererInstance;
      459 |   act(() => {
    > 460 |     renderer = TestRenderer.create(element);
          |                             ^
      461 |   });
      462 |   mounted.push(renderer);
      463 |   return JSON.stringify(renderer.toJSON());

      at Object.<anonymous>.process.env.NODE_ENV.exports.create (node_modules/react-test-renderer/cjs/react-test-renderer.development.js:14598:17)
      at src/components/event/__tests__/issue_3314_hide_remaining_count.implementor.test.tsx:460:29
      at Object.<anonymous>.process.env.NODE_ENV.exports.act (node_modules/react/cjs/react.development.js:789:22)
      at mount (src/components/event/__tests__/issue_3314_hide_remaining_count.implementor.test.tsx:459:3)
      at Object.<anonymous> (src/components/event/__tests__/issue_3314_hide_remaining_count.implementor.test.tsx:589:18)

    console.error
      react-test-renderer is deprecated. See https://react.dev/warnings/react-test-renderer

      458 |   let renderer!: RendererInstance;
      459 |   act(() => {
    > 460 |     renderer = TestRenderer.create(element);
          |                             ^
      461 |   });
      462 |   mounted.push(renderer);
      463 |   return JSON.stringify(renderer.toJSON());

      at Object.<anonymous>.process.env.NODE_ENV.exports.create (node_modules/react-test-renderer/cjs/react-test-renderer.development.js:14598:17)
      at src/components/event/__tests__/issue_3314_hide_remaining_count.implementor.test.tsx:460:29
      at Object.<anonymous>.process.env.NODE_ENV.exports.act (node_modules/react/cjs/react.development.js:789:22)
      at mount (src/components/event/__tests__/issue_3314_hide_remaining_count.implementor.test.tsx:459:3)
      at Object.<anonymous> (src/components/event/__tests__/issue_3314_hide_remaining_count.implementor.test.tsx:597:20)

    console.error
      react-test-renderer is deprecated. See https://react.dev/warnings/react-test-renderer

      458 |   let renderer!: RendererInstance;
      459 |   act(() => {
    > 460 |     renderer = TestRenderer.create(element);
          |                             ^
      461 |   });
      462 |   mounted.push(renderer);
      463 |   return JSON.stringify(renderer.toJSON());

      at Object.<anonymous>.process.env.NODE_ENV.exports.create (node_modules/react-test-renderer/cjs/react-test-renderer.development.js:14598:17)
      at src/components/event/__tests__/issue_3314_hide_remaining_count.implementor.test.tsx:460:29
      at Object.<anonymous>.process.env.NODE_ENV.exports.act (node_modules/react/cjs/react.development.js:789:22)
      at mount (src/components/event/__tests__/issue_3314_hide_remaining_count.implementor.test.tsx:459:3)
      at Object.<anonymous> (src/components/event/__tests__/issue_3314_hide_remaining_count.implementor.test.tsx:601:19)

    console.error
      react-test-renderer is deprecated. See https://react.dev/warnings/react-test-renderer

      458 |   let renderer!: RendererInstance;
      459 |   act(() => {
    > 460 |     renderer = TestRenderer.create(element);
          |                             ^
      461 |   });
      462 |   mounted.push(renderer);
      463 |   return JSON.stringify(renderer.toJSON());

      at Object.<anonymous>.process.env.NODE_ENV.exports.create (node_modules/react-test-renderer/cjs/react-test-renderer.development.js:14598:17)
      at src/components/event/__tests__/issue_3314_hide_remaining_count.implementor.test.tsx:460:29
      at Object.<anonymous>.process.env.NODE_ENV.exports.act (node_modules/react/cjs/react.development.js:789:22)
      at mount (src/components/event/__tests__/issue_3314_hide_remaining_count.implementor.test.tsx:459:3)
      at Object.<anonymous> (src/components/event/__tests__/issue_3314_hide_remaining_count.implementor.test.tsx:623:18)

    console.error
      react-test-renderer is deprecated. See https://react.dev/warnings/react-test-renderer

      458 |   let renderer!: RendererInstance;
      459 |   act(() => {
    > 460 |     renderer = TestRenderer.create(element);
          |                             ^
      461 |   });
      462 |   mounted.push(renderer);
      463 |   return JSON.stringify(renderer.toJSON());

      at Object.<anonymous>.process.env.NODE_ENV.exports.create (node_modules/react-test-renderer/cjs/react-test-renderer.development.js:14598:17)
      at src/components/event/__tests__/issue_3314_hide_remaining_count.implementor.test.tsx:460:29
      at Object.<anonymous>.process.env.NODE_ENV.exports.act (node_modules/react/cjs/react.development.js:789:22)
      at mount (src/components/event/__tests__/issue_3314_hide_remaining_count.implementor.test.tsx:459:3)
      at Object.<anonymous> (src/components/event/__tests__/issue_3314_hide_remaining_count.implementor.test.tsx:628:18)

    console.error
      react-test-renderer is deprecated. See https://react.dev/warnings/react-test-renderer

      458 |   let renderer!: RendererInstance;
      459 |   act(() => {
    > 460 |     renderer = TestRenderer.create(element);
          |                             ^
      461 |   });
      462 |   mounted.push(renderer);
      463 |   return JSON.stringify(renderer.toJSON());

      at Object.<anonymous>.process.env.NODE_ENV.exports.create (node_modules/react-test-renderer/cjs/react-test-renderer.development.js:14598:17)
      at src/components/event/__tests__/issue_3314_hide_remaining_count.implementor.test.tsx:460:29
      at Object.<anonymous>.process.env.NODE_ENV.exports.act (node_modules/react/cjs/react.development.js:789:22)
      at mount (src/components/event/__tests__/issue_3314_hide_remaining_count.implementor.test.tsx:459:3)
      at renderPage (src/components/event/__tests__/issue_3314_hide_remaining_count.implementor.test.tsx:636:5)
      at Object.<anonymous> (src/components/event/__tests__/issue_3314_hide_remaining_count.implementor.test.tsx:640:18)

    console.error
      react-test-renderer is deprecated. See https://react.dev/warnings/react-test-renderer

      458 |   let renderer!: RendererInstance;
      459 |   act(() => {
    > 460 |     renderer = TestRenderer.create(element);
          |                             ^
      461 |   });
      462 |   mounted.push(renderer);
      463 |   return JSON.stringify(renderer.toJSON());

      at Object.<anonymous>.process.env.NODE_ENV.exports.create (node_modules/react-test-renderer/cjs/react-test-renderer.development.js:14598:17)
      at src/components/event/__tests__/issue_3314_hide_remaining_count.implementor.test.tsx:460:29
      at Object.<anonymous>.process.env.NODE_ENV.exports.act (node_modules/react/cjs/react.development.js:789:22)
      at mount (src/components/event/__tests__/issue_3314_hide_remaining_count.implementor.test.tsx:459:3)
      at renderPage (src/components/event/__tests__/issue_3314_hide_remaining_count.implementor.test.tsx:636:5)
      at Object.<anonymous> (src/components/event/__tests__/issue_3314_hide_remaining_count.implementor.test.tsx:647:18)

    console.error
      react-test-renderer is deprecated. See https://react.dev/warnings/react-test-renderer

      458 |   let renderer!: RendererInstance;
      459 |   act(() => {
    > 460 |     renderer = TestRenderer.create(element);
          |                             ^
      461 |   });
      462 |   mounted.push(renderer);
      463 |   return JSON.stringify(renderer.toJSON());

      at Object.<anonymous>.process.env.NODE_ENV.exports.create (node_modules/react-test-renderer/cjs/react-test-renderer.development.js:14598:17)
      at src/components/event/__tests__/issue_3314_hide_remaining_count.implementor.test.tsx:460:29
      at Object.<anonymous>.process.env.NODE_ENV.exports.act (node_modules/react/cjs/react.development.js:789:22)
      at mount (src/components/event/__tests__/issue_3314_hide_remaining_count.implementor.test.tsx:459:3)
      at renderPage (src/components/event/__tests__/issue_3314_hide_remaining_count.implementor.test.tsx:636:5)
      at Object.<anonymous> (src/components/event/__tests__/issue_3314_hide_remaining_count.implementor.test.tsx:654:18)

    console.error
      react-test-renderer is deprecated. See https://react.dev/warnings/react-test-renderer

      458 |   let renderer!: RendererInstance;
      459 |   act(() => {
    > 460 |     renderer = TestRenderer.create(element);
          |                             ^
      461 |   });
      462 |   mounted.push(renderer);
      463 |   return JSON.stringify(renderer.toJSON());

      at Object.<anonymous>.process.env.NODE_ENV.exports.create (node_modules/react-test-renderer/cjs/react-test-renderer.development.js:14598:17)
      at src/components/event/__tests__/issue_3314_hide_remaining_count.implementor.test.tsx:460:29
      at Object.<anonymous>.process.env.NODE_ENV.exports.act (node_modules/react/cjs/react.development.js:789:22)
      at mount (src/components/event/__tests__/issue_3314_hide_remaining_count.implementor.test.tsx:459:3)
      at renderPage (src/components/event/__tests__/issue_3314_hide_remaining_count.implementor.test.tsx:636:5)
      at Object.<anonymous> (src/components/event/__tests__/issue_3314_hide_remaining_count.implementor.test.tsx:662:20)

    console.error
      react-test-renderer is deprecated. See https://react.dev/warnings/react-test-renderer

      458 |   let renderer!: RendererInstance;
      459 |   act(() => {
    > 460 |     renderer = TestRenderer.create(element);
          |                             ^
      461 |   });
      462 |   mounted.push(renderer);
      463 |   return JSON.stringify(renderer.toJSON());

      at Object.<anonymous>.process.env.NODE_ENV.exports.create (node_modules/react-test-renderer/cjs/react-test-renderer.development.js:14598:17)
      at src/components/event/__tests__/issue_3314_hide_remaining_count.implementor.test.tsx:460:29
      at Object.<anonymous>.process.env.NODE_ENV.exports.act (node_modules/react/cjs/react.development.js:789:22)
      at mount (src/components/event/__tests__/issue_3314_hide_remaining_count.implementor.test.tsx:459:3)
      at renderPage (src/components/event/__tests__/issue_3314_hide_remaining_count.implementor.test.tsx:636:5)
      at Object.<anonymous> (src/components/event/__tests__/issue_3314_hide_remaining_count.implementor.test.tsx:669:18)

PASS src/components/event/__tests__/issue_2135_multidate_public_day_picker.test.tsx (5.432 s)
  ● Console

    console.error
      react-test-renderer is deprecated. See https://react.dev/warnings/react-test-renderer

      346 |   let tree!: Renderer;
      347 |   await act(async () => {
    > 348 |     tree = TestRenderer.create(
          |                         ^
      349 |       <PublicEventPage
      350 |         event={liveEvent(whenMode) as never}
      351 |         brand={brand as never}

      at Object.<anonymous>.process.env.NODE_ENV.exports.create (node_modules/react-test-renderer/cjs/react-test-renderer.development.js:14598:17)
      at src/components/event/__tests__/issue_2135_multidate_public_day_picker.test.tsx:348:25
      at Object.<anonymous>.process.env.NODE_ENV.exports.act (node_modules/react/cjs/react.development.js:789:22)
      at mount (src/components/event/__tests__/issue_2135_multidate_public_day_picker.test.tsx:347:9)
      at Object.<anonymous> (src/components/event/__tests__/issue_2135_multidate_public_day_picker.test.tsx:398:18)

    console.error
      react-test-renderer is deprecated. See https://react.dev/warnings/react-test-renderer

      346 |   let tree!: Renderer;
      347 |   await act(async () => {
    > 348 |     tree = TestRenderer.create(
          |                         ^
      349 |       <PublicEventPage
      350 |         event={liveEvent(whenMode) as never}
      351 |         brand={brand as never}

      at Object.<anonymous>.process.env.NODE_ENV.exports.create (node_modules/react-test-renderer/cjs/react-test-renderer.development.js:14598:17)
      at src/components/event/__tests__/issue_2135_multidate_public_day_picker.test.tsx:348:25
      at Object.<anonymous>.process.env.NODE_ENV.exports.act (node_modules/react/cjs/react.development.js:789:22)
      at mount (src/components/event/__tests__/issue_2135_multidate_public_day_picker.test.tsx:347:9)
      at Object.<anonymous> (src/components/event/__tests__/issue_2135_multidate_public_day_picker.test.tsx:412:18)

    console.error
      react-test-renderer is deprecated. See https://react.dev/warnings/react-test-renderer

      346 |   let tree!: Renderer;
      347 |   await act(async () => {
    > 348 |     tree = TestRenderer.create(
          |                         ^
      349 |       <PublicEventPage
      350 |         event={liveEvent(whenMode) as never}
      351 |         brand={brand as never}

      at Object.<anonymous>.process.env.NODE_ENV.exports.create (node_modules/react-test-renderer/cjs/react-test-renderer.development.js:14598:17)
      at src/components/event/__tests__/issue_2135_multidate_public_day_picker.test.tsx:348:25
      at Object.<anonymous>.process.env.NODE_ENV.exports.act (node_modules/react/cjs/react.development.js:789:22)
      at mount (src/components/event/__tests__/issue_2135_multidate_public_day_picker.test.tsx:347:9)
      at Object.<anonymous> (src/components/event/__tests__/issue_2135_multidate_public_day_picker.test.tsx:431:18)

    console.error
      react-test-renderer is deprecated. See https://react.dev/warnings/react-test-renderer

      346 |   let tree!: Renderer;
      347 |   await act(async () => {
    > 348 |     tree = TestRenderer.create(
          |                         ^
      349 |       <PublicEventPage
      350 |         event={liveEvent(whenMode) as never}
      351 |         brand={brand as never}

      at Object.<anonymous>.process.env.NODE_ENV.exports.create (node_modules/react-test-renderer/cjs/react-test-renderer.development.js:14598:17)
      at src/components/event/__tests__/issue_2135_multidate_public_day_picker.test.tsx:348:25
      at Object.<anonymous>.process.env.NODE_ENV.exports.act (node_modules/react/cjs/react.development.js:789:22)
      at mount (src/components/event/__tests__/issue_2135_multidate_public_day_picker.test.tsx:347:9)
      at Object.<anonymous> (src/components/event/__tests__/issue_2135_multidate_public_day_picker.test.tsx:447:18)

    console.error
      react-test-renderer is deprecated. See https://react.dev/warnings/react-test-renderer

      346 |   let tree!: Renderer;
      347 |   await act(async () => {
    > 348 |     tree = TestRenderer.create(
          |                         ^
      349 |       <PublicEventPage
      350 |         event={liveEvent(whenMode) as never}
      351 |         brand={brand as never}

      at Object.<anonymous>.process.env.NODE_ENV.exports.create (node_modules/react-test-renderer/cjs/react-test-renderer.development.js:14598:17)
      at src/components/event/__tests__/issue_2135_multidate_public_day_picker.test.tsx:348:25
      at Object.<anonymous>.process.env.NODE_ENV.exports.act (node_modules/react/cjs/react.development.js:789:22)
      at mount (src/components/event/__tests__/issue_2135_multidate_public_day_picker.test.tsx:347:9)
      at Object.<anonymous> (src/components/event/__tests__/issue_2135_multidate_public_day_picker.test.tsx:465:18)

    console.error
      react-test-renderer is deprecated. See https://react.dev/warnings/react-test-renderer

      346 |   let tree!: Renderer;
      347 |   await act(async () => {
    > 348 |     tree = TestRenderer.create(
          |                         ^
      349 |       <PublicEventPage
      350 |         event={liveEvent(whenMode) as never}
      351 |         brand={brand as never}

      at Object.<anonymous>.process.env.NODE_ENV.exports.create (node_modules/react-test-renderer/cjs/react-test-renderer.development.js:14598:17)
      at src/components/event/__tests__/issue_2135_multidate_public_day_picker.test.tsx:348:25
      at Object.<anonymous>.process.env.NODE_ENV.exports.act (node_modules/react/cjs/react.development.js:789:22)
      at mount (src/components/event/__tests__/issue_2135_multidate_public_day_picker.test.tsx:347:9)
      at Object.<anonymous> (src/components/event/__tests__/issue_2135_multidate_public_day_picker.test.tsx:485:18)

    console.error
      react-test-renderer is deprecated. See https://react.dev/warnings/react-test-renderer

      346 |   let tree!: Renderer;
      347 |   await act(async () => {
    > 348 |     tree = TestRenderer.create(
          |                         ^
      349 |       <PublicEventPage
      350 |         event={liveEvent(whenMode) as never}
      351 |         brand={brand as never}

      at Object.<anonymous>.process.env.NODE_ENV.exports.create (node_modules/react-test-renderer/cjs/react-test-renderer.development.js:14598:17)
      at src/components/event/__tests__/issue_2135_multidate_public_day_picker.test.tsx:348:25
      at Object.<anonymous>.process.env.NODE_ENV.exports.act (node_modules/react/cjs/react.development.js:789:22)
      at mount (src/components/event/__tests__/issue_2135_multidate_public_day_picker.test.tsx:347:9)
      at Object.<anonymous> (src/components/event/__tests__/issue_2135_multidate_public_day_picker.test.tsx:505:24)

    console.error
      react-test-renderer is deprecated. See https://react.dev/warnings/react-test-renderer

      346 |   let tree!: Renderer;
      347 |   await act(async () => {
    > 348 |     tree = TestRenderer.create(
          |                         ^
      349 |       <PublicEventPage
      350 |         event={liveEvent(whenMode) as never}
      351 |         brand={brand as never}

      at Object.<anonymous>.process.env.NODE_ENV.exports.create (node_modules/react-test-renderer/cjs/react-test-renderer.development.js:14598:17)
      at src/components/event/__tests__/issue_2135_multidate_public_day_picker.test.tsx:348:25
      at Object.<anonymous>.process.env.NODE_ENV.exports.act (node_modules/react/cjs/react.development.js:789:22)
      at mount (src/components/event/__tests__/issue_2135_multidate_public_day_picker.test.tsx:347:9)
      at Object.<anonymous> (src/components/event/__tests__/issue_2135_multidate_public_day_picker.test.tsx:520:11)

    console.error
      react-test-renderer is deprecated. See https://react.dev/warnings/react-test-renderer

      346 |   let tree!: Renderer;
      347 |   await act(async () => {
    > 348 |     tree = TestRenderer.create(
          |                         ^
      349 |       <PublicEventPage
      350 |         event={liveEvent(whenMode) as never}
      351 |         brand={brand as never}

      at Object.<anonymous>.process.env.NODE_ENV.exports.create (node_modules/react-test-renderer/cjs/react-test-renderer.development.js:14598:17)
      at src/components/event/__tests__/issue_2135_multidate_public_day_picker.test.tsx:348:25
      at Object.<anonymous>.process.env.NODE_ENV.exports.act (node_modules/react/cjs/react.development.js:789:22)
      at mount (src/components/event/__tests__/issue_2135_multidate_public_day_picker.test.tsx:347:9)
      at Object.<anonymous> (src/components/event/__tests__/issue_2135_multidate_public_day_picker.test.tsx:539:18)

    console.error
      react-test-renderer is deprecated. See https://react.dev/warnings/react-test-renderer

      346 |   let tree!: Renderer;
      347 |   await act(async () => {
    > 348 |     tree = TestRenderer.create(
          |                         ^
      349 |       <PublicEventPage
      350 |         event={liveEvent(whenMode) as never}
      351 |         brand={brand as never}

      at Object.<anonymous>.process.env.NODE_ENV.exports.create (node_modules/react-test-renderer/cjs/react-test-renderer.development.js:14598:17)
      at src/components/event/__tests__/issue_2135_multidate_public_day_picker.test.tsx:348:25
      at Object.<anonymous>.process.env.NODE_ENV.exports.act (node_modules/react/cjs/react.development.js:789:22)
      at mount (src/components/event/__tests__/issue_2135_multidate_public_day_picker.test.tsx:347:9)
      at Object.<anonymous> (src/components/event/__tests__/issue_2135_multidate_public_day_picker.test.tsx:553:24)

PASS src/components/event/__tests__/issue_3343_ticket_card_subline.test.tsx
  ● Console

    console.error
      react-test-renderer is deprecated. See https://react.dev/warnings/react-test-renderer

      92 |   let tree!: Tree;
      93 |   await TestRenderer.act(() => {
    > 94 |     tree = TestRenderer.create(
         |                         ^
      95 |       <TicketTierCard
      96 |         ticket={ticket}
      97 |         index={0}

      at Object.<anonymous>.process.env.NODE_ENV.exports.create (node_modules/react-test-renderer/cjs/react-test-renderer.development.js:14598:17)
      at src/components/event/__tests__/issue_3343_ticket_card_subline.test.tsx:94:25
      at Object.<anonymous>.process.env.NODE_ENV.exports.act (node_modules/react/cjs/react.development.js:789:22)
      at mountCard (src/components/event/__tests__/issue_3343_ticket_card_subline.test.tsx:93:22)
      at Object.<anonymous> (src/components/event/__tests__/issue_3343_ticket_card_subline.test.tsx:116:35)

    console.error
      react-test-renderer is deprecated. See https://react.dev/warnings/react-test-renderer

      92 |   let tree!: Tree;
      93 |   await TestRenderer.act(() => {
    > 94 |     tree = TestRenderer.create(
         |                         ^
      95 |       <TicketTierCard
      96 |         ticket={ticket}
      97 |         index={0}

      at Object.<anonymous>.process.env.NODE_ENV.exports.create (node_modules/react-test-renderer/cjs/react-test-renderer.development.js:14598:17)
      at src/components/event/__tests__/issue_3343_ticket_card_subline.test.tsx:94:25
      at Object.<anonymous>.process.env.NODE_ENV.exports.act (node_modules/react/cjs/react.development.js:789:22)
      at mountCard (src/components/event/__tests__/issue_3343_ticket_card_subline.test.tsx:93:22)
      at Object.<anonymous> (src/components/event/__tests__/issue_3343_ticket_card_subline.test.tsx:127:35)

    console.error
      react-test-renderer is deprecated. See https://react.dev/warnings/react-test-renderer

      92 |   let tree!: Tree;
      93 |   await TestRenderer.act(() => {
    > 94 |     tree = TestRenderer.create(
         |                         ^
      95 |       <TicketTierCard
      96 |         ticket={ticket}
      97 |         index={0}

      at Object.<anonymous>.process.env.NODE_ENV.exports.create (node_modules/react-test-renderer/cjs/react-test-renderer.development.js:14598:17)
      at src/components/event/__tests__/issue_3343_ticket_card_subline.test.tsx:94:25
      at Object.<anonymous>.process.env.NODE_ENV.exports.act (node_modules/react/cjs/react.development.js:789:22)
      at mountCard (src/components/event/__tests__/issue_3343_ticket_card_subline.test.tsx:93:22)
      at Object.<anonymous> (src/components/event/__tests__/issue_3343_ticket_card_subline.test.tsx:137:35)

PASS src/components/event/__tests__/TicketTierEditSheet.issue1959.happy.test.tsx
  ● Console

    console.error
      react-test-renderer is deprecated. See https://react.dev/warnings/react-test-renderer

      110 |   let tree: Tree | undefined;
      111 |   await TestRenderer.act(() => {
    > 112 |     tree = TestRenderer.create(
          |                         ^
      113 |       <TicketTierEditSheet
      114 |         visible
      115 |         initial={initial}

      at Object.<anonymous>.process.env.NODE_ENV.exports.create (node_modules/react-test-renderer/cjs/react-test-renderer.development.js:14598:17)
      at src/components/event/__tests__/TicketTierEditSheet.issue1959.happy.test.tsx:112:25
      at Object.<anonymous>.process.env.NODE_ENV.exports.act (node_modules/react/cjs/react.development.js:789:22)
      at mount (src/components/event/__tests__/TicketTierEditSheet.issue1959.happy.test.tsx:111:22)
      at Object.<anonymous> (src/components/event/__tests__/TicketTierEditSheet.issue1959.happy.test.tsx:128:24)

    console.error
      react-test-renderer is deprecated. See https://react.dev/warnings/react-test-renderer

      110 |   let tree: Tree | undefined;
      111 |   await TestRenderer.act(() => {
    > 112 |     tree = TestRenderer.create(
          |                         ^
      113 |       <TicketTierEditSheet
      114 |         visible
      115 |         initial={initial}

      at Object.<anonymous>.process.env.NODE_ENV.exports.create (node_modules/react-test-renderer/cjs/react-test-renderer.development.js:14598:17)
      at src/components/event/__tests__/TicketTierEditSheet.issue1959.happy.test.tsx:112:25
      at Object.<anonymous>.process.env.NODE_ENV.exports.act (node_modules/react/cjs/react.development.js:789:22)
      at mount (src/components/event/__tests__/TicketTierEditSheet.issue1959.happy.test.tsx:111:22)
      at Object.<anonymous> (src/components/event/__tests__/TicketTierEditSheet.issue1959.happy.test.tsx:163:24)

    console.error
      react-test-renderer is deprecated. See https://react.dev/warnings/react-test-renderer

      110 |   let tree: Tree | undefined;
      111 |   await TestRenderer.act(() => {
    > 112 |     tree = TestRenderer.create(
          |                         ^
      113 |       <TicketTierEditSheet
      114 |         visible
      115 |         initial={initial}

      at Object.<anonymous>.process.env.NODE_ENV.exports.create (node_modules/react-test-renderer/cjs/react-test-renderer.development.js:14598:17)
      at src/components/event/__tests__/TicketTierEditSheet.issue1959.happy.test.tsx:112:25
      at Object.<anonymous>.process.env.NODE_ENV.exports.act (node_modules/react/cjs/react.development.js:789:22)
      at mount (src/components/event/__tests__/TicketTierEditSheet.issue1959.happy.test.tsx:111:22)
      at src/components/event/__tests__/TicketTierEditSheet.issue1959.happy.test.tsx:180:24

    console.error
      react-test-renderer is deprecated. See https://react.dev/warnings/react-test-renderer

      110 |   let tree: Tree | undefined;
      111 |   await TestRenderer.act(() => {
    > 112 |     tree = TestRenderer.create(
          |                         ^
      113 |       <TicketTierEditSheet
      114 |         visible
      115 |         initial={initial}

      at Object.<anonymous>.process.env.NODE_ENV.exports.create (node_modules/react-test-renderer/cjs/react-test-renderer.development.js:14598:17)
      at src/components/event/__tests__/TicketTierEditSheet.issue1959.happy.test.tsx:112:25
      at Object.<anonymous>.process.env.NODE_ENV.exports.act (node_modules/react/cjs/react.development.js:789:22)
      at mount (src/components/event/__tests__/TicketTierEditSheet.issue1959.happy.test.tsx:111:22)
      at src/components/event/__tests__/TicketTierEditSheet.issue1959.happy.test.tsx:180:24

    console.error
      react-test-renderer is deprecated. See https://react.dev/warnings/react-test-renderer

      110 |   let tree: Tree | undefined;
      111 |   await TestRenderer.act(() => {
    > 112 |     tree = TestRenderer.create(
          |                         ^
      113 |       <TicketTierEditSheet
      114 |         visible
      115 |         initial={initial}

      at Object.<anonymous>.process.env.NODE_ENV.exports.create (node_modules/react-test-renderer/cjs/react-test-renderer.development.js:14598:17)
      at src/components/event/__tests__/TicketTierEditSheet.issue1959.happy.test.tsx:112:25
      at Object.<anonymous>.process.env.NODE_ENV.exports.act (node_modules/react/cjs/react.development.js:789:22)
      at mount (src/components/event/__tests__/TicketTierEditSheet.issue1959.happy.test.tsx:111:22)
      at Object.<anonymous> (src/components/event/__tests__/TicketTierEditSheet.issue1959.happy.test.tsx:200:24)

    console.error
      react-test-renderer is deprecated. See https://react.dev/warnings/react-test-renderer

      110 |   let tree: Tree | undefined;
      111 |   await TestRenderer.act(() => {
    > 112 |     tree = TestRenderer.create(
          |                         ^
      113 |       <TicketTierEditSheet
      114 |         visible
      115 |         initial={initial}

      at Object.<anonymous>.process.env.NODE_ENV.exports.create (node_modules/react-test-renderer/cjs/react-test-renderer.development.js:14598:17)
      at src/components/event/__tests__/TicketTierEditSheet.issue1959.happy.test.tsx:112:25
      at Object.<anonymous>.process.env.NODE_ENV.exports.act (node_modules/react/cjs/react.development.js:789:22)
      at mount (src/components/event/__tests__/TicketTierEditSheet.issue1959.happy.test.tsx:111:22)
      at Object.<anonymous> (src/components/event/__tests__/TicketTierEditSheet.issue1959.happy.test.tsx:220:24)

    console.error
      react-test-renderer is deprecated. See https://react.dev/warnings/react-test-renderer

      110 |   let tree: Tree | undefined;
      111 |   await TestRenderer.act(() => {
    > 112 |     tree = TestRenderer.create(
          |                         ^
      113 |       <TicketTierEditSheet
      114 |         visible
      115 |         initial={initial}

      at Object.<anonymous>.process.env.NODE_ENV.exports.create (node_modules/react-test-renderer/cjs/react-test-renderer.development.js:14598:17)
      at src/components/event/__tests__/TicketTierEditSheet.issue1959.happy.test.tsx:112:25
      at Object.<anonymous>.process.env.NODE_ENV.exports.act (node_modules/react/cjs/react.development.js:789:22)
      at mount (src/components/event/__tests__/TicketTierEditSheet.issue1959.happy.test.tsx:111:22)
      at Object.<anonymous> (src/components/event/__tests__/TicketTierEditSheet.issue1959.happy.test.tsx:240:24)

PASS src/components/event/__tests__/issue_1902_public_event_acquisition.test.tsx
  ● Console

    console.error
      react-test-renderer is deprecated. See https://react.dev/warnings/react-test-renderer

      130 |   let notice!: Renderer;
      131 |   await act(async () => {
    > 132 |     notice = TestRenderer.create(
          |                           ^
      133 |       <EventAcquisitionNotice
      134 |         state={{ kind: "ended", reason: "master_end" }}
      135 |         eventType="event"

      at Object.<anonymous>.process.env.NODE_ENV.exports.create (node_modules/react-test-renderer/cjs/react-test-renderer.development.js:14598:17)
      at src/components/event/__tests__/issue_1902_public_event_acquisition.test.tsx:132:27
      at Object.<anonymous>.process.env.NODE_ENV.exports.act (node_modules/react/cjs/react.development.js:789:22)
      at Object.<anonymous> (src/components/event/__tests__/issue_1902_public_event_acquisition.test.tsx:131:9)

    console.error
      react-test-renderer is deprecated. See https://react.dev/warnings/react-test-renderer

      155 |   let ticket!: Renderer;
      156 |   await act(async () => {
    > 157 |     ticket = TestRenderer.create(
          |                           ^
      158 |       <EventOfferingBody
      159 |         event={baseEvent}
      160 |         brand={brand}

      at Object.<anonymous>.process.env.NODE_ENV.exports.create (node_modules/react-test-renderer/cjs/react-test-renderer.development.js:14598:17)
      at src/components/event/__tests__/issue_1902_public_event_acquisition.test.tsx:157:27
      at Object.<anonymous>.process.env.NODE_ENV.exports.act (node_modules/react/cjs/react.development.js:789:22)
      at Object.<anonymous> (src/components/event/__tests__/issue_1902_public_event_acquisition.test.tsx:156:9)

    console.error
      react-test-renderer is deprecated. See https://react.dev/warnings/react-test-renderer

      200 |   let rsvp!: Renderer;
      201 |   await act(async () => {
    > 202 |     rsvp = TestRenderer.create(
          |                         ^
      203 |       <RsvpOfferingBody
      204 |         event={baseEvent}
      205 |         brand={brand}

      at Object.<anonymous>.process.env.NODE_ENV.exports.create (node_modules/react-test-renderer/cjs/react-test-renderer.development.js:14598:17)
      at src/components/event/__tests__/issue_1902_public_event_acquisition.test.tsx:202:25
      at Object.<anonymous>.process.env.NODE_ENV.exports.act (node_modules/react/cjs/react.development.js:789:22)
      at Object.<anonymous> (src/components/event/__tests__/issue_1902_public_event_acquisition.test.tsx:201:9)

    console.error
      react-test-renderer is deprecated. See https://react.dev/warnings/react-test-renderer

      303 |   let tree!: Renderer;
      304 |   await act(async () => {
    > 305 |     tree = TestRenderer.create(<Harness />);
          |                         ^
      306 |   });
      307 |   await act(async () => {
      308 |     latestState?.onMaybe();

      at Object.<anonymous>.process.env.NODE_ENV.exports.create (node_modules/react-test-renderer/cjs/react-test-renderer.development.js:14598:17)
      at src/components/event/__tests__/issue_1902_public_event_acquisition.test.tsx:305:25
      at Object.<anonymous>.process.env.NODE_ENV.exports.act (node_modules/react/cjs/react.development.js:789:22)
      at Object.<anonymous> (src/components/event/__tests__/issue_1902_public_event_acquisition.test.tsx:304:9)

    console.error
      react-test-renderer is deprecated. See https://react.dev/warnings/react-test-renderer

      322 |   let tree!: Renderer;
      323 |   await act(async () => {
    > 324 |     tree = TestRenderer.create(
          |                         ^
      325 |       <EventOfferingBody
      326 |         event={baseEvent}
      327 |         brand={brand}

      at Object.<anonymous>.process.env.NODE_ENV.exports.create (node_modules/react-test-renderer/cjs/react-test-renderer.development.js:14598:17)
      at src/components/event/__tests__/issue_1902_public_event_acquisition.test.tsx:324:25
      at Object.<anonymous>.process.env.NODE_ENV.exports.act (node_modules/react/cjs/react.development.js:789:22)
      at Object.<anonymous> (src/components/event/__tests__/issue_1902_public_event_acquisition.test.tsx:323:9)

PASS src/components/event/__tests__/eventOrdersUnknownStates.issue2411.tester-adversarial.test.tsx (11.566 s)
  ● Console

    console.error
      react-test-renderer is deprecated. See https://react.dev/warnings/react-test-renderer

      80 |   let tree: any;
      81 |   TR.act(() => {
    > 82 |     tree = TR.create(
         |               ^
      83 |       <UpcomingListItem
      84 |         item={item}
      85 |         currentBrandCurrency={undefined}

      at Object.<anonymous>.process.env.NODE_ENV.exports.create (node_modules/react-test-renderer/cjs/react-test-renderer.development.js:14598:17)
      at src/components/event/__tests__/eventOrdersUnknownStates.issue2411.tester-adversarial.test.tsx:82:15
      at Object.<anonymous>.process.env.NODE_ENV.exports.act (node_modules/react/cjs/react.development.js:789:22)
      at renderUpcoming (src/components/event/__tests__/eventOrdersUnknownStates.issue2411.tester-adversarial.test.tsx:81:6)
      at Object.<anonymous> (src/components/event/__tests__/eventOrdersUnknownStates.issue2411.tester-adversarial.test.tsx:103:21)

    console.error
      The current testing environment is not configured to support act(...)

      80 |   let tree: any;
      81 |   TR.act(() => {
    > 82 |     tree = TR.create(
         |               ^
      83 |       <UpcomingListItem
      84 |         item={item}
      85 |         currentBrandCurrency={undefined}

      at isConcurrentActEnvironment (node_modules/react-test-renderer/cjs/react-test-renderer.development.js:10243:17)
      at warnIfUpdatesNotWrappedWithActDEV (node_modules/react-test-renderer/cjs/react-test-renderer.development.js:11798:7)
      at scheduleUpdateOnFiber (node_modules/react-test-renderer/cjs/react-test-renderer.development.js:10326:9)
      at updateContainerImpl (node_modules/react-test-renderer/cjs/react-test-renderer.development.js:12382:10)
      at updateContainer (node_modules/react-test-renderer/cjs/react-test-renderer.development.js:12326:7)
      at Object.<anonymous>.process.env.NODE_ENV.exports.create (node_modules/react-test-renderer/cjs/react-test-renderer.development.js:14630:7)
      at src/components/event/__tests__/eventOrdersUnknownStates.issue2411.tester-adversarial.test.tsx:82:15
      at Object.<anonymous>.process.env.NODE_ENV.exports.act (node_modules/react/cjs/react.development.js:789:22)
      at renderUpcoming (src/components/event/__tests__/eventOrdersUnknownStates.issue2411.tester-adversarial.test.tsx:81:6)
      at Object.<anonymous> (src/components/event/__tests__/eventOrdersUnknownStates.issue2411.tester-adversarial.test.tsx:103:21)

    console.error
      react-test-renderer is deprecated. See https://react.dev/warnings/react-test-renderer

      80 |   let tree: any;
      81 |   TR.act(() => {
    > 82 |     tree = TR.create(
         |               ^
      83 |       <UpcomingListItem
      84 |         item={item}
      85 |         currentBrandCurrency={undefined}

      at Object.<anonymous>.process.env.NODE_ENV.exports.create (node_modules/react-test-renderer/cjs/react-test-renderer.development.js:14598:17)
      at src/components/event/__tests__/eventOrdersUnknownStates.issue2411.tester-adversarial.test.tsx:82:15
      at Object.<anonymous>.process.env.NODE_ENV.exports.act (node_modules/react/cjs/react.development.js:789:22)
      at renderUpcoming (src/components/event/__tests__/eventOrdersUnknownStates.issue2411.tester-adversarial.test.tsx:81:6)
      at Object.<anonymous> (src/components/event/__tests__/eventOrdersUnknownStates.issue2411.tester-adversarial.test.tsx:108:20)

    console.error
      The current testing environment is not configured to support act(...)

      80 |   let tree: any;
      81 |   TR.act(() => {
    > 82 |     tree = TR.create(
         |               ^
      83 |       <UpcomingListItem
      84 |         item={item}
      85 |         currentBrandCurrency={undefined}

      at isConcurrentActEnvironment (node_modules/react-test-renderer/cjs/react-test-renderer.development.js:10243:17)
      at warnIfUpdatesNotWrappedWithActDEV (node_modules/react-test-renderer/cjs/react-test-renderer.development.js:11798:7)
      at scheduleUpdateOnFiber (node_modules/react-test-renderer/cjs/react-test-renderer.development.js:10326:9)
      at updateContainerImpl (node_modules/react-test-renderer/cjs/react-test-renderer.development.js:12382:10)
      at updateContainer (node_modules/react-test-renderer/cjs/react-test-renderer.development.js:12326:7)
      at Object.<anonymous>.process.env.NODE_ENV.exports.create (node_modules/react-test-renderer/cjs/react-test-renderer.development.js:14630:7)
      at src/components/event/__tests__/eventOrdersUnknownStates.issue2411.tester-adversarial.test.tsx:82:15
      at Object.<anonymous>.process.env.NODE_ENV.exports.act (node_modules/react/cjs/react.development.js:789:22)
      at renderUpcoming (src/components/event/__tests__/eventOrdersUnknownStates.issue2411.tester-adversarial.test.tsx:81:6)
      at Object.<anonymous> (src/components/event/__tests__/eventOrdersUnknownStates.issue2411.tester-adversarial.test.tsx:108:20)

    console.error
      react-test-renderer is deprecated. See https://react.dev/warnings/react-test-renderer

      80 |   let tree: any;
      81 |   TR.act(() => {
    > 82 |     tree = TR.create(
         |               ^
      83 |       <UpcomingListItem
      84 |         item={item}
      85 |         currentBrandCurrency={undefined}

      at Object.<anonymous>.process.env.NODE_ENV.exports.create (node_modules/react-test-renderer/cjs/react-test-renderer.development.js:14598:17)
      at src/components/event/__tests__/eventOrdersUnknownStates.issue2411.tester-adversarial.test.tsx:82:15
      at Object.<anonymous>.process.env.NODE_ENV.exports.act (node_modules/react/cjs/react.development.js:789:22)
      at renderUpcoming (src/components/event/__tests__/eventOrdersUnknownStates.issue2411.tester-adversarial.test.tsx:81:6)
      at Object.<anonymous> (src/components/event/__tests__/eventOrdersUnknownStates.issue2411.tester-adversarial.test.tsx:119:19)

    console.error
      The current testing environment is not configured to support act(...)

      80 |   let tree: any;
      81 |   TR.act(() => {
    > 82 |     tree = TR.create(
         |               ^
      83 |       <UpcomingListItem
      84 |         item={item}
      85 |         currentBrandCurrency={undefined}

      at isConcurrentActEnvironment (node_modules/react-test-renderer/cjs/react-test-renderer.development.js:10243:17)
      at warnIfUpdatesNotWrappedWithActDEV (node_modules/react-test-renderer/cjs/react-test-renderer.development.js:11798:7)
      at scheduleUpdateOnFiber (node_modules/react-test-renderer/cjs/react-test-renderer.development.js:10326:9)
      at updateContainerImpl (node_modules/react-test-renderer/cjs/react-test-renderer.development.js:12382:10)
      at updateContainer (node_modules/react-test-renderer/cjs/react-test-renderer.development.js:12326:7)
      at Object.<anonymous>.process.env.NODE_ENV.exports.create (node_modules/react-test-renderer/cjs/react-test-renderer.development.js:14630:7)
      at src/components/event/__tests__/eventOrdersUnknownStates.issue2411.tester-adversarial.test.tsx:82:15
      at Object.<anonymous>.process.env.NODE_ENV.exports.act (node_modules/react/cjs/react.development.js:789:22)
      at renderUpcoming (src/components/event/__tests__/eventOrdersUnknownStates.issue2411.tester-adversarial.test.tsx:81:6)
      at Object.<anonymous> (src/components/event/__tests__/eventOrdersUnknownStates.issue2411.tester-adversarial.test.tsx:119:19)

    console.error
      react-test-renderer is deprecated. See https://react.dev/warnings/react-test-renderer

      134 |     let failed: any;
      135 |     TR.act(() => {
    > 136 |       failed = TR.create(
          |                   ^
      137 |         <EventDetailKpiCard
      138 |           revenueGbp={125}
      139 |           payoutGbp={100}

      at Object.<anonymous>.process.env.NODE_ENV.exports.create (node_modules/react-test-renderer/cjs/react-test-renderer.development.js:14598:17)
      at src/components/event/__tests__/eventOrdersUnknownStates.issue2411.tester-adversarial.test.tsx:136:19
      at Object.<anonymous>.process.env.NODE_ENV.exports.act (node_modules/react/cjs/react.development.js:789:22)
      at Object.<anonymous> (src/components/event/__tests__/eventOrdersUnknownStates.issue2411.tester-adversarial.test.tsx:135:8)

    console.error
      The current testing environment is not configured to support act(...)

      134 |     let failed: any;
      135 |     TR.act(() => {
    > 136 |       failed = TR.create(
          |                   ^
      137 |         <EventDetailKpiCard
      138 |           revenueGbp={125}
      139 |           payoutGbp={100}

      at isConcurrentActEnvironment (node_modules/react-test-renderer/cjs/react-test-renderer.development.js:10243:17)
      at warnIfUpdatesNotWrappedWithActDEV (node_modules/react-test-renderer/cjs/react-test-renderer.development.js:11798:7)
      at scheduleUpdateOnFiber (node_modules/react-test-renderer/cjs/react-test-renderer.development.js:10326:9)
      at updateContainerImpl (node_modules/react-test-renderer/cjs/react-test-renderer.development.js:12382:10)
      at updateContainer (node_modules/react-test-renderer/cjs/react-test-renderer.development.js:12326:7)
      at Object.<anonymous>.process.env.NODE_ENV.exports.create (node_modules/react-test-renderer/cjs/react-test-renderer.development.js:14630:7)
      at src/components/event/__tests__/eventOrdersUnknownStates.issue2411.tester-adversarial.test.tsx:136:19
      at Object.<anonymous>.process.env.NODE_ENV.exports.act (node_modules/react/cjs/react.development.js:789:22)
      at Object.<anonymous> (src/components/event/__tests__/eventOrdersUnknownStates.issue2411.tester-adversarial.test.tsx:135:8)

    console.error
      react-test-renderer is deprecated. See https://react.dev/warnings/react-test-renderer

      156 |     let stale: any;
      157 |     TR.act(() => {
    > 158 |       stale = TR.create(
          |                  ^
      159 |         <EventDetailKpiCard
      160 |           revenueGbp={125}
      161 |           payoutGbp={100}

      at Object.<anonymous>.process.env.NODE_ENV.exports.create (node_modules/react-test-renderer/cjs/react-test-renderer.development.js:14598:17)
      at src/components/event/__tests__/eventOrdersUnknownStates.issue2411.tester-adversarial.test.tsx:158:18
      at Object.<anonymous>.process.env.NODE_ENV.exports.act (node_modules/react/cjs/react.development.js:789:22)
      at Object.<anonymous> (src/components/event/__tests__/eventOrdersUnknownStates.issue2411.tester-adversarial.test.tsx:157:8)

    console.error
      The current testing environment is not configured to support act(...)

      156 |     let stale: any;
      157 |     TR.act(() => {
    > 158 |       stale = TR.create(
          |                  ^
      159 |         <EventDetailKpiCard
      160 |           revenueGbp={125}
      161 |           payoutGbp={100}

      at isConcurrentActEnvironment (node_modules/react-test-renderer/cjs/react-test-renderer.development.js:10243:17)
      at warnIfUpdatesNotWrappedWithActDEV (node_modules/react-test-renderer/cjs/react-test-renderer.development.js:11798:7)
      at scheduleUpdateOnFiber (node_modules/react-test-renderer/cjs/react-test-renderer.development.js:10326:9)
      at updateContainerImpl (node_modules/react-test-renderer/cjs/react-test-renderer.development.js:12382:10)
      at updateContainer (node_modules/react-test-renderer/cjs/react-test-renderer.development.js:12326:7)
      at Object.<anonymous>.process.env.NODE_ENV.exports.create (node_modules/react-test-renderer/cjs/react-test-renderer.development.js:14630:7)
      at src/components/event/__tests__/eventOrdersUnknownStates.issue2411.tester-adversarial.test.tsx:158:18
      at Object.<anonymous>.process.env.NODE_ENV.exports.act (node_modules/react/cjs/react.development.js:789:22)
      at Object.<anonymous> (src/components/event/__tests__/eventOrdersUnknownStates.issue2411.tester-adversarial.test.tsx:157:8)

PASS src/components/event/__tests__/issue_2399_business_preview_shared_route.happy.test.tsx (12.058 s)
  ● Console

    console.error
      react-test-renderer is deprecated. See https://react.dev/warnings/react-test-renderer

      94 |   test("the real production preview route mounts the Foundation preview with chronological draft truth", () => {
      95 |     let rendered: ReturnType<typeof TestRenderer.create> | undefined;
    > 96 |     TestRenderer.act(() => { rendered = TestRenderer.create(<EventPreviewRoute />); });
         |                                                      ^
      97 |     const buyerPage = rendered?.root.findByType("FoundationPreviewProbe");
      98 |     expect(buyerPage).toBeDefined();
      99 |     expect((buyerPage?.props.occurrences as { id: string }[]).map((row) => row.id)).toEqual(["day-1", "day-2"]);

      at Object.<anonymous>.process.env.NODE_ENV.exports.create (node_modules/react-test-renderer/cjs/react-test-renderer.development.js:14598:17)
      at src/components/event/__tests__/issue_2399_business_preview_shared_route.happy.test.tsx:96:54
      at Object.<anonymous>.process.env.NODE_ENV.exports.act (node_modules/react/cjs/react.development.js:789:22)
      at Object.<anonymous> (src/components/event/__tests__/issue_2399_business_preview_shared_route.happy.test.tsx:96:18)

    console.error
      react-test-renderer is deprecated. See https://react.dev/warnings/react-test-renderer

      110 |     router.back.mockClear();
      111 |     let rendered: ReturnType<typeof TestRenderer.create> | undefined;
    > 112 |     TestRenderer.act(() => { rendered = TestRenderer.create(<EventPreviewRoute />); });
          |                                                      ^
      113 |     const actions = rendered?.root.findByType("FoundationPreviewProbe").props as {
      114 |       onClose: () => void; onShare: () => void; onCheckout: () => void;
      115 |     };

      at Object.<anonymous>.process.env.NODE_ENV.exports.create (node_modules/react-test-renderer/cjs/react-test-renderer.development.js:14598:17)
      at src/components/event/__tests__/issue_2399_business_preview_shared_route.happy.test.tsx:112:54
      at Object.<anonymous>.process.env.NODE_ENV.exports.act (node_modules/react/cjs/react.development.js:789:22)
      at Object.<anonymous> (src/components/event/__tests__/issue_2399_business_preview_shared_route.happy.test.tsx:112:18)

PASS src/components/event/__tests__/issue_3344_preview_pricing_note.test.tsx
  ● Console

    console.error
      react-test-renderer is deprecated. See https://react.dev/warnings/react-test-renderer

      111 |   let tree!: Tree;
      112 |   await TestRenderer.act(() => {
    > 113 |     tree = TestRenderer.create(
          |                         ^
      114 |       <DraftEventFoundationPreview
      115 |         event={event(input.tickets)}
      116 |         brand={null}

      at Object.<anonymous>.process.env.NODE_ENV.exports.create (node_modules/react-test-renderer/cjs/react-test-renderer.development.js:14598:17)
      at src/components/event/__tests__/issue_3344_preview_pricing_note.test.tsx:113:25
      at Object.<anonymous>.process.env.NODE_ENV.exports.act (node_modules/react/cjs/react.development.js:789:22)
      at mount (src/components/event/__tests__/issue_3344_preview_pricing_note.test.tsx:112:22)
      at Object.<anonymous> (src/components/event/__tests__/issue_3344_preview_pricing_note.test.tsx:143:24)

    console.error
      react-test-renderer is deprecated. See https://react.dev/warnings/react-test-renderer

      111 |   let tree!: Tree;
      112 |   await TestRenderer.act(() => {
    > 113 |     tree = TestRenderer.create(
          |                         ^
      114 |       <DraftEventFoundationPreview
      115 |         event={event(input.tickets)}
      116 |         brand={null}

      at Object.<anonymous>.process.env.NODE_ENV.exports.create (node_modules/react-test-renderer/cjs/react-test-renderer.development.js:14598:17)
      at src/components/event/__tests__/issue_3344_preview_pricing_note.test.tsx:113:25
      at Object.<anonymous>.process.env.NODE_ENV.exports.act (node_modules/react/cjs/react.development.js:789:22)
      at mount (src/components/event/__tests__/issue_3344_preview_pricing_note.test.tsx:112:22)
      at Object.<anonymous> (src/components/event/__tests__/issue_3344_preview_pricing_note.test.tsx:149:24)

    console.error
      react-test-renderer is deprecated. See https://react.dev/warnings/react-test-renderer

      111 |   let tree!: Tree;
      112 |   await TestRenderer.act(() => {
    > 113 |     tree = TestRenderer.create(
          |                         ^
      114 |       <DraftEventFoundationPreview
      115 |         event={event(input.tickets)}
      116 |         brand={null}

      at Object.<anonymous>.process.env.NODE_ENV.exports.create (node_modules/react-test-renderer/cjs/react-test-renderer.development.js:14598:17)
      at src/components/event/__tests__/issue_3344_preview_pricing_note.test.tsx:113:25
      at Object.<anonymous>.process.env.NODE_ENV.exports.act (node_modules/react/cjs/react.development.js:789:22)
      at mount (src/components/event/__tests__/issue_3344_preview_pricing_note.test.tsx:112:22)
      at Object.<anonymous> (src/components/event/__tests__/issue_3344_preview_pricing_note.test.tsx:156:24)

    console.error
      react-test-renderer is deprecated. See https://react.dev/warnings/react-test-renderer

      111 |   let tree!: Tree;
      112 |   await TestRenderer.act(() => {
    > 113 |     tree = TestRenderer.create(
          |                         ^
      114 |       <DraftEventFoundationPreview
      115 |         event={event(input.tickets)}
      116 |         brand={null}

      at Object.<anonymous>.process.env.NODE_ENV.exports.create (node_modules/react-test-renderer/cjs/react-test-renderer.development.js:14598:17)
      at src/components/event/__tests__/issue_3344_preview_pricing_note.test.tsx:113:25
      at Object.<anonymous>.process.env.NODE_ENV.exports.act (node_modules/react/cjs/react.development.js:789:22)
      at mount (src/components/event/__tests__/issue_3344_preview_pricing_note.test.tsx:112:22)
      at Object.<anonymous> (src/components/event/__tests__/issue_3344_preview_pricing_note.test.tsx:168:26)

    console.error
      react-test-renderer is deprecated. See https://react.dev/warnings/react-test-renderer

      111 |   let tree!: Tree;
      112 |   await TestRenderer.act(() => {
    > 113 |     tree = TestRenderer.create(
          |                         ^
      114 |       <DraftEventFoundationPreview
      115 |         event={event(input.tickets)}
      116 |         brand={null}

      at Object.<anonymous>.process.env.NODE_ENV.exports.create (node_modules/react-test-renderer/cjs/react-test-renderer.development.js:14598:17)
      at src/components/event/__tests__/issue_3344_preview_pricing_note.test.tsx:113:25
      at Object.<anonymous>.process.env.NODE_ENV.exports.act (node_modules/react/cjs/react.development.js:789:22)
      at mount (src/components/event/__tests__/issue_3344_preview_pricing_note.test.tsx:112:22)
      at Object.<anonymous> (src/components/event/__tests__/issue_3344_preview_pricing_note.test.tsx:168:26)

    console.error
      react-test-renderer is deprecated. See https://react.dev/warnings/react-test-renderer

      111 |   let tree!: Tree;
      112 |   await TestRenderer.act(() => {
    > 113 |     tree = TestRenderer.create(
          |                         ^
      114 |       <DraftEventFoundationPreview
      115 |         event={event(input.tickets)}
      116 |         brand={null}

      at Object.<anonymous>.process.env.NODE_ENV.exports.create (node_modules/react-test-renderer/cjs/react-test-renderer.development.js:14598:17)
      at src/components/event/__tests__/issue_3344_preview_pricing_note.test.tsx:113:25
      at Object.<anonymous>.process.env.NODE_ENV.exports.act (node_modules/react/cjs/react.development.js:789:22)
      at mount (src/components/event/__tests__/issue_3344_preview_pricing_note.test.tsx:112:22)
      at Object.<anonymous> (src/components/event/__tests__/issue_3344_preview_pricing_note.test.tsx:168:26)

PASS src/components/event/__tests__/orch1300_web_overlay_portal.test.ts
PASS src/components/event/__tests__/coverVideoDeterministic.issue3040.test.ts
PASS src/components/event/__tests__/orch_1342_see_whos_going_gate.test.tsx
PASS src/components/event/__tests__/EditPublishedScreen.coverPersistence.test.tsx
PASS src/components/event/__tests__/rsvp_public_page_status_and_restore.test.tsx
  ● Console

    console.error
      react-test-renderer is deprecated. See https://react.dev/warnings/react-test-renderer

      248 |   let tree!: Renderer;
      249 |   await act(async () => {
    > 250 |     tree = TestRenderer.create(
          |                         ^
      251 |       <PublicEventPage event={{ ...rsvpEvent, ...eventOverrides } as never} brand={brand as never} />,
      252 |     );
      253 |   });

      at Object.<anonymous>.process.env.NODE_ENV.exports.create (node_modules/react-test-renderer/cjs/react-test-renderer.development.js:14598:17)
      at src/components/event/__tests__/rsvp_public_page_status_and_restore.test.tsx:250:25
      at Object.<anonymous>.process.env.NODE_ENV.exports.act (node_modules/react/cjs/react.development.js:789:22)
      at renderPage (src/components/event/__tests__/rsvp_public_page_status_and_restore.test.tsx:249:9)
      at Object.<anonymous> (src/components/event/__tests__/rsvp_public_page_status_and_restore.test.tsx:282:22)

    console.error
      react-test-renderer is deprecated. See https://react.dev/warnings/react-test-renderer

      248 |   let tree!: Renderer;
      249 |   await act(async () => {
    > 250 |     tree = TestRenderer.create(
          |                         ^
      251 |       <PublicEventPage event={{ ...rsvpEvent, ...eventOverrides } as never} brand={brand as never} />,
      252 |     );
      253 |   });

      at Object.<anonymous>.process.env.NODE_ENV.exports.create (node_modules/react-test-renderer/cjs/react-test-renderer.development.js:14598:17)
      at src/components/event/__tests__/rsvp_public_page_status_and_restore.test.tsx:250:25
      at Object.<anonymous>.process.env.NODE_ENV.exports.act (node_modules/react/cjs/react.development.js:789:22)
      at renderPage (src/components/event/__tests__/rsvp_public_page_status_and_restore.test.tsx:249:9)
      at Object.<anonymous> (src/components/event/__tests__/rsvp_public_page_status_and_restore.test.tsx:290:23)

    console.error
      An update to Root inside a test was not wrapped in act(...).
      
      When testing, code that causes React state updates should be wrapped into act(...):
      
      act(() => {
        /* fire events that update state */
      });
      /* assert on the output */
      
      This ensures that you're testing the behavior the user would see in the browser. Learn more at https://react.dev/link/wrap-tests-with-act

      290 |   const dayOf = await renderPage();
      291 |   expect(bannerText(dayOf)).toBe("Starts in 5 hours");
    > 292 |   dayOf.unmount();
          |         ^
      293 |
      294 |   (Date.now as jest.Mock).mockReturnValue(Date.parse("2026-09-27T00:00:00Z"));
      295 |   const live = await renderPage();

      at node_modules/react-test-renderer/cjs/react-test-renderer.development.js:11801:19
      at runWithFiberInDEV (node_modules/react-test-renderer/cjs/react-test-renderer.development.js:1574:13)
      at warnIfUpdatesNotWrappedWithActDEV (node_modules/react-test-renderer/cjs/react-test-renderer.development.js:11800:9)
      at scheduleUpdateOnFiber (node_modules/react-test-renderer/cjs/react-test-renderer.development.js:10326:9)
      at updateContainerImpl (node_modules/react-test-renderer/cjs/react-test-renderer.development.js:12382:10)
      at updateContainer (node_modules/react-test-renderer/cjs/react-test-renderer.development.js:12326:7)
      at Object.unmount (node_modules/react-test-renderer/cjs/react-test-renderer.development.js:14674:14)
      at Object.<anonymous> (src/components/event/__tests__/rsvp_public_page_status_and_restore.test.tsx:292:9)

    console.error
      react-test-renderer is deprecated. See https://react.dev/warnings/react-test-renderer

      248 |   let tree!: Renderer;
      249 |   await act(async () => {
    > 250 |     tree = TestRenderer.create(
          |                         ^
      251 |       <PublicEventPage event={{ ...rsvpEvent, ...eventOverrides } as never} brand={brand as never} />,
      252 |     );
      253 |   });

      at Object.<anonymous>.process.env.NODE_ENV.exports.create (node_modules/react-test-renderer/cjs/react-test-renderer.development.js:14598:17)
      at src/components/event/__tests__/rsvp_public_page_status_and_restore.test.tsx:250:25
      at Object.<anonymous>.process.env.NODE_ENV.exports.act (node_modules/react/cjs/react.development.js:789:22)
      at renderPage (src/components/event/__tests__/rsvp_public_page_status_and_restore.test.tsx:249:9)
      at Object.<anonymous> (src/components/event/__tests__/rsvp_public_page_status_and_restore.test.tsx:295:22)

    console.error
      react-test-renderer is deprecated. See https://react.dev/warnings/react-test-renderer

      248 |   let tree!: Renderer;
      249 |   await act(async () => {
    > 250 |     tree = TestRenderer.create(
          |                         ^
      251 |       <PublicEventPage event={{ ...rsvpEvent, ...eventOverrides } as never} brand={brand as never} />,
      252 |     );
      253 |   });

      at Object.<anonymous>.process.env.NODE_ENV.exports.create (node_modules/react-test-renderer/cjs/react-test-renderer.development.js:14598:17)
      at src/components/event/__tests__/rsvp_public_page_status_and_restore.test.tsx:250:25
      at Object.<anonymous>.process.env.NODE_ENV.exports.act (node_modules/react/cjs/react.development.js:789:22)
      at renderPage (src/components/event/__tests__/rsvp_public_page_status_and_restore.test.tsx:249:9)
      at Object.<anonymous> (src/components/event/__tests__/rsvp_public_page_status_and_restore.test.tsx:300:22)

    console.error
      react-test-renderer is deprecated. See https://react.dev/warnings/react-test-renderer

      248 |   let tree!: Renderer;
      249 |   await act(async () => {
    > 250 |     tree = TestRenderer.create(
          |                         ^
      251 |       <PublicEventPage event={{ ...rsvpEvent, ...eventOverrides } as never} brand={brand as never} />,
      252 |     );
      253 |   });

      at Object.<anonymous>.process.env.NODE_ENV.exports.create (node_modules/react-test-renderer/cjs/react-test-renderer.development.js:14598:17)
      at src/components/event/__tests__/rsvp_public_page_status_and_restore.test.tsx:250:25
      at Object.<anonymous>.process.env.NODE_ENV.exports.act (node_modules/react/cjs/react.development.js:789:22)
      at renderPage (src/components/event/__tests__/rsvp_public_page_status_and_restore.test.tsx:249:9)
      at Object.<anonymous> (src/components/event/__tests__/rsvp_public_page_status_and_restore.test.tsx:305:9)

    console.error
      react-test-renderer is deprecated. See https://react.dev/warnings/react-test-renderer

      248 |   let tree!: Renderer;
      249 |   await act(async () => {
    > 250 |     tree = TestRenderer.create(
          |                         ^
      251 |       <PublicEventPage event={{ ...rsvpEvent, ...eventOverrides } as never} brand={brand as never} />,
      252 |     );
      253 |   });

      at Object.<anonymous>.process.env.NODE_ENV.exports.create (node_modules/react-test-renderer/cjs/react-test-renderer.development.js:14598:17)
      at src/components/event/__tests__/rsvp_public_page_status_and_restore.test.tsx:250:25
      at Object.<anonymous>.process.env.NODE_ENV.exports.act (node_modules/react/cjs/react.development.js:789:22)
      at renderPage (src/components/event/__tests__/rsvp_public_page_status_and_restore.test.tsx:249:9)
      at Object.<anonymous> (src/components/event/__tests__/rsvp_public_page_status_and_restore.test.tsx:312:9)

    console.error
      react-test-renderer is deprecated. See https://react.dev/warnings/react-test-renderer

      248 |   let tree!: Renderer;
      249 |   await act(async () => {
    > 250 |     tree = TestRenderer.create(
          |                         ^
      251 |       <PublicEventPage event={{ ...rsvpEvent, ...eventOverrides } as never} brand={brand as never} />,
      252 |     );
      253 |   });

      at Object.<anonymous>.process.env.NODE_ENV.exports.create (node_modules/react-test-renderer/cjs/react-test-renderer.development.js:14598:17)
      at src/components/event/__tests__/rsvp_public_page_status_and_restore.test.tsx:250:25
      at Object.<anonymous>.process.env.NODE_ENV.exports.act (node_modules/react/cjs/react.development.js:789:22)
      at renderPage (src/components/event/__tests__/rsvp_public_page_status_and_restore.test.tsx:249:9)
      at Object.<anonymous> (src/components/event/__tests__/rsvp_public_page_status_and_restore.test.tsx:317:22)

    console.error
      react-test-renderer is deprecated. See https://react.dev/warnings/react-test-renderer

      248 |   let tree!: Renderer;
      249 |   await act(async () => {
    > 250 |     tree = TestRenderer.create(
          |                         ^
      251 |       <PublicEventPage event={{ ...rsvpEvent, ...eventOverrides } as never} brand={brand as never} />,
      252 |     );
      253 |   });

      at Object.<anonymous>.process.env.NODE_ENV.exports.create (node_modules/react-test-renderer/cjs/react-test-renderer.development.js:14598:17)
      at src/components/event/__tests__/rsvp_public_page_status_and_restore.test.tsx:250:25
      at Object.<anonymous>.process.env.NODE_ENV.exports.act (node_modules/react/cjs/react.development.js:789:22)
      at renderPage (src/components/event/__tests__/rsvp_public_page_status_and_restore.test.tsx:249:9)
      at Object.<anonymous> (src/components/event/__tests__/rsvp_public_page_status_and_restore.test.tsx:328:22)

    console.error
      react-test-renderer is deprecated. See https://react.dev/warnings/react-test-renderer

      248 |   let tree!: Renderer;
      249 |   await act(async () => {
    > 250 |     tree = TestRenderer.create(
          |                         ^
      251 |       <PublicEventPage event={{ ...rsvpEvent, ...eventOverrides } as never} brand={brand as never} />,
      252 |     );
      253 |   });

      at Object.<anonymous>.process.env.NODE_ENV.exports.create (node_modules/react-test-renderer/cjs/react-test-renderer.development.js:14598:17)
      at src/components/event/__tests__/rsvp_public_page_status_and_restore.test.tsx:250:25
      at Object.<anonymous>.process.env.NODE_ENV.exports.act (node_modules/react/cjs/react.development.js:789:22)
      at renderPage (src/components/event/__tests__/rsvp_public_page_status_and_restore.test.tsx:249:9)
      at Object.<anonymous> (src/components/event/__tests__/rsvp_public_page_status_and_restore.test.tsx:342:9)

    console.error
      react-test-renderer is deprecated. See https://react.dev/warnings/react-test-renderer

      248 |   let tree!: Renderer;
      249 |   await act(async () => {
    > 250 |     tree = TestRenderer.create(
          |                         ^
      251 |       <PublicEventPage event={{ ...rsvpEvent, ...eventOverrides } as never} brand={brand as never} />,
      252 |     );
      253 |   });

      at Object.<anonymous>.process.env.NODE_ENV.exports.create (node_modules/react-test-renderer/cjs/react-test-renderer.development.js:14598:17)
      at src/components/event/__tests__/rsvp_public_page_status_and_restore.test.tsx:250:25
      at Object.<anonymous>.process.env.NODE_ENV.exports.act (node_modules/react/cjs/react.development.js:789:22)
      at renderPage (src/components/event/__tests__/rsvp_public_page_status_and_restore.test.tsx:249:9)
      at Object.<anonymous> (src/components/event/__tests__/rsvp_public_page_status_and_restore.test.tsx:354:9)

    console.error
      react-test-renderer is deprecated. See https://react.dev/warnings/react-test-renderer

      248 |   let tree!: Renderer;
      249 |   await act(async () => {
    > 250 |     tree = TestRenderer.create(
          |                         ^
      251 |       <PublicEventPage event={{ ...rsvpEvent, ...eventOverrides } as never} brand={brand as never} />,
      252 |     );
      253 |   });

      at Object.<anonymous>.process.env.NODE_ENV.exports.create (node_modules/react-test-renderer/cjs/react-test-renderer.development.js:14598:17)
      at src/components/event/__tests__/rsvp_public_page_status_and_restore.test.tsx:250:25
      at Object.<anonymous>.process.env.NODE_ENV.exports.act (node_modules/react/cjs/react.development.js:789:22)
      at renderPage (src/components/event/__tests__/rsvp_public_page_status_and_restore.test.tsx:249:9)
      at Object.<anonymous> (src/components/event/__tests__/rsvp_public_page_status_and_restore.test.tsx:365:9)

PASS src/components/event/__tests__/RsvpPublicBody.parallaxLayering.orch1150r2.test.ts
PASS src/components/event/__tests__/issue_2399_multiday_picker_ticket_box.tester.adversarial.test.tsx (8.889 s)
  ● Console

    console.error
      react-test-renderer is deprecated. See https://react.dev/warnings/react-test-renderer

      69 |   let tree!: Tree;
      70 |   await act(() => {
    > 71 |     tree = TestRenderer.create(
         |                         ^
      72 |       <DayChooser
      73 |         timezone="Europe/London"
      74 |         palette={palette as never}

      at Object.<anonymous>.process.env.NODE_ENV.exports.create (node_modules/react-test-renderer/cjs/react-test-renderer.development.js:14598:17)
      at src/components/event/__tests__/issue_2399_multiday_picker_ticket_box.tester.adversarial.test.tsx:71:25
      at Object.<anonymous>.process.env.NODE_ENV.exports.act (node_modules/react/cjs/react.development.js:789:22)
      at mount (src/components/event/__tests__/issue_2399_multiday_picker_ticket_box.tester.adversarial.test.tsx:70:9)
      at Object.<anonymous> (src/components/event/__tests__/issue_2399_multiday_picker_ticket_box.tester.adversarial.test.tsx:92:24)

    console.error
      react-test-renderer is deprecated. See https://react.dev/warnings/react-test-renderer

      69 |   let tree!: Tree;
      70 |   await act(() => {
    > 71 |     tree = TestRenderer.create(
         |                         ^
      72 |       <DayChooser
      73 |         timezone="Europe/London"
      74 |         palette={palette as never}

      at Object.<anonymous>.process.env.NODE_ENV.exports.create (node_modules/react-test-renderer/cjs/react-test-renderer.development.js:14598:17)
      at src/components/event/__tests__/issue_2399_multiday_picker_ticket_box.tester.adversarial.test.tsx:71:25
      at Object.<anonymous>.process.env.NODE_ENV.exports.act (node_modules/react/cjs/react.development.js:789:22)
      at mount (src/components/event/__tests__/issue_2399_multiday_picker_ticket_box.tester.adversarial.test.tsx:70:9)
      at Object.<anonymous> (src/components/event/__tests__/issue_2399_multiday_picker_ticket_box.tester.adversarial.test.tsx:109:24)

    console.error
      react-test-renderer is deprecated. See https://react.dev/warnings/react-test-renderer

      69 |   let tree!: Tree;
      70 |   await act(() => {
    > 71 |     tree = TestRenderer.create(
         |                         ^
      72 |       <DayChooser
      73 |         timezone="Europe/London"
      74 |         palette={palette as never}

      at Object.<anonymous>.process.env.NODE_ENV.exports.create (node_modules/react-test-renderer/cjs/react-test-renderer.development.js:14598:17)
      at src/components/event/__tests__/issue_2399_multiday_picker_ticket_box.tester.adversarial.test.tsx:71:25
      at Object.<anonymous>.process.env.NODE_ENV.exports.act (node_modules/react/cjs/react.development.js:789:22)
      at mount (src/components/event/__tests__/issue_2399_multiday_picker_ticket_box.tester.adversarial.test.tsx:70:9)
      at Object.<anonymous> (src/components/event/__tests__/issue_2399_multiday_picker_ticket_box.tester.adversarial.test.tsx:125:24)

PASS src/components/event/__tests__/creatorStep1DescriptionOnFocusReveal.adversarial.1027.test.tsx (11.389 s)
  ● Console

    console.error
      react-test-renderer is deprecated. See https://react.dev/warnings/react-test-renderer

      73 |     };
      74 |     if (scrollToBottom !== undefined) props.scrollToBottom = scrollToBottom;
    > 75 |     created = TestRenderer.create(
         |                            ^
      76 |       React.createElement(
      77 |         CreatorStep1Basics as unknown as React.FC<Record<string, unknown>>,
      78 |         props,

      at Object.<anonymous>.process.env.NODE_ENV.exports.create (node_modules/react-test-renderer/cjs/react-test-renderer.development.js:14598:17)
      at src/components/event/__tests__/creatorStep1DescriptionOnFocusReveal.adversarial.1027.test.tsx:75:28
      at Object.<anonymous>.process.env.NODE_ENV.exports.act (node_modules/react/cjs/react.development.js:789:22)
      at mount (src/components/event/__tests__/creatorStep1DescriptionOnFocusReveal.adversarial.1027.test.tsx:66:22)
      at Object.<anonymous> (src/components/event/__tests__/creatorStep1DescriptionOnFocusReveal.adversarial.1027.test.tsx:99:24)

    console.error
      react-test-renderer is deprecated. See https://react.dev/warnings/react-test-renderer

      73 |     };
      74 |     if (scrollToBottom !== undefined) props.scrollToBottom = scrollToBottom;
    > 75 |     created = TestRenderer.create(
         |                            ^
      76 |       React.createElement(
      77 |         CreatorStep1Basics as unknown as React.FC<Record<string, unknown>>,
      78 |         props,

      at Object.<anonymous>.process.env.NODE_ENV.exports.create (node_modules/react-test-renderer/cjs/react-test-renderer.development.js:14598:17)
      at src/components/event/__tests__/creatorStep1DescriptionOnFocusReveal.adversarial.1027.test.tsx:75:28
      at Object.<anonymous>.process.env.NODE_ENV.exports.act (node_modules/react/cjs/react.development.js:789:22)
      at mount (src/components/event/__tests__/creatorStep1DescriptionOnFocusReveal.adversarial.1027.test.tsx:66:22)
      at Object.<anonymous> (src/components/event/__tests__/creatorStep1DescriptionOnFocusReveal.adversarial.1027.test.tsx:120:24)

PASS src/components/event/__tests__/EditPublishedScreen_when_save_gate.test.ts
PASS src/components/event/__tests__/TicketTierEditSheet.issue1959.tester.adversarial.test.tsx (5.989 s)
  ● Console

    console.error
      react-test-renderer is deprecated. See https://react.dev/warnings/react-test-renderer

      85 |   let tree: Tree | undefined;
      86 |   await Renderer.act(() => {
    > 87 |     tree = Renderer.create(
         |                     ^
      88 |       <TicketTierEditSheet
      89 |         visible
      90 |         initial={initial}

      at Object.<anonymous>.process.env.NODE_ENV.exports.create (node_modules/react-test-renderer/cjs/react-test-renderer.development.js:14598:17)
      at src/components/event/__tests__/TicketTierEditSheet.issue1959.tester.adversarial.test.tsx:87:21
      at Object.<anonymous>.process.env.NODE_ENV.exports.act (node_modules/react/cjs/react.development.js:789:22)
      at render (src/components/event/__tests__/TicketTierEditSheet.issue1959.tester.adversarial.test.tsx:86:18)
      at Object.<anonymous> (src/components/event/__tests__/TicketTierEditSheet.issue1959.tester.adversarial.test.tsx:112:25)

    console.error
      react-test-renderer is deprecated. See https://react.dev/warnings/react-test-renderer

      85 |   let tree: Tree | undefined;
      86 |   await Renderer.act(() => {
    > 87 |     tree = Renderer.create(
         |                     ^
      88 |       <TicketTierEditSheet
      89 |         visible
      90 |         initial={initial}

      at Object.<anonymous>.process.env.NODE_ENV.exports.create (node_modules/react-test-renderer/cjs/react-test-renderer.development.js:14598:17)
      at src/components/event/__tests__/TicketTierEditSheet.issue1959.tester.adversarial.test.tsx:87:21
      at Object.<anonymous>.process.env.NODE_ENV.exports.act (node_modules/react/cjs/react.development.js:789:22)
      at render (src/components/event/__tests__/TicketTierEditSheet.issue1959.tester.adversarial.test.tsx:86:18)
      at Object.<anonymous> (src/components/event/__tests__/TicketTierEditSheet.issue1959.tester.adversarial.test.tsx:136:28)

PASS src/components/event/__tests__/issue_1902_public_event_transition_overlays.test.tsx (5.284 s)
  ● Console

    console.error
      react-test-renderer is deprecated. See https://react.dev/warnings/react-test-renderer

      303 |   let tree!: Renderer;
      304 |   await act(async () => {
    > 305 |     tree = TestRenderer.create(
          |                         ^
      306 |       <PublicEventPage
      307 |         event={liveEvent("event", "1970-01-01T00:00:02.000Z") as never}
      308 |         brand={brand as never}

      at Object.<anonymous>.process.env.NODE_ENV.exports.create (node_modules/react-test-renderer/cjs/react-test-renderer.development.js:14598:17)
      at src/components/event/__tests__/issue_1902_public_event_transition_overlays.test.tsx:305:25
      at Object.<anonymous>.process.env.NODE_ENV.exports.act (node_modules/react/cjs/react.development.js:789:22)
      at Object.<anonymous> (src/components/event/__tests__/issue_1902_public_event_transition_overlays.test.tsx:304:9)

    console.error
      react-test-renderer is deprecated. See https://react.dev/warnings/react-test-renderer

      332 |   let tree!: Renderer;
      333 |   await act(async () => {
    > 334 |     tree = TestRenderer.create(
          |                         ^
      335 |       <PublicEventPage
      336 |         event={liveEvent("rsvp", "1970-01-01T00:00:03.000Z") as never}
      337 |         brand={brand as never}

      at Object.<anonymous>.process.env.NODE_ENV.exports.create (node_modules/react-test-renderer/cjs/react-test-renderer.development.js:14598:17)
      at src/components/event/__tests__/issue_1902_public_event_transition_overlays.test.tsx:334:25
      at Object.<anonymous>.process.env.NODE_ENV.exports.act (node_modules/react/cjs/react.development.js:789:22)
      at Object.<anonymous> (src/components/event/__tests__/issue_1902_public_event_transition_overlays.test.tsx:333:9)

PASS src/components/event/__tests__/CreatorStep7Preview.refactorParity.test.tsx
PASS src/components/event/__tests__/creatorDescriptionRevealDeferred.1027.regression.test.ts
PASS src/components/event/__tests__/issue_3314_bundle_hide_remaining_page.implementor.test.tsx (7.028 s)
  ● Console

    console.error
      react-test-renderer is deprecated. See https://react.dev/warnings/react-test-renderer

      372 |   let renderer!: RendererInstance;
      373 |   act(() => {
    > 374 |     renderer = TestRenderer.create(element);
          |                             ^
      375 |   });
      376 |   mounted.push(renderer);
      377 |   return JSON.stringify(renderer.toJSON());

      at Object.<anonymous>.process.env.NODE_ENV.exports.create (node_modules/react-test-renderer/cjs/react-test-renderer.development.js:14598:17)
      at src/components/event/__tests__/issue_3314_bundle_hide_remaining_page.implementor.test.tsx:374:29
      at Object.<anonymous>.process.env.NODE_ENV.exports.act (node_modules/react/cjs/react.development.js:789:22)
      at mount (src/components/event/__tests__/issue_3314_bundle_hide_remaining_page.implementor.test.tsx:373:3)
      at renderPage (src/components/event/__tests__/issue_3314_bundle_hide_remaining_page.implementor.test.tsx:398:5)
      at Object.<anonymous> (src/components/event/__tests__/issue_3314_bundle_hide_remaining_page.implementor.test.tsx:411:18)

    console.error
      react-test-renderer is deprecated. See https://react.dev/warnings/react-test-renderer

      372 |   let renderer!: RendererInstance;
      373 |   act(() => {
    > 374 |     renderer = TestRenderer.create(element);
          |                             ^
      375 |   });
      376 |   mounted.push(renderer);
      377 |   return JSON.stringify(renderer.toJSON());

      at Object.<anonymous>.process.env.NODE_ENV.exports.create (node_modules/react-test-renderer/cjs/react-test-renderer.development.js:14598:17)
      at src/components/event/__tests__/issue_3314_bundle_hide_remaining_page.implementor.test.tsx:374:29
      at Object.<anonymous>.process.env.NODE_ENV.exports.act (node_modules/react/cjs/react.development.js:789:22)
      at mount (src/components/event/__tests__/issue_3314_bundle_hide_remaining_page.implementor.test.tsx:373:3)
      at renderPage (src/components/event/__tests__/issue_3314_bundle_hide_remaining_page.implementor.test.tsx:398:5)
      at Object.<anonymous> (src/components/event/__tests__/issue_3314_bundle_hide_remaining_page.implementor.test.tsx:418:18)

    console.error
      react-test-renderer is deprecated. See https://react.dev/warnings/react-test-renderer

      372 |   let renderer!: RendererInstance;
      373 |   act(() => {
    > 374 |     renderer = TestRenderer.create(element);
          |                             ^
      375 |   });
      376 |   mounted.push(renderer);
      377 |   return JSON.stringify(renderer.toJSON());

      at Object.<anonymous>.process.env.NODE_ENV.exports.create (node_modules/react-test-renderer/cjs/react-test-renderer.development.js:14598:17)
      at src/components/event/__tests__/issue_3314_bundle_hide_remaining_page.implementor.test.tsx:374:29
      at Object.<anonymous>.process.env.NODE_ENV.exports.act (node_modules/react/cjs/react.development.js:789:22)
      at mount (src/components/event/__tests__/issue_3314_bundle_hide_remaining_page.implementor.test.tsx:373:3)
      at renderPage (src/components/event/__tests__/issue_3314_bundle_hide_remaining_page.implementor.test.tsx:398:5)
      at Object.<anonymous> (src/components/event/__tests__/issue_3314_bundle_hide_remaining_page.implementor.test.tsx:424:18)

    console.error
      react-test-renderer is deprecated. See https://react.dev/warnings/react-test-renderer

      372 |   let renderer!: RendererInstance;
      373 |   act(() => {
    > 374 |     renderer = TestRenderer.create(element);
          |                             ^
      375 |   });
      376 |   mounted.push(renderer);
      377 |   return JSON.stringify(renderer.toJSON());

      at Object.<anonymous>.process.env.NODE_ENV.exports.create (node_modules/react-test-renderer/cjs/react-test-renderer.development.js:14598:17)
      at src/components/event/__tests__/issue_3314_bundle_hide_remaining_page.implementor.test.tsx:374:29
      at Object.<anonymous>.process.env.NODE_ENV.exports.act (node_modules/react/cjs/react.development.js:789:22)
      at mount (src/components/event/__tests__/issue_3314_bundle_hide_remaining_page.implementor.test.tsx:373:3)
      at renderPage (src/components/event/__tests__/issue_3314_bundle_hide_remaining_page.implementor.test.tsx:398:5)
      at Object.<anonymous> (src/components/event/__tests__/issue_3314_bundle_hide_remaining_page.implementor.test.tsx:431:18)

    console.error
      react-test-renderer is deprecated. See https://react.dev/warnings/react-test-renderer

      372 |   let renderer!: RendererInstance;
      373 |   act(() => {
    > 374 |     renderer = TestRenderer.create(element);
          |                             ^
      375 |   });
      376 |   mounted.push(renderer);
      377 |   return JSON.stringify(renderer.toJSON());

      at Object.<anonymous>.process.env.NODE_ENV.exports.create (node_modules/react-test-renderer/cjs/react-test-renderer.development.js:14598:17)
      at src/components/event/__tests__/issue_3314_bundle_hide_remaining_page.implementor.test.tsx:374:29
      at Object.<anonymous>.process.env.NODE_ENV.exports.act (node_modules/react/cjs/react.development.js:789:22)
      at mount (src/components/event/__tests__/issue_3314_bundle_hide_remaining_page.implementor.test.tsx:373:3)
      at renderPage (src/components/event/__tests__/issue_3314_bundle_hide_remaining_page.implementor.test.tsx:398:5)
      at Object.<anonymous> (src/components/event/__tests__/issue_3314_bundle_hide_remaining_page.implementor.test.tsx:438:18)

    console.error
      react-test-renderer is deprecated. See https://react.dev/warnings/react-test-renderer

      372 |   let renderer!: RendererInstance;
      373 |   act(() => {
    > 374 |     renderer = TestRenderer.create(element);
          |                             ^
      375 |   });
      376 |   mounted.push(renderer);
      377 |   return JSON.stringify(renderer.toJSON());

      at Object.<anonymous>.process.env.NODE_ENV.exports.create (node_modules/react-test-renderer/cjs/react-test-renderer.development.js:14598:17)
      at src/components/event/__tests__/issue_3314_bundle_hide_remaining_page.implementor.test.tsx:374:29
      at Object.<anonymous>.process.env.NODE_ENV.exports.act (node_modules/react/cjs/react.development.js:789:22)
      at mount (src/components/event/__tests__/issue_3314_bundle_hide_remaining_page.implementor.test.tsx:373:3)
      at renderPage (src/components/event/__tests__/issue_3314_bundle_hide_remaining_page.implementor.test.tsx:398:5)
      at Object.<anonymous> (src/components/event/__tests__/issue_3314_bundle_hide_remaining_page.implementor.test.tsx:444:18)

    console.error
      react-test-renderer is deprecated. See https://react.dev/warnings/react-test-renderer

      372 |   let renderer!: RendererInstance;
      373 |   act(() => {
    > 374 |     renderer = TestRenderer.create(element);
          |                             ^
      375 |   });
      376 |   mounted.push(renderer);
      377 |   return JSON.stringify(renderer.toJSON());

      at Object.<anonymous>.process.env.NODE_ENV.exports.create (node_modules/react-test-renderer/cjs/react-test-renderer.development.js:14598:17)
      at src/components/event/__tests__/issue_3314_bundle_hide_remaining_page.implementor.test.tsx:374:29
      at Object.<anonymous>.process.env.NODE_ENV.exports.act (node_modules/react/cjs/react.development.js:789:22)
      at mount (src/components/event/__tests__/issue_3314_bundle_hide_remaining_page.implementor.test.tsx:373:3)
      at renderPage (src/components/event/__tests__/issue_3314_bundle_hide_remaining_page.implementor.test.tsx:398:5)
      at Object.<anonymous> (src/components/event/__tests__/issue_3314_bundle_hide_remaining_page.implementor.test.tsx:450:12)

    console.error
      react-test-renderer is deprecated. See https://react.dev/warnings/react-test-renderer

      372 |   let renderer!: RendererInstance;
      373 |   act(() => {
    > 374 |     renderer = TestRenderer.create(element);
          |                             ^
      375 |   });
      376 |   mounted.push(renderer);
      377 |   return JSON.stringify(renderer.toJSON());

      at Object.<anonymous>.process.env.NODE_ENV.exports.create (node_modules/react-test-renderer/cjs/react-test-renderer.development.js:14598:17)
      at src/components/event/__tests__/issue_3314_bundle_hide_remaining_page.implementor.test.tsx:374:29
      at Object.<anonymous>.process.env.NODE_ENV.exports.act (node_modules/react/cjs/react.development.js:789:22)
      at mount (src/components/event/__tests__/issue_3314_bundle_hide_remaining_page.implementor.test.tsx:373:3)
      at renderPage (src/components/event/__tests__/issue_3314_bundle_hide_remaining_page.implementor.test.tsx:398:5)
      at Object.<anonymous> (src/components/event/__tests__/issue_3314_bundle_hide_remaining_page.implementor.test.tsx:451:12)

    console.error
      react-test-renderer is deprecated. See https://react.dev/warnings/react-test-renderer

      372 |   let renderer!: RendererInstance;
      373 |   act(() => {
    > 374 |     renderer = TestRenderer.create(element);
          |                             ^
      375 |   });
      376 |   mounted.push(renderer);
      377 |   return JSON.stringify(renderer.toJSON());

      at Object.<anonymous>.process.env.NODE_ENV.exports.create (node_modules/react-test-renderer/cjs/react-test-renderer.development.js:14598:17)
      at src/components/event/__tests__/issue_3314_bundle_hide_remaining_page.implementor.test.tsx:374:29
      at Object.<anonymous>.process.env.NODE_ENV.exports.act (node_modules/react/cjs/react.development.js:789:22)
      at mount (src/components/event/__tests__/issue_3314_bundle_hide_remaining_page.implementor.test.tsx:373:3)
      at renderPage (src/components/event/__tests__/issue_3314_bundle_hide_remaining_page.implementor.test.tsx:398:5)
      at Object.<anonymous> (src/components/event/__tests__/issue_3314_bundle_hide_remaining_page.implementor.test.tsx:456:12)

    console.error
      react-test-renderer is deprecated. See https://react.dev/warnings/react-test-renderer

      372 |   let renderer!: RendererInstance;
      373 |   act(() => {
    > 374 |     renderer = TestRenderer.create(element);
          |                             ^
      375 |   });
      376 |   mounted.push(renderer);
      377 |   return JSON.stringify(renderer.toJSON());

      at Object.<anonymous>.process.env.NODE_ENV.exports.create (node_modules/react-test-renderer/cjs/react-test-renderer.development.js:14598:17)
      at src/components/event/__tests__/issue_3314_bundle_hide_remaining_page.implementor.test.tsx:374:29
      at Object.<anonymous>.process.env.NODE_ENV.exports.act (node_modules/react/cjs/react.development.js:789:22)
      at mount (src/components/event/__tests__/issue_3314_bundle_hide_remaining_page.implementor.test.tsx:373:3)
      at renderPage (src/components/event/__tests__/issue_3314_bundle_hide_remaining_page.implementor.test.tsx:398:5)
      at Object.<anonymous> (src/components/event/__tests__/issue_3314_bundle_hide_remaining_page.implementor.test.tsx:462:19)

    console.error
      react-test-renderer is deprecated. See https://react.dev/warnings/react-test-renderer

      372 |   let renderer!: RendererInstance;
      373 |   act(() => {
    > 374 |     renderer = TestRenderer.create(element);
          |                             ^
      375 |   });
      376 |   mounted.push(renderer);
      377 |   return JSON.stringify(renderer.toJSON());

      at Object.<anonymous>.process.env.NODE_ENV.exports.create (node_modules/react-test-renderer/cjs/react-test-renderer.development.js:14598:17)
      at src/components/event/__tests__/issue_3314_bundle_hide_remaining_page.implementor.test.tsx:374:29
      at Object.<anonymous>.process.env.NODE_ENV.exports.act (node_modules/react/cjs/react.development.js:789:22)
      at mount (src/components/event/__tests__/issue_3314_bundle_hide_remaining_page.implementor.test.tsx:373:3)
      at renderPage (src/components/event/__tests__/issue_3314_bundle_hide_remaining_page.implementor.test.tsx:398:5)
      at Object.<anonymous> (src/components/event/__tests__/issue_3314_bundle_hide_remaining_page.implementor.test.tsx:464:20)

PASS src/components/event/__tests__/issue_3350_ticket_errors_wait_for_blur.test.tsx (9.282 s)
  ● Console

    console.error
      react-test-renderer is deprecated. See https://react.dev/warnings/react-test-renderer

      124 |   let tree: Tree | undefined;
      125 |   await TestRenderer.act(() => {
    > 126 |     tree = TestRenderer.create(
          |                         ^
      127 |       <TicketTierEditSheet
      128 |         visible
      129 |         initial={null}

      at Object.<anonymous>.process.env.NODE_ENV.exports.create (node_modules/react-test-renderer/cjs/react-test-renderer.development.js:14598:17)
      at src/components/event/__tests__/issue_3350_ticket_errors_wait_for_blur.test.tsx:126:25
      at Object.<anonymous>.process.env.NODE_ENV.exports.act (node_modules/react/cjs/react.development.js:789:22)
      at mount (src/components/event/__tests__/issue_3350_ticket_errors_wait_for_blur.test.tsx:125:22)
      at Object.<anonymous> (src/components/event/__tests__/issue_3350_ticket_errors_wait_for_blur.test.tsx:168:24)

    console.error
      react-test-renderer is deprecated. See https://react.dev/warnings/react-test-renderer

      124 |   let tree: Tree | undefined;
      125 |   await TestRenderer.act(() => {
    > 126 |     tree = TestRenderer.create(
          |                         ^
      127 |       <TicketTierEditSheet
      128 |         visible
      129 |         initial={null}

      at Object.<anonymous>.process.env.NODE_ENV.exports.create (node_modules/react-test-renderer/cjs/react-test-renderer.development.js:14598:17)
      at src/components/event/__tests__/issue_3350_ticket_errors_wait_for_blur.test.tsx:126:25
      at Object.<anonymous>.process.env.NODE_ENV.exports.act (node_modules/react/cjs/react.development.js:789:22)
      at mount (src/components/event/__tests__/issue_3350_ticket_errors_wait_for_blur.test.tsx:125:22)
      at Object.<anonymous> (src/components/event/__tests__/issue_3350_ticket_errors_wait_for_blur.test.tsx:194:24)

    console.error
      react-test-renderer is deprecated. See https://react.dev/warnings/react-test-renderer

      124 |   let tree: Tree | undefined;
      125 |   await TestRenderer.act(() => {
    > 126 |     tree = TestRenderer.create(
          |                         ^
      127 |       <TicketTierEditSheet
      128 |         visible
      129 |         initial={null}

      at Object.<anonymous>.process.env.NODE_ENV.exports.create (node_modules/react-test-renderer/cjs/react-test-renderer.development.js:14598:17)
      at src/components/event/__tests__/issue_3350_ticket_errors_wait_for_blur.test.tsx:126:25
      at Object.<anonymous>.process.env.NODE_ENV.exports.act (node_modules/react/cjs/react.development.js:789:22)
      at mount (src/components/event/__tests__/issue_3350_ticket_errors_wait_for_blur.test.tsx:125:22)
      at Object.<anonymous> (src/components/event/__tests__/issue_3350_ticket_errors_wait_for_blur.test.tsx:218:24)

    console.error
      react-test-renderer is deprecated. See https://react.dev/warnings/react-test-renderer

      124 |   let tree: Tree | undefined;
      125 |   await TestRenderer.act(() => {
    > 126 |     tree = TestRenderer.create(
          |                         ^
      127 |       <TicketTierEditSheet
      128 |         visible
      129 |         initial={null}

      at Object.<anonymous>.process.env.NODE_ENV.exports.create (node_modules/react-test-renderer/cjs/react-test-renderer.development.js:14598:17)
      at src/components/event/__tests__/issue_3350_ticket_errors_wait_for_blur.test.tsx:126:25
      at Object.<anonymous>.process.env.NODE_ENV.exports.act (node_modules/react/cjs/react.development.js:789:22)
      at mount (src/components/event/__tests__/issue_3350_ticket_errors_wait_for_blur.test.tsx:125:22)
      at Object.<anonymous> (src/components/event/__tests__/issue_3350_ticket_errors_wait_for_blur.test.tsx:233:22)

    console.error
      react-test-renderer is deprecated. See https://react.dev/warnings/react-test-renderer

      124 |   let tree: Tree | undefined;
      125 |   await TestRenderer.act(() => {
    > 126 |     tree = TestRenderer.create(
          |                         ^
      127 |       <TicketTierEditSheet
      128 |         visible
      129 |         initial={null}

      at Object.<anonymous>.process.env.NODE_ENV.exports.create (node_modules/react-test-renderer/cjs/react-test-renderer.development.js:14598:17)
      at src/components/event/__tests__/issue_3350_ticket_errors_wait_for_blur.test.tsx:126:25
      at Object.<anonymous>.process.env.NODE_ENV.exports.act (node_modules/react/cjs/react.development.js:789:22)
      at mount (src/components/event/__tests__/issue_3350_ticket_errors_wait_for_blur.test.tsx:125:22)
      at Object.<anonymous> (src/components/event/__tests__/issue_3350_ticket_errors_wait_for_blur.test.tsx:240:18)

    console.error
      react-test-renderer is deprecated. See https://react.dev/warnings/react-test-renderer

      124 |   let tree: Tree | undefined;
      125 |   await TestRenderer.act(() => {
    > 126 |     tree = TestRenderer.create(
          |                         ^
      127 |       <TicketTierEditSheet
      128 |         visible
      129 |         initial={null}

      at Object.<anonymous>.process.env.NODE_ENV.exports.create (node_modules/react-test-renderer/cjs/react-test-renderer.development.js:14598:17)
      at src/components/event/__tests__/issue_3350_ticket_errors_wait_for_blur.test.tsx:126:25
      at Object.<anonymous>.process.env.NODE_ENV.exports.act (node_modules/react/cjs/react.development.js:789:22)
      at mount (src/components/event/__tests__/issue_3350_ticket_errors_wait_for_blur.test.tsx:125:22)
      at Object.<anonymous> (src/components/event/__tests__/issue_3350_ticket_errors_wait_for_blur.test.tsx:248:24)

PASS src/components/event/__tests__/orch_1186_wizard_map_preview.test.ts
PASS src/components/event/__tests__/issue_1035_stale_closure_dep_tester.test.ts
PASS src/components/event/__tests__/EventTicketCheckoutAccessCard.issue2101.native.test.tsx
PASS src/components/event/__tests__/EventListCard_defensiveFilter.test.tsx
PASS src/components/event/__tests__/issue2333UnmappedPublishGuard.test.tsx
PASS src/components/event/__tests__/issue_2399_multiday_picker_ticket_box.happy.test.tsx
  ● Console

    console.error
      react-test-renderer is deprecated. See https://react.dev/warnings/react-test-renderer

      71 |   let tree!: Tree;
      72 |   await act(() => {
    > 73 |     tree = TestRenderer.create(
         |                         ^
      74 |       <EventTicketBox
      75 |         event={{
      76 |           id: "event-2399",

      at Object.<anonymous>.process.env.NODE_ENV.exports.create (node_modules/react-test-renderer/cjs/react-test-renderer.development.js:14598:17)
      at src/components/event/__tests__/issue_2399_multiday_picker_ticket_box.happy.test.tsx:73:25
      at Object.<anonymous>.process.env.NODE_ENV.exports.act (node_modules/react/cjs/react.development.js:789:22)
      at mountBox (src/components/event/__tests__/issue_2399_multiday_picker_ticket_box.happy.test.tsx:72:9)
      at Object.<anonymous> (src/components/event/__tests__/issue_2399_multiday_picker_ticket_box.happy.test.tsx:97:24)

    console.error
      An update to Root inside a test was not wrapped in act(...).
      
      When testing, code that causes React state updates should be wrapped into act(...):
      
      act(() => {
        /* fire events that update state */
      });
      /* assert on the output */
      
      This ensures that you're testing the behavior the user would see in the browser. Learn more at https://react.dev/link/wrap-tests-with-act

      107 |     );
      108 |     expect(rendered).toContain("£20");
    > 109 |     tree.unmount();
          |          ^
      110 |   });
      111 |
      112 |   test("zero selected days keeps Total unknown and the CTA in recovery", async () => {

      at node_modules/react-test-renderer/cjs/react-test-renderer.development.js:11801:19
      at runWithFiberInDEV (node_modules/react-test-renderer/cjs/react-test-renderer.development.js:1574:13)
      at warnIfUpdatesNotWrappedWithActDEV (node_modules/react-test-renderer/cjs/react-test-renderer.development.js:11800:9)
      at scheduleUpdateOnFiber (node_modules/react-test-renderer/cjs/react-test-renderer.development.js:10326:9)
      at updateContainerImpl (node_modules/react-test-renderer/cjs/react-test-renderer.development.js:12382:10)
      at updateContainer (node_modules/react-test-renderer/cjs/react-test-renderer.development.js:12326:7)
      at Object.unmount (node_modules/react-test-renderer/cjs/react-test-renderer.development.js:14674:14)
      at Object.<anonymous> (src/components/event/__tests__/issue_2399_multiday_picker_ticket_box.happy.test.tsx:109:10)

    console.error
      react-test-renderer is deprecated. See https://react.dev/warnings/react-test-renderer

      71 |   let tree!: Tree;
      72 |   await act(() => {
    > 73 |     tree = TestRenderer.create(
         |                         ^
      74 |       <EventTicketBox
      75 |         event={{
      76 |           id: "event-2399",

      at Object.<anonymous>.process.env.NODE_ENV.exports.create (node_modules/react-test-renderer/cjs/react-test-renderer.development.js:14598:17)
      at src/components/event/__tests__/issue_2399_multiday_picker_ticket_box.happy.test.tsx:73:25
      at Object.<anonymous>.process.env.NODE_ENV.exports.act (node_modules/react/cjs/react.development.js:789:22)
      at mountBox (src/components/event/__tests__/issue_2399_multiday_picker_ticket_box.happy.test.tsx:72:9)
      at Object.<anonymous> (src/components/event/__tests__/issue_2399_multiday_picker_ticket_box.happy.test.tsx:113:24)

    console.error
      An update to Root inside a test was not wrapped in act(...).
      
      When testing, code that causes React state updates should be wrapped into act(...):
      
      act(() => {
        /* fire events that update state */
      });
      /* assert on the output */
      
      This ensures that you're testing the behavior the user would see in the browser. Learn more at https://react.dev/link/wrap-tests-with-act

      124 |         .accessibilityLabel,
      125 |     ).toBe("Pick at least one day above");
    > 126 |     tree.unmount();
          |          ^
      127 |   });
      128 |
      129 |   test("omitting #2399 context preserves the true single-day rendered tree", async () => {

      at node_modules/react-test-renderer/cjs/react-test-renderer.development.js:11801:19
      at runWithFiberInDEV (node_modules/react-test-renderer/cjs/react-test-renderer.development.js:1574:13)
      at warnIfUpdatesNotWrappedWithActDEV (node_modules/react-test-renderer/cjs/react-test-renderer.development.js:11800:9)
      at scheduleUpdateOnFiber (node_modules/react-test-renderer/cjs/react-test-renderer.development.js:10326:9)
      at updateContainerImpl (node_modules/react-test-renderer/cjs/react-test-renderer.development.js:12382:10)
      at updateContainer (node_modules/react-test-renderer/cjs/react-test-renderer.development.js:12326:7)
      at Object.unmount (node_modules/react-test-renderer/cjs/react-test-renderer.development.js:14674:14)
      at Object.<anonymous> (src/components/event/__tests__/issue_2399_multiday_picker_ticket_box.happy.test.tsx:126:10)

    console.error
      react-test-renderer is deprecated. See https://react.dev/warnings/react-test-renderer

      71 |   let tree!: Tree;
      72 |   await act(() => {
    > 73 |     tree = TestRenderer.create(
         |                         ^
      74 |       <EventTicketBox
      75 |         event={{
      76 |           id: "event-2399",

      at Object.<anonymous>.process.env.NODE_ENV.exports.create (node_modules/react-test-renderer/cjs/react-test-renderer.development.js:14598:17)
      at src/components/event/__tests__/issue_2399_multiday_picker_ticket_box.happy.test.tsx:73:25
      at Object.<anonymous>.process.env.NODE_ENV.exports.act (node_modules/react/cjs/react.development.js:789:22)
      at mountBox (src/components/event/__tests__/issue_2399_multiday_picker_ticket_box.happy.test.tsx:72:9)
      at Object.<anonymous> (src/components/event/__tests__/issue_2399_multiday_picker_ticket_box.happy.test.tsx:130:27)

    console.error
      react-test-renderer is deprecated. See https://react.dev/warnings/react-test-renderer

      71 |   let tree!: Tree;
      72 |   await act(() => {
    > 73 |     tree = TestRenderer.create(
         |                         ^
      74 |       <EventTicketBox
      75 |         event={{
      76 |           id: "event-2399",

      at Object.<anonymous>.process.env.NODE_ENV.exports.create (node_modules/react-test-renderer/cjs/react-test-renderer.development.js:14598:17)
      at src/components/event/__tests__/issue_2399_multiday_picker_ticket_box.happy.test.tsx:73:25
      at Object.<anonymous>.process.env.NODE_ENV.exports.act (node_modules/react/cjs/react.development.js:789:22)
      at mountBox (src/components/event/__tests__/issue_2399_multiday_picker_ticket_box.happy.test.tsx:72:9)
      at Object.<anonymous> (src/components/event/__tests__/issue_2399_multiday_picker_ticket_box.happy.test.tsx:131:36)

    console.error
      An update to Root inside a test was not wrapped in act(...).
      
      When testing, code that causes React state updates should be wrapped into act(...):
      
      act(() => {
        /* fire events that update state */
      });
      /* assert on the output */
      
      This ensures that you're testing the behavior the user would see in the browser. Learn more at https://react.dev/link/wrap-tests-with-act

      138 |       JSON.stringify(explicitDefaults.toJSON()),
      139 |     );
    > 140 |     omitted.unmount();
          |             ^
      141 |     explicitDefaults.unmount();
      142 |   });
      143 |

      at node_modules/react-test-renderer/cjs/react-test-renderer.development.js:11801:19
      at runWithFiberInDEV (node_modules/react-test-renderer/cjs/react-test-renderer.development.js:1574:13)
      at warnIfUpdatesNotWrappedWithActDEV (node_modules/react-test-renderer/cjs/react-test-renderer.development.js:11800:9)
      at scheduleUpdateOnFiber (node_modules/react-test-renderer/cjs/react-test-renderer.development.js:10326:9)
      at updateContainerImpl (node_modules/react-test-renderer/cjs/react-test-renderer.development.js:12382:10)
      at updateContainer (node_modules/react-test-renderer/cjs/react-test-renderer.development.js:12326:7)
      at Object.unmount (node_modules/react-test-renderer/cjs/react-test-renderer.development.js:14674:14)
      at Object.<anonymous> (src/components/event/__tests__/issue_2399_multiday_picker_ticket_box.happy.test.tsx:140:13)

    console.error
      An update to Root inside a test was not wrapped in act(...).
      
      When testing, code that causes React state updates should be wrapped into act(...):
      
      act(() => {
        /* fire events that update state */
      });
      /* assert on the output */
      
      This ensures that you're testing the behavior the user would see in the browser. Learn more at https://react.dev/link/wrap-tests-with-act

      139 |     );
      140 |     omitted.unmount();
    > 141 |     explicitDefaults.unmount();
          |                      ^
      142 |   });
      143 |
      144 |   test("occurrence truth is valid, deduplicated, and chronological", () => {

      at node_modules/react-test-renderer/cjs/react-test-renderer.development.js:11801:19
      at runWithFiberInDEV (node_modules/react-test-renderer/cjs/react-test-renderer.development.js:1574:13)
      at warnIfUpdatesNotWrappedWithActDEV (node_modules/react-test-renderer/cjs/react-test-renderer.development.js:11800:9)
      at scheduleUpdateOnFiber (node_modules/react-test-renderer/cjs/react-test-renderer.development.js:10326:9)
      at updateContainerImpl (node_modules/react-test-renderer/cjs/react-test-renderer.development.js:12382:10)
      at updateContainer (node_modules/react-test-renderer/cjs/react-test-renderer.development.js:12326:7)
      at Object.unmount (node_modules/react-test-renderer/cjs/react-test-renderer.development.js:14674:14)
      at Object.<anonymous> (src/components/event/__tests__/issue_2399_multiday_picker_ticket_box.happy.test.tsx:141:22)

PASS src/components/event/__tests__/issue_1857_business_rsvp_preview_phone.happy.test.ts
PASS src/components/event/__tests__/issue_3341_naira_price_glyph.test.tsx
  ● Console

    console.error
      react-test-renderer is deprecated. See https://react.dev/warnings/react-test-renderer

      229 |     let tree!: Tree;
      230 |     await TestRenderer.act(() => {
    > 231 |       tree = TestRenderer.create(
          |                           ^
      232 |         <EventTicketBox
      233 |           event={{
      234 |             id: "event-3341",

      at Object.<anonymous>.process.env.NODE_ENV.exports.create (node_modules/react-test-renderer/cjs/react-test-renderer.development.js:14598:17)
      at src/components/event/__tests__/issue_3341_naira_price_glyph.test.tsx:231:27
      at Object.<anonymous>.process.env.NODE_ENV.exports.act (node_modules/react/cjs/react.development.js:789:22)
      at Object.<anonymous> (src/components/event/__tests__/issue_3341_naira_price_glyph.test.tsx:230:24)

    console.error
      react-test-renderer is deprecated. See https://react.dev/warnings/react-test-renderer

      281 |     let tree!: Tree;
      282 |     await TestRenderer.act(() => {
    > 283 |       tree = TestRenderer.create(
          |                           ^
      284 |         <TicketTierEditSheet
      285 |           visible
      286 |           initial={initial}

      at Object.<anonymous>.process.env.NODE_ENV.exports.create (node_modules/react-test-renderer/cjs/react-test-renderer.development.js:14598:17)
      at src/components/event/__tests__/issue_3341_naira_price_glyph.test.tsx:283:27
      at Object.<anonymous>.process.env.NODE_ENV.exports.act (node_modules/react/cjs/react.development.js:789:22)
      at Object.<anonymous> (src/components/event/__tests__/issue_3341_naira_price_glyph.test.tsx:282:24)

PASS src/components/event/__tests__/TicketCheckoutAccessNotice.issue2101.native.test.tsx
PASS src/components/event/__tests__/orch1299_picker_presentation.test.ts
PASS src/components/event/__tests__/issue1043RsvpThemeClearPersists.test.ts
PASS src/components/event/__tests__/issue_2508_ended_offering_address.test.tsx
  ● Console

    console.error
      react-test-renderer is deprecated. See https://react.dev/warnings/react-test-renderer

      162 |   let tree!: Renderer;
      163 |   await act(async () => {
    > 164 |     tree = TestRenderer.create(
          |                         ^
      165 |       <>
      166 |         <EventAcquisitionNotice
      167 |           state={{ kind: "ended", reason: "master_end" }}

      at Object.<anonymous>.process.env.NODE_ENV.exports.create (node_modules/react-test-renderer/cjs/react-test-renderer.development.js:14598:17)
      at src/components/event/__tests__/issue_2508_ended_offering_address.test.tsx:164:25
      at Object.<anonymous>.process.env.NODE_ENV.exports.act (node_modules/react/cjs/react.development.js:789:22)
      at mountEndedPage (src/components/event/__tests__/issue_2508_ended_offering_address.test.tsx:163:9)
      at Object.<anonymous> (src/components/event/__tests__/issue_2508_ended_offering_address.test.tsx:198:24)

    console.error
      react-test-renderer is deprecated. See https://react.dev/warnings/react-test-renderer

      162 |   let tree!: Renderer;
      163 |   await act(async () => {
    > 164 |     tree = TestRenderer.create(
          |                         ^
      165 |       <>
      166 |         <EventAcquisitionNotice
      167 |           state={{ kind: "ended", reason: "master_end" }}

      at Object.<anonymous>.process.env.NODE_ENV.exports.create (node_modules/react-test-renderer/cjs/react-test-renderer.development.js:14598:17)
      at src/components/event/__tests__/issue_2508_ended_offering_address.test.tsx:164:25
      at Object.<anonymous>.process.env.NODE_ENV.exports.act (node_modules/react/cjs/react.development.js:789:22)
      at mountEndedPage (src/components/event/__tests__/issue_2508_ended_offering_address.test.tsx:163:9)
      at Object.<anonymous> (src/components/event/__tests__/issue_2508_ended_offering_address.test.tsx:221:24)

    console.error
      react-test-renderer is deprecated. See https://react.dev/warnings/react-test-renderer

      162 |   let tree!: Renderer;
      163 |   await act(async () => {
    > 164 |     tree = TestRenderer.create(
          |                         ^
      165 |       <>
      166 |         <EventAcquisitionNotice
      167 |           state={{ kind: "ended", reason: "master_end" }}

      at Object.<anonymous>.process.env.NODE_ENV.exports.create (node_modules/react-test-renderer/cjs/react-test-renderer.development.js:14598:17)
      at src/components/event/__tests__/issue_2508_ended_offering_address.test.tsx:164:25
      at Object.<anonymous>.process.env.NODE_ENV.exports.act (node_modules/react/cjs/react.development.js:789:22)
      at mountEndedPage (src/components/event/__tests__/issue_2508_ended_offering_address.test.tsx:163:9)
      at Object.<anonymous> (src/components/event/__tests__/issue_2508_ended_offering_address.test.tsx:239:24)

    console.error
      react-test-renderer is deprecated. See https://react.dev/warnings/react-test-renderer

      162 |   let tree!: Renderer;
      163 |   await act(async () => {
    > 164 |     tree = TestRenderer.create(
          |                         ^
      165 |       <>
      166 |         <EventAcquisitionNotice
      167 |           state={{ kind: "ended", reason: "master_end" }}

      at Object.<anonymous>.process.env.NODE_ENV.exports.create (node_modules/react-test-renderer/cjs/react-test-renderer.development.js:14598:17)
      at src/components/event/__tests__/issue_2508_ended_offering_address.test.tsx:164:25
      at Object.<anonymous>.process.env.NODE_ENV.exports.act (node_modules/react/cjs/react.development.js:789:22)
      at mountEndedPage (src/components/event/__tests__/issue_2508_ended_offering_address.test.tsx:163:9)
      at Object.<anonymous> (src/components/event/__tests__/issue_2508_ended_offering_address.test.tsx:253:24)

    console.error
      react-test-renderer is deprecated. See https://react.dev/warnings/react-test-renderer

      162 |   let tree!: Renderer;
      163 |   await act(async () => {
    > 164 |     tree = TestRenderer.create(
          |                         ^
      165 |       <>
      166 |         <EventAcquisitionNotice
      167 |           state={{ kind: "ended", reason: "master_end" }}

      at Object.<anonymous>.process.env.NODE_ENV.exports.create (node_modules/react-test-renderer/cjs/react-test-renderer.development.js:14598:17)
      at src/components/event/__tests__/issue_2508_ended_offering_address.test.tsx:164:25
      at Object.<anonymous>.process.env.NODE_ENV.exports.act (node_modules/react/cjs/react.development.js:789:22)
      at mountEndedPage (src/components/event/__tests__/issue_2508_ended_offering_address.test.tsx:163:9)
      at Object.<anonymous> (src/components/event/__tests__/issue_2508_ended_offering_address.test.tsx:271:24)

PASS src/components/event/__tests__/coverStepDraftPromotion.issue2974.test.ts
PASS src/components/event/__tests__/issue_2209_public_page_shows_the_days.test.tsx
  ● Console

    console.error
      react-test-renderer is deprecated. See https://react.dev/warnings/react-test-renderer

      336 |   let tree!: Renderer;
      337 |   await act(async () => {
    > 338 |     tree = TestRenderer.create(
          |                         ^
      339 |       <PublicEventPage
      340 |         event={liveEvent(whenMode) as never}
      341 |         brand={brand as never}

      at Object.<anonymous>.process.env.NODE_ENV.exports.create (node_modules/react-test-renderer/cjs/react-test-renderer.development.js:14598:17)
      at src/components/event/__tests__/issue_2209_public_page_shows_the_days.test.tsx:338:25
      at Object.<anonymous>.process.env.NODE_ENV.exports.act (node_modules/react/cjs/react.development.js:789:22)
      at mount (src/components/event/__tests__/issue_2209_public_page_shows_the_days.test.tsx:337:9)
      at Object.<anonymous> (src/components/event/__tests__/issue_2209_public_page_shows_the_days.test.tsx:366:24)

    console.error
      react-test-renderer is deprecated. See https://react.dev/warnings/react-test-renderer

      336 |   let tree!: Renderer;
      337 |   await act(async () => {
    > 338 |     tree = TestRenderer.create(
          |                         ^
      339 |       <PublicEventPage
      340 |         event={liveEvent(whenMode) as never}
      341 |         brand={brand as never}

      at Object.<anonymous>.process.env.NODE_ENV.exports.create (node_modules/react-test-renderer/cjs/react-test-renderer.development.js:14598:17)
      at src/components/event/__tests__/issue_2209_public_page_shows_the_days.test.tsx:338:25
      at Object.<anonymous>.process.env.NODE_ENV.exports.act (node_modules/react/cjs/react.development.js:789:22)
      at mount (src/components/event/__tests__/issue_2209_public_page_shows_the_days.test.tsx:337:9)
      at Object.<anonymous> (src/components/event/__tests__/issue_2209_public_page_shows_the_days.test.tsx:375:24)

    console.error
      react-test-renderer is deprecated. See https://react.dev/warnings/react-test-renderer

      336 |   let tree!: Renderer;
      337 |   await act(async () => {
    > 338 |     tree = TestRenderer.create(
          |                         ^
      339 |       <PublicEventPage
      340 |         event={liveEvent(whenMode) as never}
      341 |         brand={brand as never}

      at Object.<anonymous>.process.env.NODE_ENV.exports.create (node_modules/react-test-renderer/cjs/react-test-renderer.development.js:14598:17)
      at src/components/event/__tests__/issue_2209_public_page_shows_the_days.test.tsx:338:25
      at Object.<anonymous>.process.env.NODE_ENV.exports.act (node_modules/react/cjs/react.development.js:789:22)
      at mount (src/components/event/__tests__/issue_2209_public_page_shows_the_days.test.tsx:337:9)
      at Object.<anonymous> (src/components/event/__tests__/issue_2209_public_page_shows_the_days.test.tsx:385:24)

    console.error
      react-test-renderer is deprecated. See https://react.dev/warnings/react-test-renderer

      336 |   let tree!: Renderer;
      337 |   await act(async () => {
    > 338 |     tree = TestRenderer.create(
          |                         ^
      339 |       <PublicEventPage
      340 |         event={liveEvent(whenMode) as never}
      341 |         brand={brand as never}

      at Object.<anonymous>.process.env.NODE_ENV.exports.create (node_modules/react-test-renderer/cjs/react-test-renderer.development.js:14598:17)
      at src/components/event/__tests__/issue_2209_public_page_shows_the_days.test.tsx:338:25
      at Object.<anonymous>.process.env.NODE_ENV.exports.act (node_modules/react/cjs/react.development.js:789:22)
      at mount (src/components/event/__tests__/issue_2209_public_page_shows_the_days.test.tsx:337:9)
      at Object.<anonymous> (src/components/event/__tests__/issue_2209_public_page_shows_the_days.test.tsx:408:24)

    console.error
      react-test-renderer is deprecated. See https://react.dev/warnings/react-test-renderer

      336 |   let tree!: Renderer;
      337 |   await act(async () => {
    > 338 |     tree = TestRenderer.create(
          |                         ^
      339 |       <PublicEventPage
      340 |         event={liveEvent(whenMode) as never}
      341 |         brand={brand as never}

      at Object.<anonymous>.process.env.NODE_ENV.exports.create (node_modules/react-test-renderer/cjs/react-test-renderer.development.js:14598:17)
      at src/components/event/__tests__/issue_2209_public_page_shows_the_days.test.tsx:338:25
      at Object.<anonymous>.process.env.NODE_ENV.exports.act (node_modules/react/cjs/react.development.js:789:22)
      at mount (src/components/event/__tests__/issue_2209_public_page_shows_the_days.test.tsx:337:9)
      at Object.<anonymous> (src/components/event/__tests__/issue_2209_public_page_shows_the_days.test.tsx:426:24)

    console.error
      react-test-renderer is deprecated. See https://react.dev/warnings/react-test-renderer

      336 |   let tree!: Renderer;
      337 |   await act(async () => {
    > 338 |     tree = TestRenderer.create(
          |                         ^
      339 |       <PublicEventPage
      340 |         event={liveEvent(whenMode) as never}
      341 |         brand={brand as never}

      at Object.<anonymous>.process.env.NODE_ENV.exports.create (node_modules/react-test-renderer/cjs/react-test-renderer.development.js:14598:17)
      at src/components/event/__tests__/issue_2209_public_page_shows_the_days.test.tsx:338:25
      at Object.<anonymous>.process.env.NODE_ENV.exports.act (node_modules/react/cjs/react.development.js:789:22)
      at mount (src/components/event/__tests__/issue_2209_public_page_shows_the_days.test.tsx:337:9)
      at Object.<anonymous> (src/components/event/__tests__/issue_2209_public_page_shows_the_days.test.tsx:441:24)

    console.error
      react-test-renderer is deprecated. See https://react.dev/warnings/react-test-renderer

      336 |   let tree!: Renderer;
      337 |   await act(async () => {
    > 338 |     tree = TestRenderer.create(
          |                         ^
      339 |       <PublicEventPage
      340 |         event={liveEvent(whenMode) as never}
      341 |         brand={brand as never}

      at Object.<anonymous>.process.env.NODE_ENV.exports.create (node_modules/react-test-renderer/cjs/react-test-renderer.development.js:14598:17)
      at src/components/event/__tests__/issue_2209_public_page_shows_the_days.test.tsx:338:25
      at Object.<anonymous>.process.env.NODE_ENV.exports.act (node_modules/react/cjs/react.development.js:789:22)
      at mount (src/components/event/__tests__/issue_2209_public_page_shows_the_days.test.tsx:337:9)
      at Object.<anonymous> (src/components/event/__tests__/issue_2209_public_page_shows_the_days.test.tsx:455:24)

    console.error
      react-test-renderer is deprecated. See https://react.dev/warnings/react-test-renderer

      336 |   let tree!: Renderer;
      337 |   await act(async () => {
    > 338 |     tree = TestRenderer.create(
          |                         ^
      339 |       <PublicEventPage
      340 |         event={liveEvent(whenMode) as never}
      341 |         brand={brand as never}

      at Object.<anonymous>.process.env.NODE_ENV.exports.create (node_modules/react-test-renderer/cjs/react-test-renderer.development.js:14598:17)
      at src/components/event/__tests__/issue_2209_public_page_shows_the_days.test.tsx:338:25
      at Object.<anonymous>.process.env.NODE_ENV.exports.act (node_modules/react/cjs/react.development.js:789:22)
      at mount (src/components/event/__tests__/issue_2209_public_page_shows_the_days.test.tsx:337:9)
      at Object.<anonymous> (src/components/event/__tests__/issue_2209_public_page_shows_the_days.test.tsx:468:24)

PASS src/components/event/__tests__/issue1035ThemeSheetHoisted.test.ts
PASS src/components/event/__tests__/RsvpPublicBody.maybeCta.orch1150r2.test.ts
PASS src/components/event/__tests__/issue1043RsvpThemeWrite.test.ts
PASS src/components/event/__tests__/creatorStep1DescriptionOnFocusReveal.1027.test.ts
PASS src/components/event/__tests__/orch_1027_web_datetime_structural.test.ts
PASS src/components/event/__tests__/issue_1902_public_event_acquisition.tester_adversarial.test.tsx
PASS src/components/event/__tests__/EditPublishedScreen_silent_save_signals.test.ts
PASS src/components/event/__tests__/rsvp_public_guest_page_fixes.test.ts
PASS src/components/event/__tests__/PublicEventPage.closeButton.test.tsx
PASS src/components/event/__tests__/rsvp_public_guest_page_render.test.tsx
  ● Console

    console.error
      react-test-renderer is deprecated. See https://react.dev/warnings/react-test-renderer

      140 |   let tree!: Renderer;
      141 |   await act(async () => {
    > 142 |     tree = TestRenderer.create(<Harness {...props} />, { createNodeMock });
          |                         ^
      143 |   });
      144 |   return tree;
      145 | };

      at Object.<anonymous>.process.env.NODE_ENV.exports.create (node_modules/react-test-renderer/cjs/react-test-renderer.development.js:14598:17)
      at src/components/event/__tests__/rsvp_public_guest_page_render.test.tsx:142:25
      at Object.<anonymous>.process.env.NODE_ENV.exports.act (node_modules/react/cjs/react.development.js:789:22)
      at mount (src/components/event/__tests__/rsvp_public_guest_page_render.test.tsx:141:9)
      at Object.<anonymous> (src/components/event/__tests__/rsvp_public_guest_page_render.test.tsx:169:24)

    console.error
      react-test-renderer is deprecated. See https://react.dev/warnings/react-test-renderer

      140 |   let tree!: Renderer;
      141 |   await act(async () => {
    > 142 |     tree = TestRenderer.create(<Harness {...props} />, { createNodeMock });
          |                         ^
      143 |   });
      144 |   return tree;
      145 | };

      at Object.<anonymous>.process.env.NODE_ENV.exports.create (node_modules/react-test-renderer/cjs/react-test-renderer.development.js:14598:17)
      at src/components/event/__tests__/rsvp_public_guest_page_render.test.tsx:142:25
      at Object.<anonymous>.process.env.NODE_ENV.exports.act (node_modules/react/cjs/react.development.js:789:22)
      at mount (src/components/event/__tests__/rsvp_public_guest_page_render.test.tsx:141:9)
      at Object.<anonymous> (src/components/event/__tests__/rsvp_public_guest_page_render.test.tsx:177:24)

    console.error
      react-test-renderer is deprecated. See https://react.dev/warnings/react-test-renderer

      140 |   let tree!: Renderer;
      141 |   await act(async () => {
    > 142 |     tree = TestRenderer.create(<Harness {...props} />, { createNodeMock });
          |                         ^
      143 |   });
      144 |   return tree;
      145 | };

      at Object.<anonymous>.process.env.NODE_ENV.exports.create (node_modules/react-test-renderer/cjs/react-test-renderer.development.js:14598:17)
      at src/components/event/__tests__/rsvp_public_guest_page_render.test.tsx:142:25
      at Object.<anonymous>.process.env.NODE_ENV.exports.act (node_modules/react/cjs/react.development.js:789:22)
      at mount (src/components/event/__tests__/rsvp_public_guest_page_render.test.tsx:141:9)
      at Object.<anonymous> (src/components/event/__tests__/rsvp_public_guest_page_render.test.tsx:190:24)

    console.error
      react-test-renderer is deprecated. See https://react.dev/warnings/react-test-renderer

      140 |   let tree!: Renderer;
      141 |   await act(async () => {
    > 142 |     tree = TestRenderer.create(<Harness {...props} />, { createNodeMock });
          |                         ^
      143 |   });
      144 |   return tree;
      145 | };

      at Object.<anonymous>.process.env.NODE_ENV.exports.create (node_modules/react-test-renderer/cjs/react-test-renderer.development.js:14598:17)
      at src/components/event/__tests__/rsvp_public_guest_page_render.test.tsx:142:25
      at Object.<anonymous>.process.env.NODE_ENV.exports.act (node_modules/react/cjs/react.development.js:789:22)
      at mount (src/components/event/__tests__/rsvp_public_guest_page_render.test.tsx:141:9)
      at Object.<anonymous> (src/components/event/__tests__/rsvp_public_guest_page_render.test.tsx:204:24)

    console.error
      react-test-renderer is deprecated. See https://react.dev/warnings/react-test-renderer

      140 |   let tree!: Renderer;
      141 |   await act(async () => {
    > 142 |     tree = TestRenderer.create(<Harness {...props} />, { createNodeMock });
          |                         ^
      143 |   });
      144 |   return tree;
      145 | };

      at Object.<anonymous>.process.env.NODE_ENV.exports.create (node_modules/react-test-renderer/cjs/react-test-renderer.development.js:14598:17)
      at src/components/event/__tests__/rsvp_public_guest_page_render.test.tsx:142:25
      at Object.<anonymous>.process.env.NODE_ENV.exports.act (node_modules/react/cjs/react.development.js:789:22)
      at mount (src/components/event/__tests__/rsvp_public_guest_page_render.test.tsx:141:9)
      at Object.<anonymous> (src/components/event/__tests__/rsvp_public_guest_page_render.test.tsx:228:24)

    console.error
      react-test-renderer is deprecated. See https://react.dev/warnings/react-test-renderer

      140 |   let tree!: Renderer;
      141 |   await act(async () => {
    > 142 |     tree = TestRenderer.create(<Harness {...props} />, { createNodeMock });
          |                         ^
      143 |   });
      144 |   return tree;
      145 | };

      at Object.<anonymous>.process.env.NODE_ENV.exports.create (node_modules/react-test-renderer/cjs/react-test-renderer.development.js:14598:17)
      at src/components/event/__tests__/rsvp_public_guest_page_render.test.tsx:142:25
      at Object.<anonymous>.process.env.NODE_ENV.exports.act (node_modules/react/cjs/react.development.js:789:22)
      at mount (src/components/event/__tests__/rsvp_public_guest_page_render.test.tsx:141:9)
      at Object.<anonymous> (src/components/event/__tests__/rsvp_public_guest_page_render.test.tsx:243:24)

    console.error
      react-test-renderer is deprecated. See https://react.dev/warnings/react-test-renderer

      140 |   let tree!: Renderer;
      141 |   await act(async () => {
    > 142 |     tree = TestRenderer.create(<Harness {...props} />, { createNodeMock });
          |                         ^
      143 |   });
      144 |   return tree;
      145 | };

      at Object.<anonymous>.process.env.NODE_ENV.exports.create (node_modules/react-test-renderer/cjs/react-test-renderer.development.js:14598:17)
      at src/components/event/__tests__/rsvp_public_guest_page_render.test.tsx:142:25
      at Object.<anonymous>.process.env.NODE_ENV.exports.act (node_modules/react/cjs/react.development.js:789:22)
      at mount (src/components/event/__tests__/rsvp_public_guest_page_render.test.tsx:141:9)
      at Object.<anonymous> (src/components/event/__tests__/rsvp_public_guest_page_render.test.tsx:293:24)

    console.error
      react-test-renderer is deprecated. See https://react.dev/warnings/react-test-renderer

      310 |     let tree!: Renderer;
      311 |     await act(async () => {
    > 312 |       tree = TestRenderer.create(<Harness restoredRsvp={snapshot} />, { createNodeMock });
          |                           ^
      313 |     });
      314 |     expect(byTestID(tree, "orch-1150-rsvp-going")[0].props.accessibilityLabel).toBe("You're going");
      315 |     await act(async () => {

      at Object.<anonymous>.process.env.NODE_ENV.exports.create (node_modules/react-test-renderer/cjs/react-test-renderer.development.js:14598:17)
      at src/components/event/__tests__/rsvp_public_guest_page_render.test.tsx:312:27
      at Object.<anonymous>.process.env.NODE_ENV.exports.act (node_modules/react/cjs/react.development.js:789:22)
      at Object.<anonymous> (src/components/event/__tests__/rsvp_public_guest_page_render.test.tsx:311:11)

    console.error
      react-test-renderer is deprecated. See https://react.dev/warnings/react-test-renderer

      140 |   let tree!: Renderer;
      141 |   await act(async () => {
    > 142 |     tree = TestRenderer.create(<Harness {...props} />, { createNodeMock });
          |                         ^
      143 |   });
      144 |   return tree;
      145 | };

      at Object.<anonymous>.process.env.NODE_ENV.exports.create (node_modules/react-test-renderer/cjs/react-test-renderer.development.js:14598:17)
      at src/components/event/__tests__/rsvp_public_guest_page_render.test.tsx:142:25
      at Object.<anonymous>.process.env.NODE_ENV.exports.act (node_modules/react/cjs/react.development.js:789:22)
      at mount (src/components/event/__tests__/rsvp_public_guest_page_render.test.tsx:141:9)
      at Object.<anonymous> (src/components/event/__tests__/rsvp_public_guest_page_render.test.tsx:330:24)

    console.error
      react-test-renderer is deprecated. See https://react.dev/warnings/react-test-renderer

      352 |     let tree!: Renderer;
      353 |     await act(async () => {
    > 354 |       tree = TestRenderer.create(
          |                           ^
      355 |         <RsvpMomentumDecision
      356 |           palette={palette}
      357 |           theme={theme}

      at Object.<anonymous>.process.env.NODE_ENV.exports.create (node_modules/react-test-renderer/cjs/react-test-renderer.development.js:14598:17)
      at src/components/event/__tests__/rsvp_public_guest_page_render.test.tsx:354:27
      at Object.<anonymous>.process.env.NODE_ENV.exports.act (node_modules/react/cjs/react.development.js:789:22)
      at render (src/components/event/__tests__/rsvp_public_guest_page_render.test.tsx:353:11)
      at Object.<anonymous> (src/components/event/__tests__/rsvp_public_guest_page_render.test.tsx:384:25)

    console.error
      react-test-renderer is deprecated. See https://react.dev/warnings/react-test-renderer

      352 |     let tree!: Renderer;
      353 |     await act(async () => {
    > 354 |       tree = TestRenderer.create(
          |                           ^
      355 |         <RsvpMomentumDecision
      356 |           palette={palette}
      357 |           theme={theme}

      at Object.<anonymous>.process.env.NODE_ENV.exports.create (node_modules/react-test-renderer/cjs/react-test-renderer.development.js:14598:17)
      at src/components/event/__tests__/rsvp_public_guest_page_render.test.tsx:354:27
      at Object.<anonymous>.process.env.NODE_ENV.exports.act (node_modules/react/cjs/react.development.js:789:22)
      at render (src/components/event/__tests__/rsvp_public_guest_page_render.test.tsx:353:11)
      at Object.<anonymous> (src/components/event/__tests__/rsvp_public_guest_page_render.test.tsx:386:26)

    console.error
      react-test-renderer is deprecated. See https://react.dev/warnings/react-test-renderer

      352 |     let tree!: Renderer;
      353 |     await act(async () => {
    > 354 |       tree = TestRenderer.create(
          |                           ^
      355 |         <RsvpMomentumDecision
      356 |           palette={palette}
      357 |           theme={theme}

      at Object.<anonymous>.process.env.NODE_ENV.exports.create (node_modules/react-test-renderer/cjs/react-test-renderer.development.js:14598:17)
      at src/components/event/__tests__/rsvp_public_guest_page_render.test.tsx:354:27
      at Object.<anonymous>.process.env.NODE_ENV.exports.act (node_modules/react/cjs/react.development.js:789:22)
      at render (src/components/event/__tests__/rsvp_public_guest_page_render.test.tsx:353:11)
      at Object.<anonymous> (src/components/event/__tests__/rsvp_public_guest_page_render.test.tsx:391:24)

A worker process has failed to exit gracefully and has been force exited. This is likely caused by tests leaking due to improper teardown. Try running with --detectOpenHandles to find leaks. Active timers can also cause this, ensure that .unref() was called on them.

Test Suites: 66 passed, 66 total
Tests:       534 passed, 534 total
Snapshots:   0 total
Time:        239.629 s
Ran all test suites matching /src\/components\/event|src\/services\/__tests__\/unlisted_rsvp_invite_link.test.ts|src\/services\/__tests__\/rsvpEvents.orch1150.test.ts|src\/services\/__tests__\/issue1977RsvpLifecycle.test.ts/i.
EXIT=0
